-- phpMyAdmin SQL Dump
-- version 4.0.10.7
-- http://www.phpmyadmin.net
--
-- Servidor: localhost:3306
-- Tiempo de generación: 20-11-2015 a las 14:38:22
-- Versión del servidor: 5.5.46-cll
-- Versión de PHP: 5.4.31

SET SQL_MODE = "NO_AUTO_VALUE_ON_ZERO";
SET time_zone = "+00:00";


/*!40101 SET @OLD_CHARACTER_SET_CLIENT=@@CHARACTER_SET_CLIENT */;
/*!40101 SET @OLD_CHARACTER_SET_RESULTS=@@CHARACTER_SET_RESULTS */;
/*!40101 SET @OLD_COLLATION_CONNECTION=@@COLLATION_CONNECTION */;
/*!40101 SET NAMES utf8 */;

--
-- Base de datos: `conaxpor_seguimiento`
--

-- --------------------------------------------------------

--
-- Estructura de tabla para la tabla `abonob`
--

CREATE TABLE IF NOT EXISTS `abonob` (
  `id_abono` int(3) unsigned zerofill NOT NULL AUTO_INCREMENT,
  `fecha_abono` date DEFAULT NULL,
  `id_plan_sg` int(11) DEFAULT NULL,
  `clien_abono` int(11) DEFAULT NULL,
  `valor_abono` double DEFAULT NULL,
  PRIMARY KEY (`id_abono`),
  KEY `id_plan_sg` (`id_plan_sg`),
  KEY `clien_abono` (`clien_abono`)
) ENGINE=InnoDB  DEFAULT CHARSET=utf8 COLLATE=utf8_spanish_ci AUTO_INCREMENT=288 ;

--
-- Volcado de datos para la tabla `abonob`
--

INSERT INTO `abonob` (`id_abono`, `fecha_abono`, `id_plan_sg`, `clien_abono`, `valor_abono`) VALUES
(003, '2014-12-03', 98, 4, 180000),
(004, '2014-12-03', 8, 4, 80000),
(005, '2014-12-10', 127, 61, 150000),
(006, '2014-12-11', 45, 24, 75000),
(007, '2014-12-11', 34, 18, 930000),
(008, '2014-12-11', 128, 24, 60000),
(009, '2014-12-11', 119, 57, 30000),
(010, '2014-12-11', 121, 57, 81000),
(011, '2014-12-11', 120, 57, 27000),
(012, '2014-12-11', 122, 57, 15000),
(013, '2014-12-11', 129, 61, 90000),
(014, '2014-12-11', 130, 61, 45000),
(015, '2014-12-11', 131, 62, 560000),
(016, '2014-12-13', 132, 58, 1160000),
(017, '2014-12-13', 57, 28, 360000),
(018, '2014-12-16', 133, 63, 48000),
(019, '2014-12-16', 134, 63, 100000),
(020, '2014-12-16', 135, 63, 520000),
(021, '2014-12-16', 136, 63, 232000),
(022, '2014-12-16', 137, 63, 160000),
(023, '2014-12-19', 125, 59, 60000),
(024, '2014-12-23', 76, 34, 1815000),
(025, '2014-12-23', 77, 34, 180000),
(026, '2014-12-23', 78, 34, 72000),
(027, '2014-12-26', 127, 61, 150000),
(028, '2014-12-26', 129, 61, 90000),
(029, '2014-12-26', 130, 61, 45000),
(030, '2014-12-26', 107, 48, 42000),
(031, '2014-12-26', 138, 48, 90000),
(032, '2014-12-29', 36, 19, 250000),
(033, '2014-12-29', 37, 19, 70000),
(034, '2014-12-29', 38, 19, 70000),
(035, '2014-12-30', 141, 3, 5000),
(036, '2014-12-30', 124, 33, 1500000),
(037, '2014-12-30', 131, 62, 300000),
(038, '2015-01-02', 108, 49, 144000),
(039, '2015-01-02', 109, 49, 36000),
(040, '2015-01-02', 140, 64, 30000),
(041, '2015-01-13', 83, 37, 130000),
(042, '2015-01-13', 84, 37, 330000),
(043, '2015-01-13', 85, 37, 260000),
(044, '2015-01-15', 142, 3, 100000),
(045, '2015-01-15', 143, 60, 120000),
(046, '2015-01-19', 144, 65, 372000),
(047, '2015-01-19', 145, 65, 120000),
(048, '2015-01-19', 146, 65, 200000),
(049, '2015-01-19', 147, 65, 172000),
(050, '2015-01-19', 148, 66, 152000),
(051, '2015-01-19', 149, 66, 84000),
(052, '2015-01-22', 150, 67, 217100),
(053, '2015-01-22', 151, 67, 467600),
(054, '2015-01-22', 152, 61, 87500),
(055, '2015-01-22', 153, 61, 30000),
(056, '2015-01-28', 155, 18, 70000),
(057, '2015-01-29', 114, 53, 230000),
(058, '2015-01-30', 70, 31, 48000),
(059, '2015-01-30', 69, 31, 372000),
(060, '2015-01-30', 115, 54, 60000),
(061, '2015-02-02', 159, 44, 250000),
(062, '2015-01-31', 116, 55, 190000),
(063, '2015-02-03', 161, 66, 250000),
(065, '2015-02-03', 132, 58, 870000),
(066, '2015-02-04', 163, 58, 150000),
(067, '2015-02-03', 152, 61, 88000),
(068, '2015-02-03', 153, 61, 30000),
(069, '2015-02-04', 159, 44, 850000),
(070, '2015-02-09', 165, 68, 840000),
(071, '2015-02-12', 164, 61, 90000),
(072, '2015-02-14', 166, 69, 235000),
(073, '2015-02-14', 167, 69, 130000),
(074, '2015-02-14', 168, 69, 45000),
(075, '2015-02-14', 169, 69, 90000),
(076, '2015-02-16', 170, 70, 32000),
(077, '2015-02-17', 173, 71, 175000),
(078, '2015-02-18', 174, 72, 200000),
(079, '2015-02-18', 177, 73, 590400),
(080, '2015-02-18', 112, 52, 540000),
(081, '2015-02-21', 178, 70, 68000),
(082, '2015-02-24', 182, 42, 32000),
(083, '2015-02-23', 154, 42, 100000),
(084, '2015-02-24', 178, 70, 100000),
(085, '2015-02-26', 161, 66, 20000),
(086, '2015-02-26', 183, 74, 100000),
(087, '2015-02-26', 175, 72, 114000),
(088, '2015-02-26', 176, 72, 351000),
(089, '2015-02-27', 74, 33, 360000),
(090, '2015-02-27', 88, 33, 100000),
(091, '2015-02-27', 75, 33, 213000),
(092, '2015-03-03', 150, 67, 216576),
(093, '2015-03-03', 151, 67, 466424),
(094, '2015-03-07', 185, 76, 300000),
(095, '2015-03-07', 186, 76, 200000),
(096, '2015-03-09', 188, 17, 50000),
(097, '2015-03-09', 33, 17, 300000),
(098, '2015-03-09', 162, 17, 100000),
(099, '2015-03-10', 189, 77, 150000),
(100, '2015-03-12', 190, 78, 300000),
(101, '2015-03-12', 191, 61, 735000),
(102, '2015-03-12', 172, 49, 80000),
(103, '2015-03-12', 192, 61, 168000),
(105, '2015-03-17', 194, 15, 50000),
(106, '2015-03-21', 195, 79, 125000),
(107, '2015-03-25', 177, 73, 442000),
(108, '2015-03-31', 174, 72, 71250),
(109, '2015-03-31', 175, 72, 85500),
(110, '2015-03-31', 176, 72, 342000),
(111, '2015-03-31', 197, 80, 80000),
(112, '2015-03-31', 198, 80, 20000),
(113, '2015-04-07', 183, 74, 150000),
(114, '2015-04-07', 108, 49, 144000),
(115, '2015-04-07', 109, 49, 36000),
(116, '2015-04-08', 149, 66, 63000),
(117, '2015-04-08', 148, 66, 114000),
(118, '2015-04-08', 177, 73, 334000),
(119, '2015-04-09', 199, 81, 100000),
(120, '2015-04-09', 200, 82, 125000),
(121, '2015-04-09', 201, 82, 350000),
(122, '2015-04-14', 185, 76, 20000),
(123, '2015-04-14', 186, 76, 40000),
(124, '2015-04-14', 187, 76, 240000),
(125, '2015-04-14', 202, 76, 275000),
(126, '2015-04-14', 203, 76, 25000),
(127, '2015-04-14', 204, 83, 150000),
(128, '2015-04-14', 62, 15, 300000),
(129, '2015-04-16', 93, 45, 160000),
(130, '2015-04-16', 94, 45, 160000),
(131, '2015-04-17', 158, 18, 225000),
(132, '2015-04-20', 204, 83, 150000),
(133, '2015-04-21', 62, 15, 60000),
(134, '2015-04-21', 194, 15, 30000),
(135, '2015-04-22', 196, 67, 50000),
(136, '2015-04-22', 150, 67, 217576),
(137, '2015-04-22', 151, 67, 466424),
(138, '2015-04-22', 205, 84, 470000),
(139, '2015-04-23', 206, 85, 200000),
(140, '2015-04-25', 207, 86, 1400000),
(141, '2015-04-25', 208, 86, 140000),
(142, '2015-04-25', 209, 86, 140000),
(143, '2015-04-25', 210, 86, 320000),
(144, '2015-04-27', 211, 87, 200000),
(145, '2015-04-29', 96, 46, 288000),
(146, '2015-04-29', 97, 46, 600000),
(147, '2015-04-28', 211, 87, 12500),
(148, '2015-04-28', 212, 87, 112500),
(149, '2015-04-29', 213, 71, 1285000),
(150, '2015-04-30', 215, 88, 200000),
(151, '2015-05-01', 156, 3, 100000),
(152, '2015-05-01', 157, 3, 100000),
(153, '2015-05-01', 171, 3, 100000),
(154, '2015-05-01', 118, 3, 100000),
(155, '2015-05-05', 216, 89, 100000),
(156, '2015-05-07', 218, 90, 200000),
(157, '2015-05-07', 219, 90, 480000),
(158, '2015-05-12', 144, 65, 279000),
(159, '2015-05-12', 145, 65, 90000),
(160, '2015-05-12', 146, 65, 150000),
(161, '2015-05-12', 147, 65, 81000),
(162, '2015-05-19', 189, 77, 100000),
(163, '2015-05-22', 199, 81, 150000),
(164, '2015-05-22', 176, 72, 213750),
(165, '2015-05-22', 220, 15, 70000),
(166, '2015-05-26', 222, 91, 666000),
(167, '2015-05-26', 223, 92, 200000),
(168, '2015-05-26', 224, 92, 200000),
(169, '2015-05-26', 216, 89, 80000),
(170, '2015-05-28', 191, 61, 630000),
(171, '2015-05-28', 192, 61, 144000),
(172, '2015-06-03', 195, 79, 125000),
(173, '2015-06-04', 148, 66, 114000),
(174, '2015-06-04', 149, 66, 63000),
(175, '2015-06-09', 119, 57, 30000),
(176, '2015-06-09', 121, 57, 81000),
(177, '2015-06-09', 120, 57, 27000),
(178, '2015-06-09', 122, 57, 15000),
(179, '2015-06-16', 52, 42, 30000),
(180, '2015-06-16', 51, 42, 30000),
(181, '2015-06-16', 28, 42, 228000),
(182, '2015-06-17', 228, 94, 110000),
(183, '2015-06-19', 72, 32, 500000),
(184, '2015-06-19', 66, 21, 100000),
(185, '2015-06-19', 99, 21, 100000),
(186, '2015-06-19', 40, 21, 300000),
(187, '2015-06-24', 213, 71, 345000),
(188, '2015-06-24', 214, 71, 750000),
(189, '2015-06-25', 205, 84, 470000),
(190, '2015-06-25', 225, 93, 1000000),
(191, '2015-06-26', 191, 61, 735000),
(192, '2015-06-26', 192, 61, 39000),
(193, '2015-06-30', 206, 85, 200000),
(194, '2015-07-02', 233, 95, 125000),
(195, '2015-07-03', 233, 95, 125000),
(196, '2015-07-03', 141, 3, 115000),
(197, '2015-07-03', 217, 3, 120000),
(198, '2015-07-03', 219, 90, 360000),
(199, '2015-07-14', 235, 96, 250000),
(200, '2015-07-14', 234, 96, 250000),
(201, '2015-07-23', 55, 26, 1000000),
(202, '2015-08-01', 238, 97, 500000),
(203, '2015-08-01', 239, 97, 500000),
(204, '2015-08-06', 240, 98, 150000),
(205, '2015-08-06', 225, 93, 1000000),
(206, '2015-08-06', 237, 3, 120000),
(207, '2015-08-06', 231, 3, 250000),
(208, '2015-08-06', 229, 3, 970000),
(209, '2015-08-06', 230, 3, 660000),
(211, '2015-08-11', 211, 87, 200000),
(212, '2015-08-12', 242, 100, 360000),
(213, '2015-08-12', 243, 101, 388000),
(214, '2015-08-13', 246, 99, 150000),
(215, '2015-08-20', 211, 87, 125000),
(216, '2015-08-24', 248, 102, 300000),
(217, '2015-08-27', 250, 103, 500000),
(218, '2015-08-31', 252, 63, 800000),
(219, '2015-09-02', 253, 104, 700000),
(220, '2015-08-01', 230, 3, 300000),
(221, '2015-09-01', 236, 96, 600000),
(222, '2015-08-31', 192, 61, 129000),
(223, '2015-09-03', 256, 61, 1400000),
(224, '2015-09-02', 254, 104, 500000),
(225, '2015-09-03', 225, 93, 1000000),
(226, '2015-09-04', 258, 105, 800000),
(227, '2015-09-04', 48, 25, 255000),
(228, '2015-09-04', 49, 25, 5000),
(229, '2015-09-04', 53, 25, 120000),
(230, '2015-09-04', 54, 25, 10000),
(231, '2015-09-04', 240, 98, 150000),
(232, '2015-09-07', 260, 42, 650000),
(233, '2015-09-08', 261, 106, 300000),
(234, '2015-09-10', 246, 99, 150000),
(235, '2015-09-10', 254, 104, 500000),
(236, '2015-09-10', 253, 104, 700000),
(237, '2015-09-10', 255, 104, 450000),
(238, '2015-09-12', 245, 101, 291000),
(239, '2015-09-15', 211, 87, 312500),
(240, '2015-09-15', 212, 87, 12500),
(241, '2015-09-24', 262, 96, 50000),
(242, '2015-09-24', 263, 107, 300000),
(243, '2015-09-24', 264, 107, 300000),
(244, '2015-09-24', 265, 107, 300000),
(245, '2015-09-25', 242, 100, 360000),
(246, '2015-10-03', 269, 98, 400000),
(247, '2015-10-05', 260, 58, 50000),
(248, '2015-10-05', 268, 58, 600000),
(249, '2015-10-05', 269, 98, 300000),
(250, '2015-10-08', 273, 108, 150000),
(251, '2015-10-09', 247, 3, 120000),
(252, '2015-10-09', 230, 3, 40000),
(253, '2015-10-09', 257, 3, 150000),
(254, '2015-10-09', 272, 3, 150000),
(255, '2015-10-13', 274, 46, 350000),
(256, '2015-10-15', 275, 109, 300000),
(257, '2015-10-16', 266, 107, 300000),
(258, '2015-10-20', 252, 63, 800000),
(259, '2015-10-22', 277, 110, 520000),
(260, '2015-10-21', 259, 105, 700000),
(261, '2015-10-21', 258, 105, 300000),
(262, '2015-10-23', 244, 101, 100000),
(263, '2015-10-23', 245, 101, 94000),
(264, '2015-10-23', 243, 101, 132000),
(265, '2015-10-28', 251, 103, 500000),
(266, '2015-10-30', 184, 75, 300000),
(267, '2015-11-05', 280, 104, 130000),
(268, '2015-11-05', 281, 104, 150000),
(269, '2015-11-05', 282, 104, 220000),
(270, '2015-11-05', 267, 107, 300000),
(271, '2015-11-07', 283, 111, 200000),
(272, '2015-11-10', 132, 58, 870000),
(273, '2015-11-10', 91, 35, 390000),
(274, '2015-11-11', 213, 71, 345000),
(275, '2015-11-11', 214, 71, 250000),
(276, '2015-11-11', 279, 71, 150000),
(277, '2015-11-13', 225, 93, 500000),
(278, '2015-11-13', 226, 93, 350000),
(279, '2015-11-13', 227, 93, 150000),
(280, '2015-11-18', 281, 104, 150000),
(281, '2015-11-18', 280, 104, 130000),
(282, '2015-11-18', 282, 104, 20000),
(283, '2015-11-20', 285, 111, 250000),
(284, '2015-11-20', 286, 111, 200000),
(285, '2015-11-20', 287, 112, 210000),
(286, '2015-11-20', 288, 112, 210000),
(287, '2015-11-20', 289, 112, 120000);

-- --------------------------------------------------------

--
-- Estructura de tabla para la tabla `abonoc`
--

CREATE TABLE IF NOT EXISTS `abonoc` (
  `id_indirecto` int(3) unsigned zerofill NOT NULL AUTO_INCREMENT,
  `fecha_indirecto` date DEFAULT NULL,
  `terceros_indirecto` varchar(255) DEFAULT NULL,
  `descrip_indirecto` text,
  `valor_indirecto` double DEFAULT NULL,
  `es_abc` varchar(10) NOT NULL,
  PRIMARY KEY (`id_indirecto`)
) ENGINE=MyISAM  DEFAULT CHARSET=latin1 AUTO_INCREMENT=49 ;

--
-- Volcado de datos para la tabla `abonoc`
--

INSERT INTO `abonoc` (`id_indirecto`, `fecha_indirecto`, `terceros_indirecto`, `descrip_indirecto`, `valor_indirecto`, `es_abc`) VALUES
(004, '2015-01-31', 'FabiÃ¡n Morales ', 'PrÃ©stamo a CONAXPORT ', 250000, ''),
(003, '2015-01-20', 'Coomeva', 'Pago de Incapacidad de Yesica Fonseca', 328533, ''),
(005, '2015-02-24', 'Inquilino', 'PrÃ©stamo ', 135000, ''),
(006, '2015-02-28', 'Banco FundaciÃ³n de La mujer ', 'Credito Banco ', 3972000, ''),
(007, '2015-03-16', 'Aleisa Jeans', 'RenovaciÃ³n de Dominio de Aleisa Jeans', 174781, ''),
(008, '2015-03-21', 'Toscana y Sorrento', 'RenovaciÃ³n de Dominio ', 87000, ''),
(009, '2015-03-31', 'Induarte', 'RenovaciÃ³n Dominio ', 87100, ''),
(010, '2015-03-31', 'Inmobiliaria Inquilino', 'PrÃ©stamo ', 2712300, ''),
(011, '2015-04-29', 'Maxilim - Area mercadeo', 'Evento Maxilim Para uniformes ', 165000, ''),
(012, '2015-04-20', 'Inquilino', 'PrÃ©stamo de inquilino a cuota', 100000, ''),
(013, '2015-04-01', 'Inmobiliaria Inquilino', 'PrÃ©stamo ', 300000, ''),
(014, '2015-04-10', 'Hotel Center Plaza Plus', 'Pago de RenovaciÃ³n de Dominio ', 215353, ''),
(015, '2015-04-15', 'Decoflores', 'Pago de RenovaciÃ³n de Dominio', 145295, ''),
(016, '2015-04-14', 'Inquilino', 'PrÃ©stamo Para RenovaciÃ³n de Dominio', 151000, ''),
(017, '2015-04-15', 'FabiÃ¡n Morales', 'Prestamo', 350000, ''),
(018, '2015-04-07', 'Inquilino', 'PrÃ©stamo Para Pago de Rocio, Salud y Otros', 789500, ''),
(019, '2015-04-21', 'Churros Latinos ', 'RenovaciÃ³n De Dominio ', 149171, ''),
(020, '2015-04-21', 'Trabajo de Jhorman ', ' Compra de Dominio ', 26000, ''),
(021, '2015-04-27', 'La Flor del Lirio', 'RenovaciÃ³n de Dominio', 85714, ''),
(022, '2015-04-30', 'Inquilino ', 'Pago de PrÃ©stamo', 54000, ''),
(023, '2015-05-01', 'Inmobiliaria Inquilino', 'PrÃ©stamo  Para Pago de Nomina ', 1226100, ''),
(024, '2015-05-04', 'Inmobiliaria Inquilino', 'PrÃ©stamo ', 260000, ''),
(025, '2015-05-12', 'FabiÃ¡n Morales', 'Abono a  PrÃ©stamo ', 700000, ''),
(026, '2015-05-22', 'Calzado Rudins', 'RenovaciÃ³n de Dominio de www.calzadorudins.com', 85714, ''),
(027, '2015-05-19', 'Inquilino', 'PrÃ©stamo de Inquilino a Conaxport', 559049, ''),
(028, '2015-06-10', 'Constructora Futumatrix', 'RenovaciÃ³n de Dominio www.constructorafutumatrix.com', 85714, ''),
(029, '2015-06-05', 'Inquilino Inmobiliaria', 'PrÃ©stamo de Inquilino a Conaxport', 3503951, ''),
(030, '2015-06-09', 'Uniformes Workin', 'RenovaciÃ³n de Dominio www.workinuniformes.com ', 85714, ''),
(031, '2015-06-05', 'Inquilino ', 'PrÃ©stamo  de Inquilino a Conaxport ', 170000, ''),
(032, '2015-07-01', 'JoyerÃ­a Melissa', 'RenovaciÃ³n de Dominio', 85000, ''),
(033, '2015-07-01', 'Comercaribe ', 'RenovaciÃ³n De Dominio', 85000, ''),
(034, '2015-07-01', 'Imex H Y S', 'RenovaciÃ³n de Dominio', 86000, ''),
(035, '2015-07-01', 'Laboratorio Prosalud', 'RenovaciÃ³n Dominio', 86000, ''),
(036, '2015-06-30', 'Inmobiliaria Inquilino', 'PrÃ©stamo Para Pago de Nomina', 1686000, ''),
(037, '2015-07-06', 'Inquilino Imobiliaria', 'PrÃ©stamo Para pagos de Redireccionamientos', 330000, ''),
(038, '2015-08-11', 'FabiÃ¡n Morales ', 'PrÃ©stamo A Conaxport ( Dominios/ Otros)', 720000, ''),
(039, '2015-09-03', 'Ifinorte', 'PrÃ©stamo  a Conaxpport', 1078400, ''),
(040, '2015-08-30', 'Ifinorte', 'PrÃ©stamo a Conaxport ( Cobro de Julio ) ', 1078400, ''),
(041, '2015-09-25', 'Corpoces', 'RenovaciÃ³n de Dominio  Por un aÃ±o , del 25/09/15 - 25/10/15', 375000, ''),
(042, '2015-09-28', 'Inmobiliaria Provase', 'RenovaciÃ³n de Dominio. www.inmobiliariaprovase.om.co Desde 16/09/15 - 16/09/16', 165000, ''),
(043, '2015-10-16', 'Curramba Express', 'RenovaciÃ³n de Dominio Por Un aÃ±o.', 104000, ''),
(044, '2015-09-12', 'Conaxport Caja ', '', 4931414, '2'),
(045, '2015-10-30', 'Aleisa Jeans', 'Otros', 30000, ''),
(046, '2015-11-05', 'Industrias El Nogal', 'RenovaciÃ³n de Dominio de PÃ¡gina Web.', 185000, ''),
(047, '2015-11-13', 'Ifinorte', 'Prestamo de Ifinorte a Conaxport', 1078400, ''),
(048, '2015-11-18', 'Carolina Rugeles ', 'Tarjetas de PresentaciÃ³n UV Mate ', 120000, '');

-- --------------------------------------------------------

--
-- Estructura de tabla para la tabla `administrador`
--

CREATE TABLE IF NOT EXISTS `administrador` (
  `id_admin` int(11) NOT NULL AUTO_INCREMENT,
  `usuadmin` varchar(255) COLLATE utf8_spanish_ci NOT NULL,
  `correo_adm` varchar(500) COLLATE utf8_spanish_ci NOT NULL,
  `password_adm` varchar(800) COLLATE utf8_spanish_ci NOT NULL,
  `avatar_adm` varchar(500) COLLATE utf8_spanish_ci NOT NULL,
  `tip_adm` varchar(10) COLLATE utf8_spanish_ci NOT NULL,
  `color_adm` varchar(150) COLLATE utf8_spanish_ci NOT NULL,
  PRIMARY KEY (`id_admin`)
) ENGINE=InnoDB  DEFAULT CHARSET=utf8 COLLATE=utf8_spanish_ci AUTO_INCREMENT=22 ;

--
-- Volcado de datos para la tabla `administrador`
--

INSERT INTO `administrador` (`id_admin`, `usuadmin`, `correo_adm`, `password_adm`, `avatar_adm`, `tip_adm`, `color_adm`) VALUES
(2, 'FabiÃ¡n Morales', 'f.morales@conaxport.com', 'afmq0515', 'imagenes/usuario/logo_perfil.jpg', '1', '#FF3C3C'),
(3, 'Yesica Fonseca', 'y.fonseca@conaxport.com', 'alexiamichelli', 'imagenes/usuario/Conaxport-un-mundo-lleno-de-soluciones-empresariales-logo-para-redes-sociales.jpg', '1', '#00A5D4'),
(4, 'Breyner Fuentes', 'b.fuentes@conaxport.com', 'conaxport123', 'imagenes/usuario/Copia de Logo Inquilino.png', '1', '#FAFF1E'),
(6, 'Jhohan Duarte', 'j.duarte@conaxport.com', 'conaxport123', 'imagenes/default.png', '2', '#C1C1C1'),
(7, 'alexandradi', 'a.diaz@conaxport.com', 'conaxport123', 'imagenes/default.png', '2', '#FDB45C'),
(8, 'astridve', 'correo@dominio.com', 'conaxport123', 'imagenes/usuario/14855_474202755961105_444056490_n.jpg', '2', '#EEEEEE'),
(9, 'albert', 'albertarias925@gmail.com', 'dragon', 'imagenes/usuario/lob_family.jpg', '1', '#6B99C5'),
(13, 'juanvar', 'j.vargas@conaxport.com', 'conaxport123', 'imagenes/default.png', '2', '#006600'),
(14, 'Slendy Vera', 's.vera@conaxport.com', 'mariana0798', 'imagenes/default.png', '1', '#00994C'),
(15, 'jhormandi', 'j.diaz@conaxport.com', 'conaxport123', 'imagenes/usuario/Jhorman img.jpg', '1', '#330066'),
(16, 'mileidygo', 'm.gomez@conaxport.com', 'conaxport123', 'imagenes/default.png', '2', '#CC0066'),
(17, 'jhonatanmo', 'correo@dominio.com', 'conaxport123', 'imagenes/usuario/mascota.png', '2', '#FFFFFF'),
(18, 'Juol Campos', 'comercial@conaxport.com', 'conaxport123.', 'imagenes/usuario/img_que_es_el_exito_recopilacion_de_grandes_frases_20761_orig.jpg', '2', '#FFFFFF'),
(19, 'jorge valencia', 'j.valencia@conaxport.com', 'conaxport123', 'imagenes/default.png', '2', '#00A5D4'),
(20, 'jimena camacho', 'correo@dominio.com', 'conaxport123', 'imagenes/default.png', '1', '#6B99C5'),
(21, 'tatiana_barreto', 'mercadeo@conaxport.com', 'conaxport123.', 'imagenes/default.png', '1', '#EEEEEE');

-- --------------------------------------------------------

--
-- Estructura de tabla para la tabla `caja`
--

CREATE TABLE IF NOT EXISTS `caja` (
  `id_caja` int(11) NOT NULL AUTO_INCREMENT,
  `fec_caja` date NOT NULL,
  `mes_caja` decimal(10,0) NOT NULL,
  `pago_caja` decimal(10,0) NOT NULL,
  `total_caja` decimal(10,0) NOT NULL,
  `es_cj` varchar(10) COLLATE utf8_spanish_ci NOT NULL,
  PRIMARY KEY (`id_caja`)
) ENGINE=InnoDB  DEFAULT CHARSET=utf8 COLLATE=utf8_spanish_ci AUTO_INCREMENT=28 ;

--
-- Volcado de datos para la tabla `caja`
--

INSERT INTO `caja` (`id_caja`, `fec_caja`, `mes_caja`, `pago_caja`, `total_caja`, `es_cj`) VALUES
(1, '2014-09-01', '0', '216985', '-216985', ''),
(2, '2014-10-01', '0', '2960934', '-3177919', ''),
(3, '2014-11-01', '0', '3164495', '-6342414', ''),
(4, '2014-12-01', '9642000', '8081078', '-4781492', ''),
(5, '2015-01-01', '4600733', '6594397', '-6775156', ''),
(6, '2015-02-01', '11120400', '8591769', '-4246525', ''),
(7, '2015-03-01', '7342931', '9639206', '-6542800', ''),
(8, '2015-00-01', '0', '0', '-4781492', ''),
(9, '2015-04-01', '11884033', '12426125', '-7084892', ''),
(10, '2014-03-01', '0', '0', '0', ''),
(11, '2014-04-01', '0', '0', '0', ''),
(12, '2016-04-01', '0', '0', '0', ''),
(13, '2016-03-01', '0', '0', '0', ''),
(14, '2015-05-01', '7064613', '9256755', '-9277034', ''),
(15, '2014-05-01', '0', '0', '0', ''),
(16, '2015-06-01', '10923379', '8246099', '-6599754', ''),
(17, '2014-06-01', '0', '0', '0', ''),
(18, '2014-01-01', '0', '0', '0', ''),
(19, '2015-07-01', '3017000', '7130692', '-10713446', ''),
(20, '2014-07-01', '0', '0', '0', ''),
(21, '2015-08-01', '9200400', '9303859', '-10816905', ''),
(22, '2014-08-01', '0', '0', '0', ''),
(23, '2015-09-01', '16765814', '8953211', '-3004302', ''),
(24, '2014-00-01', '0', '0', '0', ''),
(25, '2015-10-01', '6490000', '7421621', '-3935923', ''),
(26, '2014-02-01', '0', '0', '0', ''),
(27, '2015-11-01', '6678400', '1652077', '1090400', '');

-- --------------------------------------------------------

--
-- Estructura de tabla para la tabla `cartera_indicador`
--

CREATE TABLE IF NOT EXISTS `cartera_indicador` (
  `id_cart` int(11) NOT NULL,
  `fec_cart` date NOT NULL,
  `numero_cart` float NOT NULL,
  `numerb_cart` float NOT NULL,
  `numerc_cart` float NOT NULL,
  `numerd_cart` float NOT NULL,
  `numere_cart` float NOT NULL
) ENGINE=InnoDB DEFAULT CHARSET=utf8 COLLATE=utf8_spanish_ci;

--
-- Volcado de datos para la tabla `cartera_indicador`
--

INSERT INTO `cartera_indicador` (`id_cart`, `fec_cart`, `numero_cart`, `numerb_cart`, `numerc_cart`, `numerd_cart`, `numere_cart`) VALUES
(0, '2015-04-01', 5000000, 16208000, 43.4743, 30.432, 36);

-- --------------------------------------------------------

--
-- Estructura de tabla para la tabla `ciudad`
--

CREATE TABLE IF NOT EXISTS `ciudad` (
  `id_ciudad` int(11) NOT NULL AUTO_INCREMENT,
  `nam_ciudad` varchar(255) COLLATE utf8_spanish_ci NOT NULL,
  PRIMARY KEY (`id_ciudad`)
) ENGINE=InnoDB  DEFAULT CHARSET=utf8 COLLATE=utf8_spanish_ci AUTO_INCREMENT=7 ;

--
-- Volcado de datos para la tabla `ciudad`
--

INSERT INTO `ciudad` (`id_ciudad`, `nam_ciudad`) VALUES
(1, 'CÃºcuta'),
(2, 'Sincelejo'),
(3, 'Bogota D.C'),
(4, 'Madrid'),
(5, 'UreÃ±a'),
(6, 'Guayaquil');

-- --------------------------------------------------------

--
-- Estructura de tabla para la tabla `clientes`
--

CREATE TABLE IF NOT EXISTS `clientes` (
  `id_usuario` int(11) NOT NULL AUTO_INCREMENT,
  `nombre_us` varchar(255) COLLATE utf8_spanish_ci NOT NULL,
  `apellido_us` varchar(255) COLLATE utf8_spanish_ci NOT NULL,
  `correo_us` varchar(400) COLLATE utf8_spanish_ci NOT NULL,
  `telefono_us` varchar(50) COLLATE utf8_spanish_ci NOT NULL,
  `diaNcl` varchar(30) COLLATE utf8_spanish_ci NOT NULL,
  `mesNcl` varchar(30) COLLATE utf8_spanish_ci NOT NULL,
  PRIMARY KEY (`id_usuario`)
) ENGINE=InnoDB  DEFAULT CHARSET=utf8 COLLATE=utf8_spanish_ci AUTO_INCREMENT=106 ;

--
-- Volcado de datos para la tabla `clientes`
--

INSERT INTO `clientes` (`id_usuario`, `nombre_us`, `apellido_us`, `correo_us`, `telefono_us`, `diaNcl`, `mesNcl`) VALUES
(1, 'Breyner Armando', 'Fuentes CastaÃ±eda', 'b.fuentes@inquilino.co', '3177736657', '', ''),
(2, 'Gloria', 'Rubiano ', '', '5712698', '', ''),
(3, 'Alexis ', 'Bayona', 'gerencia@aleisajeans.com', '3112371116', '', ''),
(4, 'Alvaro ', 'Garcia ', 'floristalvaro@hotmail.com', '3186755264', '', ''),
(5, 'Dolly ', 'Suarez', 'gerencia@toscanaysorrento.com', '3102760145', '', ''),
(6, 'Hugo', 'Maldonado', '', '', '', ''),
(7, 'Luigin  ', 'Garcia', '', '', '', ''),
(8, 'Javier ', 'Garcia', '', '3104885546- 5773115', '', ''),
(9, 'Willian', 'Churro', '', '5832721 - 315 625 8050', '', ''),
(10, 'Viviana', 'Rivera', 'viviana.rivera@uniformesworkin.com', '3125218189', '', ''),
(11, 'Jesus Maria', 'Celis', 'laflordellirio-1@hotmail.com', '5776599', '0', '0'),
(12, 'Yhonatan ', 'Barrios', '', '', '', ''),
(13, 'Ruth', 'Bohorquez', '', '', '', ''),
(14, 'Nancy', 'Rozo', '', '', '', ''),
(15, 'Ricardo ', 'Forero', 'comercial@ladrilleramerkagres.comj', '3112320396', '', ''),
(16, 'Alexis', 'CaÃ±izales', 'constructorafutumatrix@gmail.com', '3104775197', '', ''),
(17, 'Nubia ', 'Garcia', 'gerencia@dnusacueros.com', '5761593', '', ''),
(18, 'Pedro ', 'Dussan', '', '5827139  - 3016369833', '', ''),
(19, 'Yuri ', 'Sepulveda', '', '', '', ''),
(20, 'Sandra', 'CaÃ±izares', '', '', '', ''),
(21, 'Yari', 'Garcia', '', '3208764148', '', ''),
(22, 'Nicolas', 'Jaramillo', 'nicolasjara22@gmail.com', ' 583 0897/ 314 335 2000', '', ''),
(23, 'Volman', 'Becerra', '', '', '', ''),
(24, 'Michell', 'EspaÃ±a', 'servicolombia-espana@hotmail.com', '', '0', '0'),
(25, 'Gustavo', 'Calzado', '', '311 259 1542', '', ''),
(26, 'Ferney', 'Avila', '', '', '', ''),
(27, 'Alfonso', 'Mercado', 'joypa-2102@hotmail.com  / tecnoaluminiosmg@outlook.com', '3012992704', '0', '0'),
(28, 'Gino ', 'Lorduy', '', '3216743346', '', ''),
(29, 'Gonzalo', 'Parodi', '', '', '', ''),
(30, 'Sergio', 'Ramirez', '', '', '', ''),
(31, 'Deiby ', 'Ardila', '', '', '', ''),
(32, 'Juan Francisco', 'YaÃ±ez Delgado', '', '', '', ''),
(33, 'Luisa', 'Sincelejo', '', '2760055 - 301 4885654 ', '', ''),
(34, 'Paola', 'Castellanos', '', '', '', ''),
(35, 'Leidy Milena', 'Calderon Jacome', 'Crejuley@hotmail.es', '5710823 - 3208499293', '', ''),
(36, 'FabiÃ¡n ', 'Morales', 'f.morales@conaxport.com', '3166175099', '', ''),
(37, 'Walter', 'Arrubla ', 'arrubla.galeria@hotmail.es', '3007634485', '', ''),
(38, 'Manuel IvÃ¡n ', 'Cabrales Trigos', 'manuelivancabrales@hotmail.com', '5722394', '', ''),
(39, 'Enrique ', 'Pardo Gonzales', 'rest.latertulia@hotmail.com', '573 0095', '', ''),
(40, 'Dr', 'Iroldo', 'clinicatusaludintegral@gmail.com', '3017872814', '', ''),
(41, 'Karen Johanna ', 'Anaya Becerra', '', '3144898777', '', ''),
(42, 'Claudia ', 'Parra', 'claudiaparra1920@hotmail.com', '3208020924', '', ''),
(43, 'Rony Javier ', 'Perez Ocariz', '', '3162873655', '', ''),
(44, 'Luz Astrid', 'Elorza ', 'festejoselorza@hotmail.com', '577 9826/ 577 8255 / 321 202 2403 / 311 855 9458', '', ''),
(45, 'Yamina', 'Cumplido Romero', 'administracion@yaminacumplido.com', '', '0', '0'),
(46, 'Saul Enrique ', 'Vega', 'saulvmen@yahoo.com', '2820957 - 3157551494', '', ''),
(47, 'Saul Enrique ', 'Vega', 'saulvmen@yahoo.com', ' 3157551494', '', ''),
(48, 'Raul', 'Barreiro', 'Hotelbaos@hotmail.com', '3137990156', '', ''),
(49, 'Yajaira', 'Santis', 'yajairasantis@hotmail.com', '11111111', '', ''),
(50, 'Saul enrique', 'vega', 'saulvmmen@yahoo.com', '2820957 - 2816300', '', ''),
(51, 'Juliana ', 'Sierra', 'galeriapicassosincelejo@hotmail.com', '3006787323', '', ''),
(52, 'Yenny Alexandra', 'Gomez Torres', 'dalexa_jenny@hotmail.com', '', '', ''),
(53, 'Lady Ximena', 'Mora Sanchez', 'bodegalosangelesinc.cucuta@hotmail.com', '', '0', '0'),
(54, 'Carlos Vicente', 'Laverde', 'fromagerialacavadelosquesos@gmail.com', '', '0', '0'),
(55, 'Edwin Andres', 'Gutierrez', 'ventas@tododestino.com', '3125078459', '0', '0'),
(56, 'Rony ', 'Gelvez', 'ronygelvez@casescovers.com.co', '300 262 3708', '21', '5'),
(57, 'Tulio', 'Valero Jaimes ', 'tulioval-90@hotmail.com - tulioval.90@gmail.com', '', '0', '0'),
(58, 'Liliana ', '...', 'quimiandesc@gmail.com', '5870761/ 3168241593', '0', '0'),
(59, 'Jose ', 'galindo', 'jose@hotmail.com', '', '0', '0'),
(60, 'Ricardo', 'Gonzales Paternina', '', '3013370933', '0', '0'),
(61, 'Astrid', 'Guitierrez De Aguirre', 'tedee2011@hotmail.com', '3108730269 / 3128042393', '18', '9'),
(62, 'Juan Carlos', 'Giatsidakis Olivares', 'juanc_olivares5@hotmail.com', '3002648220', '0', '0'),
(63, 'Alvaro Arturo', 'Cumplido Romero ', 'aredocum@hotmail.com', '3017225746', '11', '11'),
(64, 'Jessica ', 'Vila Chacon', 'jessikvila@hotmail.com', '313 4919586 / 316 6250638', '29', '1'),
(65, 'Andrea Juliana', 'Quintero Barrera', '', '', '0', '0'),
(66, 'Angela', 'Constructora Vivienda S.A.S', '', '3016223159', '0', '0'),
(67, 'Juan Gabriel', 'Alvarado', 'juangaby79.jgaf@gmail.com', '5725616', '0', '0'),
(68, 'Carlos Alberto ', 'Martinez', 'pasabocaschic@hotmail.com', '5812136  /318 863 1212', '5', '10'),
(69, 'Fernando ', 'Cifuentes', 'quesoscifuentesventas@gmail.com', '5771736', '0', '0'),
(70, 'Alesis ', 'Bayona', '', '3112371116', '19', '2'),
(71, 'Yajaira ', 'Marquez MontaÃ±ez', 'kyam2015@outlook.com / yayitomarquez121@hotmail.com', '3215227223 / 3016652956', '0', '0'),
(72, 'Yelitza Lizeyda', 'Amaya Casadiegos', 'yeli.ama@hotmail.com', '3203061212', '27', '8'),
(73, 'Fernando', 'DÃ­az Arciniegas', '', '310 4917181', '0', '0'),
(74, 'Cesar Alfonso', 'Llanos Baron', 'cesarllanosbaron@gmail.com', '3144501442', '0', '0'),
(75, 'Ivan Ricardo', 'OrdoÃ±ez Serrano', 'vetelrebaÃ±o-19972hotmail.com', '', '7', '9'),
(76, 'Milton ', 'Bermudez Useche', 'mbermudez0609@hotmail.com', '5724601', '0', '0'),
(77, 'Martin', 'vdsd', '', '3163097853', '0', '0'),
(78, 'Karen Ivonne ', 'Ortega Garcia', '', '', '0', '0'),
(79, 'Maria Marcela', 'Garcia Herreros Ramirez', 'marceghr@gmail.com', '3153822671', '23', '7'),
(80, 'Luis arturo', 'DÃ­az Melendez', '', '3123223509', '0', '0'),
(81, 'Lucas ', 'Castro Parada ', 'lucastropar@hotmail.com', '3112060430', '0', '0'),
(82, 'Jhon Jairo ', 'Vargas Salazar', 'jhonvargas_s@hotmail.com', ' 5720821/3158412981 / 3153833458', '0', '0'),
(83, 'Jose Blanco ', 'Velasquez ', 'stoncon@hotmail.com', '3174296718', '0', '0'),
(84, 'Nilson ', 'Guitierrez Ramirez', 'niyagura@gmail.com', '317 372 9785', '13', '12'),
(85, 'Ronald', 'Peterson Franco', 'acicuv@gmail.com', '3045916717', '0', '0'),
(86, 'Francisco ', 'Rodriguez Lopez', 'surtiinsumosfyp@hotmail.com', '3208554799', '0', '0'),
(87, 'Nelly ', 'Bayona Acero', 'jaddeer@hotmail.com', '5704222 / 570 0399 / Jadder   3166668444 ', '1', '6'),
(88, 'Leidy Ximena ', 'Jurado Fernandez', 'ximenajurado86@hotmail.com', '310 773 6657', '0', '0'),
(89, 'Edier', 'Barrero', '', '3205655602', '0', '0'),
(90, 'Jose del Carmen', 'Ortega Sierra', '', '', '16', '3'),
(91, 'Juan Gabriel ', 'Oliveros Sandoval', 'gambetapizzaclub@gmail.com', '3008394946', '4', '3'),
(92, 'Luis ', 'Alvarez', 'luigyalvarez@gmail.com', '311 848 1124', '0', '0'),
(93, 'Numar ', 'Arias Uribe', 'textiles_mundimoda@hotmail.com', '5922663', '0', '0'),
(94, 'Juan Antonio', 'Granados Mendoza', 'juangranadosm@yahoo.es', '', '0', '0'),
(95, ' Diana ', 'Osorio', '', '3204366662  /5779875', '0', '0'),
(96, 'Edilia ', 'Ortega', '', '', '0', '0'),
(97, 'Ingrid Carolina', 'Rugeles', 'via_ruggeri@yahoo.com', '3214518496', '0', '0'),
(98, 'Eugenio ', 'Sanchez', 'eugeniosanchez13@hotmail.com', '3158037484', '0', '0'),
(99, 'Hilia', 'Jalaf', 'hieljada@hotmail.com', '3115893285', '0', '0'),
(100, 'Milla Patricia', 'Romero Soto', '', '', '0', '0'),
(101, 'Yesid Efrain', 'Torres PeÃ±aranda', '', '3214409483', '0', '0'),
(102, 'Olga Ledys', 'Quintero Barrera', 'Olgaquintero3@gmail.com', '3176663096', '27', '11'),
(103, 'Gloria Elvira', 'Pardo Rodriguez', 'gloriapr38@hotmail.com - gerencia@serviya.com', '3163571543', '0', '0'),
(104, 'Victor Manuel', 'Carrascal', 'carrascal11@hotmail.com / aceitecristal1@gmail.com', '5813816', '29', '11'),
(105, 'Olga ', 'Parra Chaves', 'olpacha@yahoo.com', '', '18', '6');

-- --------------------------------------------------------

--
-- Estructura de tabla para la tabla `comentario_evento`
--

CREATE TABLE IF NOT EXISTS `comentario_evento` (
  `id_cm` int(11) NOT NULL AUTO_INCREMENT,
  `aut_id` int(11) NOT NULL,
  `text_cm` text COLLATE utf8_spanish_ci NOT NULL,
  `fec_cm` date NOT NULL,
  `evet_id` int(11) NOT NULL,
  PRIMARY KEY (`id_cm`),
  KEY `evet_id` (`evet_id`),
  KEY `aut_id` (`aut_id`)
) ENGINE=InnoDB DEFAULT CHARSET=utf8 COLLATE=utf8_spanish_ci AUTO_INCREMENT=1 ;

-- --------------------------------------------------------

--
-- Estructura de tabla para la tabla `corr_corp`
--

CREATE TABLE IF NOT EXISTS `corr_corp` (
  `id_corp` int(11) NOT NULL AUTO_INCREMENT,
  `empre_id` int(11) NOT NULL,
  `corr_corp` varchar(450) COLLATE utf8_spanish_ci NOT NULL,
  `pass_corp` varchar(550) COLLATE utf8_spanish_ci NOT NULL,
  `pop3_imat` varchar(550) COLLATE utf8_spanish_ci NOT NULL,
  `smpt` varchar(550) COLLATE utf8_spanish_ci NOT NULL,
  `puerto_pop3` varchar(100) COLLATE utf8_spanish_ci NOT NULL,
  `puerto_imat` varchar(100) COLLATE utf8_spanish_ci NOT NULL,
  PRIMARY KEY (`id_corp`),
  KEY `empre_id` (`empre_id`)
) ENGINE=InnoDB DEFAULT CHARSET=utf8 COLLATE=utf8_spanish_ci AUTO_INCREMENT=1 ;

-- --------------------------------------------------------

--
-- Estructura de tabla para la tabla `costos`
--

CREATE TABLE IF NOT EXISTS `costos` (
  `id_cos` int(11) NOT NULL AUTO_INCREMENT,
  `nam_blanc` varchar(255) COLLATE utf8_spanish_ci NOT NULL,
  `terc_prov_id` int(11) NOT NULL,
  `fecha_cos` date NOT NULL,
  `valor_cos` decimal(10,0) NOT NULL,
  `estad_cost` varchar(10) COLLATE utf8_spanish_ci NOT NULL,
  `idadP_cost` int(11) NOT NULL,
  PRIMARY KEY (`id_cos`),
  KEY `terc_seg_id` (`terc_prov_id`,`idadP_cost`),
  KEY `idadP_cost` (`idadP_cost`)
) ENGINE=InnoDB  DEFAULT CHARSET=utf8 COLLATE=utf8_spanish_ci AUTO_INCREMENT=151 ;

--
-- Volcado de datos para la tabla `costos`
--

INSERT INTO `costos` (`id_cos`, `nam_blanc`, `terc_prov_id`, `fecha_cos`, `valor_cos`, `estad_cost`, `idadP_cost`) VALUES
(1, '', 33, '2014-12-29', '20000', '2', 2),
(3, '', 16, '2015-01-15', '0', '2', 2),
(4, '', 16, '2015-01-15', '0', '2', 2),
(5, 'Dominio Coyote Store', 5, '2015-01-19', '0', '2', 2),
(6, '', 16, '2015-01-19', '0', '2', 2),
(7, '', 16, '2015-01-19', '0', '2', 2),
(8, '', 16, '2015-01-19', '0', '2', 2),
(9, 'Modificacion Pagina Web - Textiles de EnsueÃ±o', 1, '2015-01-19', '0', '2', 2),
(10, '', 16, '2015-01-19', '0', '2', 2),
(11, '', 16, '2015-01-22', '0', '2', 2),
(12, '', 16, '2015-01-22', '0', '2', 2),
(13, 'CancelaciÃ³n Total', 34, '2015-01-22', '120000', '2', 3),
(14, 'CancelaciÃ³n ', 35, '2015-01-22', '50000', '2', 3),
(15, 'Tarjetas Lady Cerasi', 13, '2015-01-26', '50000', '2', 3),
(16, 'Abono a Factureros opita Shoes', 37, '2015-01-26', '90000', '2', 3),
(17, 'Tarjetas Aleisa Jeans ', 13, '2015-01-26', '50000', '2', 3),
(18, 'Tarjetas Aleisa', 13, '2015-01-26', '50000', '2', 3),
(19, 'RealizaciÃ³n de Folletos y tarjetas', 38, '2015-01-31', '200000', '2', 3),
(20, 'Pagina Web Walther Arrubla ', 8, '2015-02-02', '0', '2', 2),
(21, 'Tarjetas Textiles EnsueÃ±o', 13, '2015-02-03', '0', '2', 2),
(22, 'Abono a Plegables - Saldo ( 230.000)', 39, '2015-02-03', '320000', '2', 3),
(23, 'Tarjetas Dnusa', 13, '2015-02-04', '50000', '2', 3),
(24, '', 27, '2015-02-04', '98600', '2', 3),
(25, 'Sellos Cases Covers', 41, '2015-02-05', '60000', '2', 3),
(26, 'Plan de Mercadeo de Ser Mujer', 16, '2015-02-09', '0', '2', 2),
(27, 'Dominio Human Safety', 1, '2015-02-14', '0', '2', 2),
(28, 'Brochure Virtual Human Safety', 16, '2015-02-14', '0', '2', 2),
(29, 'Tarjetas de PresentaciÃ³n Human Safety', 13, '2015-07-14', '50000', '1', 3),
(30, 'Imagen Corporativa Human Safety', 16, '2015-02-14', '0', '2', 3),
(31, '1 Sello M&A Soluciones Constructivas ', 42, '2015-02-16', '20000', '2', 3),
(32, 'Tarjetas Aleisa Jeans', 13, '2015-02-16', '50000', '2', 3),
(33, 'Tarjetas Klaudia Parra ', 13, '2015-02-16', '50000', '2', 3),
(34, 'Abono 50% a DiseÃ±o de Castor ( Saldo $ 150.000)', 43, '2015-02-17', '150000', '2', 3),
(35, 'Imagen Corporativa Bufalo', 16, '2015-02-18', '0', '2', 2),
(36, 'CapacitaciÃ³n Bufalo', 16, '2015-02-18', '0', '2', 2),
(37, 'Dominio Bufalo ', 5, '2015-02-18', '0', '2', 2),
(38, 'Compra de Telas ', 44, '2015-02-18', '544000', '2', 3),
(39, 'Imagen Corporativa - M&a', 16, '2015-02-21', '0', '2', 2),
(40, 'Tarjetas - M&A Soluciones ', 12, '2015-07-21', '50000', '1', 3),
(41, 'Brochute Soluciones Constructivas', 16, '2015-02-21', '0', '2', 2),
(42, 'Dominio M&A Soluciones Constructivas ', 1, '2015-02-21', '0', '2', 2),
(43, 'Lady Cerasi', 42, '2015-02-24', '20000', '2', 3),
(44, 'Imagen Corporativa Quesos Cifuentes', 16, '2015-02-26', '0', '2', 3),
(45, 'Imagen Corporativa - DÂ´Blin', 16, '2015-03-04', '0', '2', 3),
(46, 'Confecciones Kyam', 4, '2015-03-07', '0', '2', 2),
(47, 'Carrito de Compras - Confecciones Kyam', 16, '2015-03-07', '0', '2', 2),
(48, 'Marketing On Line  - Confecciones Kyam', 16, '2015-03-07', '0', '2', 2),
(49, 'AsesorÃ­a Dnusa', 16, '2015-03-09', '0', '2', 2),
(50, 'Imagen Corporativa Mi Pecado ', 16, '2015-03-10', '0', '2', 2),
(51, 'Plan de Mercadeo PlÃ¡tanos Mapache', 16, '2015-03-12', '0', '2', 2),
(52, 'Plan de Mercadeo Cases Covers', 16, '2015-03-12', '0', '2', 2),
(53, 'RemodelaciÃ³n PÃ¡gina Web Cases Covers ', 1, '2015-03-12', '0', '2', 2),
(55, 'Tarjetas Ricardo Forero ( Saldo 20.000)', 13, '2015-04-17', '45000', '2', 3),
(56, 'Imagen Corporativa Hotel San Nicolas', 16, '2015-03-21', '0', '2', 2),
(57, 'Dominio de Maxilim', 22, '2015-03-24', '0', '2', 2),
(58, 'Imagen Corporativa  Veterinaria El RebaÃ±o ', 16, '2015-03-31', '0', '2', 2),
(59, 'Dominio de Veterinaria El RebaÃ±o ', 1, '2015-03-31', '0', '2', 2),
(60, 'Marketing On Line J.J Tours', 16, '2015-04-09', '0', '2', 2),
(61, 'Imagen Corporativa Sintraservisalud', 16, '2015-04-09', '0', '2', 2),
(62, 'Sintraservisalud Abono del 50% Saldo ( $ 250.000)', 46, '2015-04-09', '125000', '2', 3),
(63, 'Confecciones Kyam', 47, '2015-07-14', '450000', '1', 3),
(64, 'Confecciones Kyam ', 13, '2015-06-14', '45000', '2', 3),
(65, 'CapacitaciÃ³n Fuerza de Ventas ', 16, '2015-04-14', '0', '2', 2),
(66, 'InvestigaciÃ³n De Mercadeo ', 16, '2015-04-22', '0', '2', 2),
(67, 'Marketing On Line', 16, '2015-04-23', '0', '2', 2),
(68, 'Plataforma Web Exito y Fama S.A.S', 10, '2015-05-25', '0', '2', 2),
(69, 'Filtros Plataforma Exito y Fama S.A.S', 16, '2015-04-25', '0', '2', 2),
(70, 'Filtros Plataforma Exito y Fama S.A.S', 16, '2015-04-25', '0', '2', 2),
(71, 'Filtros Plataforma Exito y Fama S.A.S', 16, '2015-04-25', '0', '2', 2),
(72, 'Plataforma Web  Vargas Nossa & Asociados ', 4, '2015-05-27', '0', '2', 2),
(73, 'Marketing On Line Vargas Nossa & Asociados ', 16, '2015-05-27', '0', '2', 2),
(74, 'Plataforma - Dominio Constructora', 8, '2015-06-03', '174191', '2', 3),
(75, '', 16, '2015-04-29', '0', '2', 2),
(76, '', 16, '2015-04-30', '0', '2', 2),
(77, 'Imagen Corporativa E& N', 16, '2015-05-05', '0', '2', 3),
(78, 'Marketing  Online Aleisa Jeans', 16, '2015-05-06', '0', '2', 3),
(79, 'Marketing On line Acicuv', 16, '2015-05-07', '0', '2', 3),
(80, 'Dominio de Cucuta Ciudad Verde', 5, '2015-05-07', '0', '2', 2),
(81, 'Tarjetas Usa Boutique  ', 13, '2015-05-11', '45000', '2', 3),
(82, 'Imagen Corporativa de Acicuv', 16, '2015-05-19', '0', '2', 3),
(83, 'Plan de Mercadeo Francisco Rodriguez', 16, '2015-05-26', '0', '2', 3),
(84, 'Imagen Corporativa Hotel Villa Antigua', 16, '2015-05-26', '0', '2', 3),
(85, 'Marketing On line Hotel Villa Antigua', 16, '2015-05-26', '0', '2', 3),
(86, 'Plataforma de Ifinorte', 10, '2015-05-27', '220000', '1', 3),
(87, 'Filtros de PÃ¡gina de Ifinorte', 16, '2015-05-27', '0', '2', 3),
(88, 'Filtros de PÃ¡gina de Ifinorte', 16, '2015-05-27', '0', '2', 3),
(89, 'Tarjetas Fuxion Sincelejo  ', 13, '2015-06-17', '45000', '2', 3),
(90, 'RediseÃ±o de PÃ¡gina Web de Aleisa Jeans', 4, '2015-07-18', '80000', '1', 3),
(91, 'MÃ³dulos  Internos Para PÃ¡gina Web ', 8, '2015-07-18', '200000', '1', 3),
(92, 'Imagen Corporativa- Nueva Marca de Aleisa', 16, '2015-06-18', '0', '2', 3),
(93, 'conaxport', 16, '2015-06-19', '80000', '1', 2),
(94, '', 16, '2015-07-02', '0', '1', 2),
(95, '', 16, '2015-07-14', '0', '1', 2),
(96, '', 16, '2015-07-14', '0', '1', 2),
(97, '', 5, '2015-07-14', '100000', '1', 2),
(98, '', 16, '2015-07-29', '0', '1', 2),
(99, 'Plan de Mercadeo Gambeta Pizza', 16, '2015-08-01', '0', '2', 3),
(100, 'Dominio y Hosting Gambeta Pizza ', 4, '2015-08-01', '80000', '1', 3),
(101, 'Esbelta Jeans', 43, '2015-08-06', '0', '1', 3),
(102, 'Estudio de Viabilidad Proyectos Educativos', 16, '2015-08-10', '0', '2', 3),
(103, 'Estudio de Viabilidad Proyectos Educativos ', 16, '2015-08-12', '0', '2', 3),
(104, 'PÃ gina Web Cafetol', 1, '2015-08-12', '57000', '1', 3),
(105, 'Tarjetas Cafetol ', 13, '2015-08-12', '45000', '1', 3),
(106, 'Brochure Cafetol', 16, '2015-08-12', '0', '2', 3),
(107, 'Italino Moda Y estilo', 43, '2015-08-13', '300000', '2', 3),
(108, 'Marketing On Line Aleisa jeans', 16, '2015-08-15', '0', '2', 3),
(109, 'Imagen Corporativa Decorakasa', 16, '2015-08-24', '0', '2', 3),
(110, 'Dominio y Hosting  Decorakasa', 4, '2015-08-24', '80000', '1', 3),
(111, 'Imgen Corporativa Arrocera el Paraiso ', 16, '2015-08-27', '0', '2', 3),
(112, 'Dominio y Hosting Arrocera El Paraiso', 4, '2015-08-27', '80000', '1', 3),
(113, 'Plan de Mercadeo Quimiandes', 16, '2015-08-31', '0', '2', 3),
(114, '', 16, '2015-09-02', '0', '2', 2),
(115, '', 16, '2015-09-02', '0', '2', 2),
(116, '', 16, '2015-09-02', '0', '2', 2),
(117, '', 16, '2015-09-03', '0', '2', 2),
(118, '', 16, '2015-09-03', '0', '2', 2),
(119, '', 16, '2015-09-04', '0', '2', 2),
(120, '', 16, '2015-09-04', '0', '2', 2),
(121, '', 16, '2015-09-07', '0', '2', 2),
(122, '', 16, '2015-09-08', '0', '2', 2),
(123, '', 16, '2015-09-24', '0', '2', 2),
(124, '', 16, '2015-09-24', '0', '2', 2),
(125, '', 16, '2015-09-24', '0', '2', 2),
(126, '', 16, '2015-09-24', '0', '2', 2),
(127, '', 16, '2015-09-24', '0', '2', 2),
(128, '', 16, '2015-09-24', '0', '2', 2),
(129, '', 16, '2015-09-30', '0', '2', 2),
(130, 'Investigacion de Mercado Jeans Esbelta', 16, '2015-10-03', '0', '2', 3),
(131, 'Imagen Corporativa Esbelta Jeans', 16, '2015-10-03', '0', '2', 3),
(132, 'Memorias USB Toscana ', 16, '2015-10-06', '0', '1', 3),
(133, 'Marketing On Line Aleisa Jeans', 16, '2015-10-06', '0', '1', 3),
(134, 'Imagen corporativa Distribuciones Y & T', 16, '2015-10-08', '0', '1', 3),
(135, 'AplicaciÃ³n Tablet La Tertulia', 16, '2015-10-13', '0', '1', 3),
(136, 'Imagen Corporativa Olga Quintero', 16, '2015-10-15', '0', '1', 3),
(137, 'Marketing On line Olga Quintero ', 16, '2015-10-16', '0', '1', 3),
(138, '', 16, '2015-10-22', '0', '1', 2),
(139, '', 16, '2015-10-22', '0', '1', 2),
(140, '', 16, '2015-10-23', '0', '1', 2),
(141, '', 16, '2015-11-05', '0', '1', 2),
(142, '', 16, '2015-11-05', '0', '1', 2),
(143, '', 16, '2015-11-05', '0', '1', 2),
(144, '', 16, '2015-11-07', '0', '1', 2),
(145, '', 16, '2015-11-09', '0', '1', 2),
(146, '', 5, '2015-11-20', '100000', '1', 2),
(147, '', 16, '2015-11-20', '0', '1', 2),
(148, '', 16, '2015-11-20', '0', '1', 2),
(149, '', 16, '2015-11-20', '0', '1', 2),
(150, '', 16, '2015-11-20', '0', '1', 2);

-- --------------------------------------------------------

--
-- Estructura de tabla para la tabla `departamento`
--

CREATE TABLE IF NOT EXISTS `departamento` (
  `id_depart` int(11) NOT NULL AUTO_INCREMENT,
  `nam_depart` varchar(255) COLLATE utf8_spanish_ci NOT NULL,
  PRIMARY KEY (`id_depart`)
) ENGINE=InnoDB  DEFAULT CHARSET=utf8 COLLATE=utf8_spanish_ci AUTO_INCREMENT=7 ;

--
-- Volcado de datos para la tabla `departamento`
--

INSERT INTO `departamento` (`id_depart`, `nam_depart`) VALUES
(1, 'Norte de Santander'),
(2, 'Cundinamarca'),
(3, 'Sucre'),
(4, 'Capital'),
(5, 'Tachira'),
(6, 'Guayas');

-- --------------------------------------------------------

--
-- Estructura de tabla para la tabla `depart_ciudad`
--

CREATE TABLE IF NOT EXISTS `depart_ciudad` (
  `id_depart_ciud` int(11) NOT NULL AUTO_INCREMENT,
  `Dpart_id` int(11) NOT NULL,
  `ciudad_id` int(11) NOT NULL,
  PRIMARY KEY (`id_depart_ciud`),
  KEY `Dpart_id` (`Dpart_id`,`ciudad_id`),
  KEY `ciudad_id` (`ciudad_id`)
) ENGINE=InnoDB  DEFAULT CHARSET=utf8 COLLATE=utf8_spanish_ci AUTO_INCREMENT=7 ;

--
-- Volcado de datos para la tabla `depart_ciudad`
--

INSERT INTO `depart_ciudad` (`id_depart_ciud`, `Dpart_id`, `ciudad_id`) VALUES
(1, 1, 1),
(3, 2, 3),
(2, 3, 2),
(4, 4, 4),
(5, 5, 5),
(6, 6, 6);

-- --------------------------------------------------------

--
-- Estructura de tabla para la tabla `direcionador`
--

CREATE TABLE IF NOT EXISTS `direcionador` (
  `id_direcion` int(11) NOT NULL AUTO_INCREMENT,
  `nam_direcion` varchar(255) COLLATE utf8_spanish_ci NOT NULL,
  `precio_dire` double NOT NULL,
  `estado_dire` varchar(255) COLLATE utf8_spanish_ci NOT NULL,
  `del_admin` int(11) DEFAULT NULL,
  PRIMARY KEY (`id_direcion`),
  KEY `del_admin` (`del_admin`)
) ENGINE=InnoDB  DEFAULT CHARSET=utf8 COLLATE=utf8_spanish_ci AUTO_INCREMENT=14 ;

--
-- Volcado de datos para la tabla `direcionador`
--

INSERT INTO `direcionador` (`id_direcion`, `nam_direcion`, `precio_dire`, `estado_dire`, `del_admin`) VALUES
(1, 'Breyner Fuentes', 0, '1', 4),
(2, 'FabiÃ¡n Morales', 0, '1', 2),
(3, 'Paola Castellanos', 0, '1', NULL),
(4, 'Kevin Castro ', 0, '1', NULL),
(5, 'Yesica Fonseca', 0, '1', NULL),
(6, 'Alexandra Diaz', 0, '2', 7),
(7, 'Oficina CÃºcuta', 0, '1', NULL),
(8, 'Otros ', 0, '1', NULL),
(9, 'CarolÃ­n ', 0, '2', NULL),
(10, 'Steven Reyes', 0, '1', NULL),
(11, 'Mileidy Gomez', 0, '1', 16),
(12, 'Jhorman Diaz', 0, '1', 15),
(13, 'Juol Campos', 0, '1', 18);

-- --------------------------------------------------------

--
-- Estructura de tabla para la tabla `empresas`
--

CREATE TABLE IF NOT EXISTS `empresas` (
  `id_empresa` int(11) NOT NULL AUTO_INCREMENT,
  `usuario_id` int(11) NOT NULL,
  `name_empr` varchar(455) COLLATE utf8_spanish_ci NOT NULL,
  `nit_emp` varchar(255) COLLATE utf8_spanish_ci NOT NULL,
  `tel_emp` varchar(10) COLLATE utf8_spanish_ci NOT NULL,
  `direc_emp` varchar(255) COLLATE utf8_spanish_ci NOT NULL,
  `texto_empr` text COLLATE utf8_spanish_ci NOT NULL,
  `pais_emp` int(11) NOT NULL,
  `depart_emp` int(11) NOT NULL,
  `ciudad_emp` int(11) NOT NULL,
  PRIMARY KEY (`id_empresa`),
  KEY `usuario_id` (`usuario_id`),
  KEY `pais_emp` (`pais_emp`,`depart_emp`,`ciudad_emp`),
  KEY `depart_emp` (`depart_emp`),
  KEY `ciudad_emp` (`ciudad_emp`)
) ENGINE=InnoDB  DEFAULT CHARSET=utf8 COLLATE=utf8_spanish_ci AUTO_INCREMENT=113 ;

--
-- Volcado de datos para la tabla `empresas`
--

INSERT INTO `empresas` (`id_empresa`, `usuario_id`, `name_empr`, `nit_emp`, `tel_emp`, `direc_emp`, `texto_empr`, `pais_emp`, `depart_emp`, `ciudad_emp`) VALUES
(1, 1, 'Inquilino Inmobiliaria', '1090408264-9', '', 'Av 11 # 16-14 B. Libertad ', '', 1, 1, 1),
(2, 2, 'Induarte', '23780038-9', '', ' AV 8 NÂº 11-12 CENTROÂ ', '', 1, 1, 1),
(3, 3, 'Aleisa Jeans', '88263619-7', '', 'Av 7 NÂº 12-31 Local H 22', '', 1, 1, 1),
(4, 5, 'Toscana y Sorrento Gourmet', '900303031-4', '', '', '', 1, 1, 1),
(5, 6, 'Cicol ', '', '', '', '', 1, 1, 1),
(6, 7, 'Hotel Center Plaza Plus', '900.137.729 -4 ', '', 'Cenabastos ', '', 1, 1, 1),
(7, 8, 'Surtiflores JG', '', '', '', '', 1, 1, 1),
(8, 9, 'Churros Latinos', '60.337.644-9', '', 'Cll 9 # 1- 45 B. Latino ', '', 1, 1, 1),
(9, 10, 'Workin Uniformes Empresariales', '', '', '', '', 1, 1, 1),
(10, 11, 'La flor del Lirio', '11379325-6', '', 'av. 0 #3-92 Esquina barrio Lleras', '', 1, 1, 1),
(11, 12, 'Calzado Rudins', '1.090.414.397 - 4', '', 'calle 11 NÂª 19 - 47 Cundinamarca', '', 1, 1, 1),
(12, 13, 'Calzado Jhones', '', '', '', '', 1, 1, 1),
(13, 14, 'Agencia de Festejos Crisyen', '60.422.049- 1', '', 'Av. 1 NÂº 10-73 Centro ', '', 1, 1, 1),
(14, 15, 'Ladrillera Merkagres', '807.007.414-5', '', 'Km 2 El Zulia VÃ­a OcaÃ±a ', '', 1, 1, 1),
(15, 15, 'Best of USA boutique', '88.270.227', '', '', '', 1, 1, 1),
(16, 16, 'Constructora Futumatrix', '900654017-6', '', 'Centro Comercial River Plaza Oficina 322 ', '', 1, 1, 1),
(17, 17, 'Dnusa Cueros', '60.312.759 - 9', '', 'calle 11 NÂº 11c - 13 San JosÃ© de Torcoroma ', '', 1, 1, 1),
(18, 18, 'Opita Shoes', '79476084-9', '', 'Cll 11A # 16-60 Cundinamarca', '', 1, 1, 1),
(19, 19, 'Inversiones Kyse', '', '', '', '', 1, 1, 1),
(20, 20, 'Comercaribe', '', '', '', '', 1, 1, 1),
(21, 20, 'Joyeria Melissa', '', '', '', '', 1, 1, 1),
(22, 20, 'Imex HyS', '', '', '', '', 1, 1, 1),
(23, 20, 'Laboratorio Prosalud', '', '', '', '', 1, 1, 1),
(24, 18, 'Calzado Ifigenia', '', '', '', '', 1, 1, 1),
(25, 21, 'Verzad ', '88.193.601 - 4', '', '', '', 1, 1, 1),
(26, 22, 'Inmobiliaria Provase', '890.501.388-1', '', 'Av . 1E N 11-142 Caobos', '', 1, 1, 1),
(27, 22, 'Rolling Food Truck', '900.728.586-4', '', 'kM 1 - EstaciÃ³n Pinar del RÃ­o', '', 1, 1, 1),
(28, 23, 'Hotel B`quin Plaza', '900.331.936-3', '', 'Calle 10 # OE - 142 Centro', '', 1, 1, 1),
(29, 24, 'Servicolombia EspaÃ±a', '', '', '', '', 1, 1, 1),
(30, 25, 'Calzado Britney', '', '', '', '', 1, 1, 1),
(31, 26, 'Industrias El Nogal', '900642400-2', '', 'Cl 13 4-72 Brr. AeropuertoÂ ', '', 1, 1, 1),
(32, 27, 'Tecnoaluminios MG', '900730517-2', '', 'calle 28 NÂº 22B- 104 Av Luis Carlos Galan ', '', 1, 3, 2),
(33, 28, 'Curramba Express De La Costa S.A', '900.432.767-9', '', '', '', 1, 3, 2),
(34, 29, 'Corpoces', '80700358-9', '', '', '', 1, 1, 1),
(35, 30, 'ChekoÂ´s Jeans', '', '', 'Mz 15 Lote 13 Barrio Claret ', '', 1, 1, 1),
(36, 31, 'Cobros Johan', '', '', '', '', 1, 1, 1),
(37, 32, 'CafÃ© Galavis', '900.469.953-2', '', 'Av. 6 NÂº 6N - 31 Zona Industrial ', '', 1, 1, 1),
(38, 33, 'Punto Rojo', '', '', 'Calle 20 NÂº 19- 45 ', '', 1, 3, 2),
(39, 4, 'Decoflores', '88200248-8', '', 'Av.0 # 1-28 B. lleras ', '', 1, 1, 1),
(40, 3, 'Buxxy Jeans ', '', '', '', '', 1, 1, 1),
(41, 34, 'Produti', '', '', '', '', 1, 1, 1),
(42, 35, 'Lady Cerasi ', '37.392.146-2', '', 'Calle  11 # 12 -34 B. El Llano ', '', 1, 1, 1),
(43, 36, 'Conaxport Asesorias Empresariales', '1090434481-0', '', 'Av 11 # 16-14 B. Libertad', '', 1, 1, 1),
(44, 37, 'Walther Arrubla', '', '', 'Cll 25 18- 113 centro ', '', 1, 3, 2),
(45, 38, 'C.I Manucabrales & Cia SAS', '900.090.452 -1 ', '', 'Calle 11 # 4-39 Centro Internacional LECS OF. 306 ', '', 1, 1, 1),
(46, 39, 'La Tertulia ', '', '', 'Av0 13-20 Centro', '', 1, 1, 1),
(47, 40, 'Clinica Tu Salud', '', '', '', '', 1, 3, 2),
(48, 41, 'PsicologÃ­a Positiva ', '1.090.427.974', '', 'Cll 11 # 3-44 Centro Comercial Venecia Ofic. 218', '', 1, 1, 1),
(49, 42, 'Klaudia Parra Made Cake ', '60.390.148', '', 'Av 6 NÂº 29-28 Torre Bember Apto 602 Urb. Bella Vista Pinar del RÃ­o', '', 1, 1, 1),
(50, 43, 'Kids Estilo Fashion', '9186829-1', '', 'Oficina Ventura Plaza', '', 1, 1, 1),
(51, 44, 'Olarte Decoraciones y Festejos', '43546201 - 4', '', 'Av. 0E # 3 -55 Barrio Lleras ', '', 1, 1, 1),
(52, 45, 'Laboratorio Clinico Especializado  Yamina Cumplido Romero', '900178355-9 ', '', 'Cra. 21 NÂº 18 â€“ 75 Barrio La Ford, ', '', 1, 3, 2),
(53, 48, 'Hotel Baos', '1111111111', '', 'Cra. 23a N.22B-261 av luis carlos galan', '', 1, 3, 2),
(54, 49, 'Boutique ropa', 'NO registra', '', 'local al lado de walter arrugla', '', 1, 3, 2),
(55, 46, 'saul vega abogados asociados S.A.S.', '11111111111111111', '', 'cll 23 19-47 ofc. 301 edf. concasa', '', 1, 3, 2),
(56, 51, 'Galeria Picassso', '', '', 'Calle 25 # 28-96', '', 1, 3, 2),
(57, 52, 'Full Gloss', '37278267-8', '', '', '', 1, 1, 1),
(58, 53, 'Los Ãngeles Inc', '43164016-8', '', 'Av 11 2E-10 Centro Comercial Quinta VÃ©lez Bodytech L 204-205', '', 1, 1, 1),
(59, 54, 'La Cava de los Quesos', '13.495.435', '', 'Calle 6 # 0e-10 Ceiba ', '', 1, 1, 1),
(60, 55, 'A todo destino', '88227514-1', '5717454 - ', 'Calle 12 NÂº4 4-47 Ofc. 6 CC internacional', '', 1, 1, 1),
(61, 56, 'Cases Covers', '900.798.473 - 1', '', 'Unicentro ', '', 1, 1, 1),
(62, 57, 'CorporaciÃ³n Innovar', '900.133.071-9', '', 'Av. 7E NÂº 0-42 Quinta Bosh', '', 1, 1, 1),
(63, 58, 'Quimiandes Colombia', '00000000', '5870761', 'av7 # 19n-50 Parque Industrial Del Oriente Bod. 14 ', '', 1, 1, 1),
(64, 59, 'Taxi jorge', '000000002', 'd', 'd', '', 1, 1, 1),
(65, 60, 'Coyote Store S.A.S', '900.644.054 â€“ 6', '', 'cll 32a #34-501 av  sincelejito', '', 1, 3, 2),
(66, 61, 'Textiles De EnsueÃ±o SAS', '900.457.490-2', '5761984', 'Cll 20 # 11- 15 Barrio la Esperanza ( Villa del Rosario)', '', 1, 1, 1),
(67, 62, 'Distribuciones Nacionales Distrinal ( Maxilim)', '79.453.500 -2', '', 'Calle 6 NÂª 2-57 Barrio Latino', '', 1, 1, 1),
(68, 63, 'Unidad de Diagnostico Ginecologico y Prenatal Ser Mujer S.A.S ', '900.172.745 -0', '2820053', 'Carrera 21 NÂª 14 -45 Barrio FORD', '', 1, 3, 2),
(69, 64, 'Human Safety', '1.090.429.116', '', 'Av. 7 # 12-05 Local 4 Barrio panamericano ', '', 1, 1, 1),
(70, 65, 'M&A Soluciones Constructivas', '900.819.399 - 4', ' ', 'Av. 7 # 12 -05 Local 3', '', 1, 1, 1),
(71, 66, 'Constructora Viviendas y Proyectos S.A.S', '900.103.879 -4 ', '5717032', 'Av. 1ra N. 14 - 16 Of. 202 Edificio San Vicente II', '', 1, 1, 1),
(72, 67, 'Insumos El Bufalo', '88.237.585 -5 ', '5725616', 'Av. 9 10 - 22 El Llano', '', 1, 1, 1),
(73, 68, 'Pasabocas Chic', '88.240.640 -3', '', 'Av. 4 # 10 -98 DoÃ±a Nidia ', '', 1, 1, 1),
(74, 69, 'Quesos Cifuentes', '5.526.003 - 9', '', 'Diagonal 11 0E NÂª 15N - 24 Zulima', '', 1, 1, 1),
(75, 3, 'D`blii', '22222222222222', '', '', '', 1, 1, 1),
(76, 71, 'Confecciones KYAM', '37.443.444 -2', '3215227223', 'Av. 9 # 3N- 26 San MartÃ­n', '', 1, 1, 1),
(77, 72, 'Mi Pecado', '1090407070', '', 'Conjunto Cerrado Prados Del Este Casa 6 -21', '', 1, 1, 1),
(78, 73, 'Productos  Mapache', '900.496.087 -3', '', 'Av. 11 # 9AN -62 Chapinero Las AmÃ©ricas ', '', 1, 1, 1),
(79, 74, 'Hotel San Nicolas Campestre', '1.018.422.598', '', 'calle 17a # 2E -06 Local 1 - Calle 9 # 5-79 Chinacota ', '', 1, 1, 1),
(80, 75, 'Veterinaria El RebaÃ±o', '13507836', '5776767', 'AV. Gran Colombia 9E - 41 Barrio La Riviera', '', 1, 1, 1),
(81, 76, 'J.J Tours', '13.462.400 -2', '3107974990', 'cll 9 # 8 - 87 Centro', '', 1, 1, 1),
(82, 77, 'Sintraservisalud ', '900.759.952 -1', '', 'Cll 0 BN # 2e - 27 Quinta Bosh', '', 1, 1, 1),
(83, 78, 'Credi Cars', '900.900.392.075-8', '', 'Cll 10 # 16 -71 Cundinamarca', '', 1, 1, 1),
(84, 79, 'MarÃ­a Marcela GarcÃ­a Herreros Ramirez', '60.277.560', '3153822671', 'Av. 6E Edif. Cenit 10-03 La Riviera ', '', 1, 1, 1),
(85, 80, 'Luis Arturo DÃ­az Melendez', '', '', 'Cra 34 # 5- 29 Barrio Villas de Sevilla ( Villa del Rosario)', '', 1, 1, 1),
(86, 81, 'Exito y Fama S.A.S', '900.817.684 -1', '5887908', 'Av 11E 3N - 34 Barrio Govika', '', 1, 1, 1),
(87, 82, 'Vargas Nossa & Asociados', '88.194.598', '', 'Av. 2 # 10 -47 Edif. La Segunda 3 Piso  La Playa', '', 1, 1, 1),
(88, 83, 'Manufacturas Stoncon S.A.S', '900.633.802 -1', '', 'Calle 16N # 5-136 Corral de Piedra Frente a la Sijin', '', 1, 1, 1),
(89, 84, 'E & N Creacciones', '887.262.288', '', 'Cll  6 # 13 - 106', '', 1, 1, 1),
(90, 85, 'Acicuv- CÃºcuta Verde', '900.716.819 -3 ', '', 'Av. 6 # 10-20 Ofic. 10- 03 Ed. DACACH', '', 1, 1, 1),
(91, 86, 'Cepyn ', '88234850', '', 'cll 25 NÂº 11 -04 Bellavista - La Libertad', '', 1, 1, 1),
(92, 87, 'Hotel Villa Antigua', '60.296.332 -9', '', 'Villa del Rosario- Norte de Santander', '', 1, 1, 1),
(93, 88, 'Ifinorte', '890.501.971 -6', '5836464 / ', 'Av. 0 NÂº 9 -80 Edificio El Rosetal ', '', 1, 1, 1),
(94, 89, 'FuxiÃ³n Centro de Belleza ', '', '', 'Cra 38 # 24b -116 Avenida Principal Las Margaritas', '', 1, 3, 2),
(95, 85, 'Chucho Express', '', '5730351', 'calle 20 # 0-53 Caobos ', '', 1, 1, 1),
(96, 90, 'Alianza  Tour CÃºcuta Ltda. ', '88198729', '', 'Av 0 N 11- 99 Local 105 CÃºcuta', '', 1, 1, 1),
(97, 91, 'Gambeta Pizza Club', '13.279.728 -9', '', 'Av. #  16 - 19 La Playa', '', 1, 1, 1),
(98, 92, 'Esbelta', '', '', '', '', 1, 1, 1),
(99, 93, 'Italino Moda y Estilo', '88218557-8', '', 'Av. 4 NÂº 4an - 30 COLPET', '', 1, 1, 1),
(100, 79, 'Proyectos Educativos De CÃºcuta S.A.S ', '807007731 -5', '5896161', '', '', 1, 1, 1),
(101, 94, 'Cafetol', '807009711 -7', '', 'Calle 15 NÂº 4-73  Santa Lucia , Toledo', '', 1, 1, 1),
(102, 95, 'Decorakasa', '60411856-1', '3204366662', 'AV. 9 EN 6 -50 Local 1 La Riviera ', '', 1, 1, 1),
(103, 96, 'Arrocera el ParaÃ­so ', '', '', '', '', 1, 1, 1),
(104, 97, 'Carolina Rugeles', '60397374', '', 'cll 13 NÂº 10 - 18 El Contento ', '', 1, 1, 1),
(105, 98, 'Esbelt Medical SPA S.A.S', '900474079-1', '5893209', 'CLL 7 # 9E-22 Local 1', '', 1, 1, 1),
(106, 99, 'Hilia Jalaf', '', '', '', '', 1, 1, 1),
(107, 100, 'Milla Patricia Romero Soto', '', '', 'Calle 15 # 2E - 50 Caobos', '', 1, 1, 1),
(108, 101, 'Distribuidora Y & T', '88268272', '', 'Av. 6 NÂª 9-50 Local 49 C.C San JosÃ©', '', 1, 1, 1),
(109, 102, 'Olga Quintero', '1232389544', '577 3558', 'Av. 9E # 2-84 Quinta Oriental', '', 1, 1, 1),
(110, 103, 'Enlaces - GloriaPardo', '52094996', '', 'cll 10A # 4E-15 Casa 9 Conjunto el     - La Riviera', '', 1, 1, 1),
(111, 104, 'Aceite Cristal', '88241353-9', '5813816', 'Av. 5 NÂº 15-45 Barrio el Salado ', '', 1, 1, 1),
(112, 105, 'Olga Parra Mujeres y arte', '51587804', '', '', '', 1, 1, 1);

-- --------------------------------------------------------

--
-- Estructura de tabla para la tabla `evento`
--

CREATE TABLE IF NOT EXISTS `evento` (
  `event_id` int(11) NOT NULL AUTO_INCREMENT,
  `nam_ev` varchar(255) COLLATE utf8_spanish_ci NOT NULL,
  `desc_ev` text COLLATE utf8_spanish_ci NOT NULL,
  `fec_ev` date NOT NULL,
  PRIMARY KEY (`event_id`)
) ENGINE=InnoDB  DEFAULT CHARSET=utf8 COLLATE=utf8_spanish_ci AUTO_INCREMENT=3 ;

--
-- Volcado de datos para la tabla `evento`
--

INSERT INTO `evento` (`event_id`, `nam_ev`, `desc_ev`, `fec_ev`) VALUES
(2, 'Amor y Amistad 2015', 'Momentos de amor y amistad con grupo Proinco', '2015-09-21');

-- --------------------------------------------------------

--
-- Estructura de tabla para la tabla `imagenes_event`
--

CREATE TABLE IF NOT EXISTS `imagenes_event` (
  `id_img_evet` int(11) NOT NULL AUTO_INCREMENT,
  `rut_ev` varchar(455) COLLATE utf8_spanish_ci NOT NULL,
  `evet_id` int(11) NOT NULL,
  PRIMARY KEY (`id_img_evet`),
  KEY `evet_id` (`evet_id`)
) ENGINE=InnoDB  DEFAULT CHARSET=utf8 COLLATE=utf8_spanish_ci AUTO_INCREMENT=4 ;

--
-- Volcado de datos para la tabla `imagenes_event`
--

INSERT INTO `imagenes_event` (`id_img_evet`, `rut_ev`, `evet_id`) VALUES
(3, 'imagenes/eventos/conaxport12.0.JPG', 2);

-- --------------------------------------------------------

--
-- Estructura de tabla para la tabla `indicador`
--

CREATE TABLE IF NOT EXISTS `indicador` (
  `id_ind` int(11) NOT NULL AUTO_INCREMENT,
  `admin_id` int(11) NOT NULL,
  `tot_tareas` varchar(255) COLLATE utf8_spanish_ci NOT NULL,
  `ejecutadas_tareas` varchar(255) COLLATE utf8_spanish_ci NOT NULL,
  `proceso_tareas` varchar(255) COLLATE utf8_spanish_ci NOT NULL,
  `pendiente_tareas` varchar(255) COLLATE utf8_spanish_ci NOT NULL,
  `porc_cada` float NOT NULL,
  `porc_area` float NOT NULL,
  `tipo_area` varchar(10) COLLATE utf8_spanish_ci NOT NULL,
  `fec_ind` date NOT NULL,
  PRIMARY KEY (`id_ind`),
  KEY `admin_id` (`admin_id`)
) ENGINE=InnoDB  DEFAULT CHARSET=utf8 COLLATE=utf8_spanish_ci AUTO_INCREMENT=95 ;

--
-- Volcado de datos para la tabla `indicador`
--

INSERT INTO `indicador` (`id_ind`, `admin_id`, `tot_tareas`, `ejecutadas_tareas`, `proceso_tareas`, `pendiente_tareas`, `porc_cada`, `porc_area`, `tipo_area`, `fec_ind`) VALUES
(6, 2, '10', '5', '1', '4', 0.5, 0.631579, '6', '2015-04-01'),
(7, 9, '9', '7', '1', '1', 0.777778, 0.631579, '6', '2015-04-01'),
(8, 14, '9', '3', '6', '0', 0.333333, 0.5, '5', '2015-04-01'),
(9, 2, '5', '2', '0', '3', 0.4, 0.47619, '5', '2015-04-01'),
(10, 6, '19', '10', '6', '3', 0.526316, 0.594595, '2', '2015-04-01'),
(11, 3, '24', '13', '5', '6', 0.541667, 0.541667, '3', '2015-04-01'),
(12, 7, '1', '0', '1', '0', 0, 0, '1', '2015-04-01'),
(13, 16, '1', '0', '1', '0', 0, 0, '1', '2015-04-01'),
(14, 2, '1', '1', '0', '0', 1, 0.2, '1', '2015-04-01'),
(15, 13, '18', '15', '0', '3', 0.833333, 0.675676, '2', '2015-04-01'),
(16, 6, '1', '1', '0', '0', 1, 0.631579, '6', '2015-04-01'),
(17, 2, '4', '3', '0', '1', 0.75, 0.6, '4', '2015-04-01'),
(18, 15, '10', '7', '3', '0', 0.7, 0.5, '5', '2015-04-01'),
(19, 4, '1', '1', '0', '0', 1, 0.666667, '4', '2015-04-01'),
(20, 4, '1', '0', '0', '1', 0, 0.2, '1', '2015-04-01'),
(21, 15, '25', '8', '10', '7', 0.32, 0.21875, '5', '2015-05-01'),
(22, 9, '12', '4', '4', '4', 0.333333, 0.181818, '6', '2015-05-01'),
(23, 2, '4', '1', '0', '3', 0.25, 0.25, '4', '2015-05-01'),
(24, 14, '19', '3', '12', '4', 0.157895, 0.142857, '5', '2015-05-01'),
(25, 13, '40', '20', '4', '16', 0.5, 0.363636, '2', '2015-05-01'),
(26, 3, '19', '6', '5', '8', 0.315789, 0.315789, '3', '2015-05-01'),
(27, 6, '24', '3', '12', '9', 0.125, 0.30303, '2', '2015-05-01'),
(28, 9, '1', '1', '0', '0', 1, 0.333333, '2', '2015-05-01'),
(29, 17, '4', '0', '2', '2', 0, 0.150943, '5', '2015-05-01'),
(30, 2, '16', '3', '2', '11', 0.1875, 0.171875, '5', '2015-05-01'),
(31, 13, '27', '11', '8', '8', 0.407407, 0.27451, '2', '2015-06-01'),
(32, 3, '22', '12', '4', '6', 0.545455, 0.545455, '3', '2015-06-01'),
(33, 6, '23', '3', '13', '7', 0.130435, 0.16, '2', '2015-06-01'),
(34, 2, '9', '2', '0', '7', 0.222222, 0.1, '6', '2015-06-01'),
(35, 2, '5', '1', '0', '4', 0.2, 0.2, '4', '2015-06-01'),
(36, 17, '4', '0', '3', '1', 0, 0.0192308, '5', '2015-06-01'),
(37, 9, '12', '2', '5', '5', 0.166667, 0.190476, '6', '2015-06-01'),
(38, 15, '18', '8', '3', '7', 0.444444, 0.173077, '5', '2015-06-01'),
(39, 2, '11', '2', '1', '8', 0.181818, 0.192308, '5', '2015-06-01'),
(40, 13, '24', '10', '5', '9', 0.416667, 0.346154, '2', '2015-07-01'),
(41, 9, '16', '4', '8', '4', 0.25, 0.178571, '6', '2015-07-01'),
(42, 6, '27', '8', '14', '5', 0.296296, 0.326923, '2', '2015-07-01'),
(43, 15, '11', '2', '3', '6', 0.181818, 0.0434783, '5', '2015-07-01'),
(44, 3, '14', '3', '6', '5', 0.214286, 0.214286, '3', '2015-07-01'),
(45, 2, '8', '1', '0', '7', 0.125, 0.136364, '6', '2015-07-01'),
(46, 2, '9', '5', '0', '4', 0.555556, 0.555556, '4', '2015-07-01'),
(47, 2, '10', '2', '1', '7', 0.2, 0.0869565, '5', '2015-07-01'),
(48, 17, '5', '0', '4', '1', 0, 0.0851064, '5', '2015-07-01'),
(49, 13, '22', '13', '2', '7', 0.590909, 0.361702, '2', '2015-08-01'),
(50, 9, '14', '4', '8', '2', 0.285714, 0.2, '6', '2015-08-01'),
(51, 6, '21', '4', '11', '6', 0.190476, 0.121951, '2', '2015-08-01'),
(52, 18, '1', '0', '0', '1', 0, 0, '1', '2015-08-01'),
(53, 3, '11', '1', '5', '5', 0.0909091, 0.0909091, '3', '2015-08-01'),
(54, 2, '10', '5', '1', '4', 0.5, 0.0980392, '5', '2015-08-01'),
(55, 2, '10', '4', '0', '6', 0.4, 0.32, '6', '2015-08-01'),
(56, 19, '1', '0', '0', '1', 0, 0.2, '2', '2015-08-01'),
(57, 13, '22', '18', '0', '4', 0.818182, 0.745098, '2', '2015-09-01'),
(58, 6, '28', '20', '4', '4', 0.714286, 0.72549, '2', '2015-09-01'),
(59, 2, '5', '5', '0', '0', 1, 1, '4', '2015-09-01'),
(60, 2, '9', '9', '0', '0', 1, 0.734694, '5', '2015-09-01'),
(61, 3, '14', '5', '6', '3', 0.357143, 0.357143, '3', '2015-09-01'),
(62, 3, '1', '0', '1', '0', 0, 0.404762, '2', '2015-09-01'),
(63, 14, '28', '22', '5', '1', 0.785714, 0.77193, '5', '2015-09-01'),
(64, 9, '12', '11', '0', '1', 0.916667, 0.777778, '6', '2015-09-01'),
(65, 2, '5', '5', '0', '0', 1, 0.888889, '6', '2015-09-01'),
(66, 15, '10', '9', '0', '1', 0.9, 0.789474, '5', '2015-09-01'),
(67, 17, '5', '1', '3', '1', 0.2, 0.612245, '5', '2015-09-01'),
(68, 20, '5', '2', '2', '1', 0.4, 0.934783, '5', '2015-09-01'),
(69, 9, '1', '1', '0', '0', 1, 0.784314, '5', '2015-09-01'),
(70, 18, '7', '7', '0', '0', 1, 0.875, '1', '2015-09-01'),
(71, 21, '1', '1', '0', '0', 1, 1, '5', '2015-09-01'),
(72, 6, '17', '15', '1', '1', 0.882353, 0.758621, '2', '2015-10-01'),
(73, 13, '13', '7', '3', '3', 0.538462, 0.666667, '2', '2015-10-01'),
(74, 9, '4', '4', '0', '0', 1, 1, '6', '2015-10-01'),
(75, 3, '26', '16', '5', '5', 0.615385, 0.615385, '3', '2015-10-01'),
(76, 2, '1', '1', '0', '0', 1, 0.0769231, '5', '2015-10-01'),
(77, 20, '24', '20', '1', '3', 0.833333, 0.682927, '5', '2015-10-01'),
(78, 14, '4', '3', '1', '0', 0.75, 0.463415, '5', '2015-10-01'),
(79, 2, '8', '6', '0', '2', 0.75, 0.75, '4', '2015-10-01'),
(80, 21, '10', '5', '4', '1', 0.5, 0.75, '5', '2015-10-01'),
(81, 18, '3', '0', '2', '1', 0, 0, '1', '2015-10-01'),
(82, 15, '1', '1', '0', '0', 1, 0.658537, '5', '2015-10-01'),
(83, 21, '21', '12', '2', '7', 0.571429, 0.650794, '5', '2015-11-01'),
(84, 2, '15', '9', '1', '5', 0.6, 0.647059, '4', '2015-11-01'),
(85, 20, '18', '16', '1', '1', 0.888889, 0.583333, '5', '2015-11-01'),
(86, 3, '34', '10', '10', '14', 0.294118, 0.294118, '3', '2015-11-01'),
(87, 9, '13', '7', '1', '5', 0.538462, 0.538462, '6', '2015-11-01'),
(88, 6, '9', '5', '3', '1', 0.555556, 0.555556, '2', '2015-11-01'),
(89, 14, '22', '15', '1', '6', 0.681818, 0.721311, '5', '2015-11-01'),
(90, 13, '18', '10', '2', '6', 0.555556, 0.555556, '2', '2015-11-01'),
(91, 15, '1', '1', '0', '0', 1, 0.227273, '5', '2015-11-01'),
(92, 18, '7', '4', '1', '2', 0.571429, 0.571429, '1', '2015-11-01'),
(93, 18, '1', '1', '0', '0', 1, 0.25, '4', '2015-11-01'),
(94, 15, '2', '2', '0', '0', 1, 0.631579, '4', '2015-11-01');

-- --------------------------------------------------------

--
-- Estructura de tabla para la tabla `metab`
--

CREATE TABLE IF NOT EXISTS `metab` (
  `id_metB` int(11) NOT NULL AUTO_INCREMENT,
  `precio_mtB` decimal(10,0) NOT NULL,
  `restante_mtB` decimal(10,0) NOT NULL,
  `estado_mtB` int(11) NOT NULL,
  `mes_mtB` varchar(10) COLLATE utf8_spanish_ci NOT NULL,
  `year_mtB` varchar(10) COLLATE utf8_spanish_ci NOT NULL,
  `direc_id` int(11) NOT NULL,
  PRIMARY KEY (`id_metB`),
  KEY `direc_id` (`direc_id`)
) ENGINE=InnoDB  DEFAULT CHARSET=utf8 COLLATE=utf8_spanish_ci AUTO_INCREMENT=23 ;

--
-- Volcado de datos para la tabla `metab`
--

INSERT INTO `metab` (`id_metB`, `precio_mtB`, `restante_mtB`, `estado_mtB`, `mes_mtB`, `year_mtB`, `direc_id`) VALUES
(1, '7500000', '5587500', 0, '2', '2015', 11),
(2, '7500000', '7500000', 0, '2', '2015', 6),
(3, '10000000', '3526000', 0, '2', '2015', 2),
(4, '5000000', '3404000', 0, '2', '2015', 1),
(5, '10000000', '6200000', 0, '3', '2015', 6),
(6, '10000000', '9750000', 0, '3', '2015', 11),
(7, '10000000', '6720000', 0, '3', '2015', 2),
(8, '9340000', '7215000', 0, '4', '2015', 6),
(9, '9340000', '8790000', 0, '4', '2015', 11),
(10, '6340000', '8400000', 0, '4', '2015', 2),
(11, '5000000', '0', 0, '4', '2015', 1),
(12, '9500000', '9500000', 0, '5', '2015', 6),
(13, '9500000', '1340000', 0, '5', '2015', 11),
(14, '9500000', '9300000', 0, '5', '2015', 7),
(15, '10000000', '9750000', 0, '7', '2015', 2),
(16, '15000000', '13300000', 0, '7', '2015', 13),
(18, '15000000', '11000000', 0, '8', '2015', 13),
(19, '15000000', '13190000', 0, '8', '2015', 2),
(20, '12500000', '3800000', 0, '9', '2015', 2),
(21, '12500000', '9700000', 0, '9', '2015', 13),
(22, '4200000', '2550000', 0, '9', '2015', 7);

-- --------------------------------------------------------

--
-- Estructura de tabla para la tabla `metas`
--

CREATE TABLE IF NOT EXISTS `metas` (
  `id_meta` int(11) NOT NULL AUTO_INCREMENT,
  `precio_meta` double NOT NULL,
  `restante_meta` double NOT NULL,
  `estado_mt` varchar(10) COLLATE utf8_spanish_ci NOT NULL,
  `mes_mt` varchar(10) COLLATE utf8_spanish_ci NOT NULL,
  `year_mt` varchar(10) COLLATE utf8_spanish_ci NOT NULL,
  `depart_metas` int(11) NOT NULL,
  PRIMARY KEY (`id_meta`),
  KEY `depart_metas` (`depart_metas`)
) ENGINE=InnoDB  DEFAULT CHARSET=utf8 COLLATE=utf8_spanish_ci AUTO_INCREMENT=21 ;

--
-- Volcado de datos para la tabla `metas`
--

INSERT INTO `metas` (`id_meta`, `precio_meta`, `restante_meta`, `estado_mt`, `mes_mt`, `year_mt`, `depart_metas`) VALUES
(2, 15000000, 11180000, '', '10', '2014', 1),
(3, 15000000, 12865500, '', '11', '2014', 1),
(4, 10000000, 3465000, '', '11', '2014', 3),
(5, 15000000, 7780000, '', '12', '2014', 1),
(6, 10000000, 10000000, '', '12', '2014', 3),
(7, 15000000, 9260000, '', '1', '2015', 1),
(8, 10000000, 7840000, '', '1', '2015', 3),
(9, 20000000, 13912100, '', '2', '2015', 1),
(10, 10000000, 6550000, '', '2', '2015', 3),
(11, 30000000, 21940000, '', '3', '2015', 1),
(12, 10000000, 10000000, '', '3', '2015', 3),
(13, 28000000, 13410000, '', '4', '2015', 1),
(14, 28500000, 20320000, '', '5', '2015', 1),
(15, 30000000, 27780000, '', '6', '2015', 1),
(16, 30000000, 27930000, '', '7', '2015', 1),
(17, 30000000, 18955000, '', '8', '2015', 1),
(18, 29200000, 16050000, '', '9', '2015', 1),
(19, 25000000, 20660000, '', '10', '2015', 1),
(20, 15000000, 11450000, '', '11', '2015', 1);

-- --------------------------------------------------------

--
-- Estructura de tabla para la tabla `pagos`
--

CREATE TABLE IF NOT EXISTS `pagos` (
  `id_pago` int(11) NOT NULL AUTO_INCREMENT,
  `terceros_id` int(11) NOT NULL,
  `fecha_p` date NOT NULL,
  `valor_p` double NOT NULL,
  `concepto_p` text COLLATE utf8_spanish_ci NOT NULL,
  `estado_p` varchar(10) COLLATE utf8_spanish_ci NOT NULL,
  `tipo_pago` varchar(10) COLLATE utf8_spanish_ci NOT NULL,
  `idadP` int(11) NOT NULL,
  PRIMARY KEY (`id_pago`),
  KEY `terceros_id` (`terceros_id`),
  KEY `idadP` (`idadP`)
) ENGINE=InnoDB  DEFAULT CHARSET=utf8 COLLATE=utf8_spanish_ci AUTO_INCREMENT=765 ;

--
-- Volcado de datos para la tabla `pagos`
--

INSERT INTO `pagos` (`id_pago`, `terceros_id`, `fecha_p`, `valor_p`, `concepto_p`, `estado_p`, `tipo_pago`, `idadP`) VALUES
(2, 4, '2014-10-30', 272000, 'Pago nomina + Auxilio de transporte', '2', '1', 2),
(3, 6, '2014-10-30', 372000, 'Nomina + Aux de transporte', '2', '1', 2),
(6, 8, '2014-10-30', 250000, 'Bonificacion Apoyo', '2', '1', 2),
(7, 13, '2014-10-30', 72000, 'Aux de transporte ', '2', '1', 2),
(8, 11, '2014-10-30', 72000, 'Aux de transporte', '2', '1', 2),
(9, 12, '2014-10-30', 24000, 'Aux de transporte', '2', '1', 2),
(10, 2, '2014-10-15', 250000, 'Pago servicios: ( luz, Internet y agua)', '2', '1', 3),
(11, 3, '2014-10-30', 150000, 'Pago alimentaciÃ³n Empleados (horas de almuerzo)', '1', '1', 2),
(14, 15, '2014-10-06', 99000, 'Tarjeta de CrÃ©dito  (Dominios,muse)', '2', '1', 2),
(15, 5, '2014-10-12', 122361, 'Pago 2do credito', '2', '1', 3),
(17, 15, '2014-10-19', 350000, 'Pago CrÃ©dito', '2', '1', 3),
(18, 16, '2014-10-20', 298679, 'Pago Credito Breyner', '2', '1', 3),
(19, 18, '2014-10-25', 59948, 'Pago MiFi', '2', '1', 3),
(20, 19, '2014-10-01', 50000, 'Caja Menor Conaxport ', '2', '1', 2),
(21, 20, '2014-10-28', 61936, 'Plan Familia', '2', '1', 3),
(23, 10, '2014-10-30', 272000, 'Pago Nomina + aux de transporte', '2', '1', 2),
(24, 2, '2014-11-10', 105000, 'Celular Minutos Conaxport', '2', '1', 3),
(25, 21, '2014-10-30', 120000, 'Rodamiento sincelejo', '2', '1', 2),
(26, 4, '2014-10-30', 120000, 'Rodamiento en CÃºcuta ', '2', '1', 2),
(27, 22, '2014-10-06', 30000, 'Recarga De Cartuchos ', '2', '1', 3),
(28, 23, '2014-09-21', 5000, 'Domicilio ( ConsignaciÃ³n a Abogado)', '2', '1', 2),
(29, 24, '2014-09-30', 150000, ' Pago por concepto de prestaciÃ³n de servicios profesionales, en AsesorÃ­a y elaboraciÃ³n de contrato. Pago efectuado a travÃ©s de ConsignaciÃ³n NÂº 634347624 en Bancolombia ', '2', '1', 2),
(30, 10, '2014-10-02', 41600, 'Efectivo recibido en Talento Humano , para Gastos del Compartir de Amor y Amistad. ', '2', '1', 3),
(31, 20, '2014-09-30', 61985, 'Plan Familia ( Mes de Septiembre) ', '2', '1', 2),
(32, 5, '2014-11-05', 293169, 'Pago de CrÃ©dito NÂ° 219141003596 - 1 Adquirido eL 30/09/2014', '2', '1', 3),
(33, 25, '2014-10-24', 5950, 'Compra de Ãštiles de Aseo  ', '2', '1', 3),
(34, 15, '2014-11-05', 84000, 'Pago de Tarjeta de CrÃ©dito  ', '2', '1', 2),
(35, 5, '2014-11-05', 188000, 'Pago CrÃ©dito de tecnologÃ­a ( Computador y tablet)', '2', '1', 3),
(37, 5, '2014-11-12', 122361, 'Pago 2do credito', '2', '1', 3),
(38, 2, '2014-11-15', 250000, 'Pago Servicios de Internet ( Luz, Internet, Agua ) ', '2', '1', 2),
(39, 15, '2014-11-19', 350000, 'Pago de CrÃ©dito ', '2', '1', 2),
(40, 16, '2014-11-20', 299000, 'Pago de CrÃ©dito a Nombre de Breyner ', '2', '1', 2),
(42, 17, '2014-11-19', 127070, 'Pago de Avances. ', '2', '1', 2),
(43, 20, '2014-11-28', 64375, 'Pago Plan Familia ', '2', '1', 3),
(44, 26, '2014-10-31', 12460, 'Dulces Fruticas- DÃ­a de Halloween ', '2', '1', 3),
(45, 23, '2014-10-31', 5000, 'Domicilio ', '2', '1', 3),
(46, 27, '2014-11-01', 14000, 'Torta CumpleaÃ±os Davianna Moncada', '2', '1', 3),
(47, 15, '2014-11-06', 110000, 'Pago de Cuota  de  manejo', '2', '1', 3),
(48, 22, '2014-11-08', 10000, 'DescontaminaciÃ³n  Cartucho HP 8600', '2', '1', 3),
(49, 22, '2014-11-18', 30000, 'Recarga de Cartuchos', '2', '1', 2),
(50, 1, '2014-11-30', 607520, 'Nomina + Aux de Transporte ', '2', '1', 3),
(53, 8, '2014-11-30', 250000, 'BonificaciÃ³n de apoyo', '2', '1', 2),
(55, 28, '2014-12-30', 0, 'Rodamiento x 20 dias ', '2', '1', 2),
(57, 4, '2014-11-30', 272000, 'Nomina + Aux de Transporte', '1', '1', 2),
(58, 10, '2014-11-30', 272000, 'Nomina + Aux de transporte', '1', '1', 2),
(59, 6, '2014-11-30', 372000, 'Nomina  + Aux de transporte', '1', '1', 2),
(60, 28, '2014-11-30', 86000, 'Rodamiento x 20 dÃ­as  ( $ 80.000 + EnviÃ³ de Giro $ 6.000)', '2', '1', 3),
(61, 4, '2014-11-30', 120000, 'Rodamiento CÃºcuta', '1', '1', 2),
(62, 21, '2014-11-30', 40000, 'Rodamiento X 10 dÃ­as ', '2', '1', 3),
(63, 19, '2014-11-05', 50000, 'Caja menor', '2', '1', 2),
(64, 5, '2014-12-05', 279093, 'Pago de CrÃ©dito NÂº 219141003596 - 1 Cuota NÂº 2 ', '2', '1', 3),
(65, 15, '2014-11-05', 84000, 'Pago de Tarjeta de CrÃ©dito', '2', '1', 4),
(68, 5, '2014-12-12', 122405, 'Pago 2do CrÃ©dito  Cuota NÂº 10', '2', '1', 3),
(69, 14, '2014-12-26', 342000, 'Seguridad Social (Yesica-Paola) mes de Noviembre', '2', '1', 2),
(70, 2, '2014-12-15', 250000, 'Pagos Servicios de Internet (EnergÃ­a, Internet, Agua)  . Total mes: $ 250000', '2', '1', 3),
(72, 17, '2014-12-17', 250000, 'Pago de Avances', '2', '1', 3),
(73, 16, '2014-12-20', 299000, 'Pago de CrÃ©dito a Nombre de Breyner', '2', '1', 2),
(74, 18, '2014-12-21', 259948, 'Pago de Mifi', '2', '1', 2),
(75, 20, '2014-12-28', 64550, 'Pago Plan Familia', '2', '1', 2),
(76, 1, '2014-12-30', 638750, 'Nomina + Aux de Transporte ', '2', '1', 2),
(77, 7, '2014-12-30', 462000, 'BonificaciÃ³n de PasantÃ­as', '2', '1', 2),
(78, 15, '2014-12-05', 82000, 'Pago de Tarjeta de CrÃ©dito', '2', '1', 3),
(79, 11, '2015-02-10', 225000, 'Aux. de transporte de Diciembre , y Redireccionamientos Quimiandes ( 79.500) , Coyote ( 51.840), Saul Vega (22.800) Angles inc ( 34.680)', '2', '1', 3),
(81, 10, '2014-12-30', 172000, 'Nomina + Aux de transporte', '1', '1', 2),
(82, 4, '2014-12-30', 172000, 'Nomina + Aux de transporte', '1', '1', 2),
(83, 6, '2014-12-30', 272000, 'Nomina + Aux de transporte', '1', '1', 2),
(84, 4, '2014-12-30', 78000, 'Rodamiento CÃºcuta - 30.000 -12.000', '1', '1', 2),
(85, 28, '2014-12-23', 120000, 'Rodamiento Sincelejo', '1', '1', 2),
(86, 26, '2014-12-01', 31500, 'Resma X 5 tamaÃ±o carta', '2', '2', 2),
(87, 3, '2014-12-11', 1322000, 'Prestamos meses anteriores', '2', '2', 2),
(88, 29, '2014-12-11', 98600, 'Aroma con Difusor - Angeles Inc', '2', '2', 2),
(89, 30, '2014-12-10', 170000, 'Anticipo ElaboraciÃ³n de Stickers y Tarjetas de PresentaciÃ³n de cases Covers ', '2', '2', 2),
(90, 31, '2014-12-11', 3500, 'Compra de ColbÃ³n ', '2', '2', 2),
(91, 10, '2014-12-10', 6400, 'Transportes       Oficina - Banco \n                           Banco - Innovar ', '2', '2', 2),
(92, 10, '2014-12-11', 4200, 'Transportes de Paola y FabiÃ¡n \n Tulio - Tertulia', '2', '2', 2),
(93, 14, '2014-12-15', 9232, 'Pago de Riesgos Profesionales Correspondientes a Breyner Fuentes\nAgo-Sep  $2.500\nSep-Oct   $3.316\nOct-Nov   $3.316', '2', '1', 3),
(94, 32, '2014-12-13', 150000, 'Abono de Tarjetas de PresentaciÃ³n - PsicologÃ­a Positiva- Taxi- Bono Regalo Cases Covers', '2', '2', 2),
(95, 10, '2014-12-13', 13400, 'Transporte : Oficina- Los Angeles Inc\n                       Solution - Oficina \n                            ', '2', '1', 3),
(96, 32, '2014-12-16', 25000, 'Abono a ElaboraciÃ³n de Tarjetas de Lady Cerasi  ( Saldo 25000)', '2', '2', 2),
(97, 33, '2014-12-17', 4000, 'Domicilio - Cheque Quimiandes ', '2', '1', 3),
(98, 1, '2014-12-20', 308000, 'Prima De Servicios=  ((616000*180)/360) ', '2', '1', 3),
(99, 32, '2014-12-19', 110000, 'Pago de Saldo de Tarjetas de PresentaciÃ³n de: Lady Cerasi, Taxi, PsicologÃ­a Positiva, Bono Cases Covers ', '2', '2', 2),
(100, 32, '2014-12-22', 10000, 'Punta Redonda ( Tarjetas PsicologÃ­a Positiva)', '2', '2', 2),
(101, 34, '2014-12-22', 5600, 'Bolsas PlÃ¡sticas Para Embalaje ', '2', '2', 2),
(102, 3, '2014-12-22', 50000, 'Compartir Cena NavideÃ±a', '2', '2', 2),
(103, 3, '2014-12-27', 44000, 'Prestamo fiesta navidad', '2', '2', 2),
(104, 18, '2014-12-26', 150000, 'compra de Celulares', '2', '2', 3),
(105, 35, '2014-12-26', 142300, 'Envio Uniformes Curramba', '2', '2', 2),
(108, 3, '2014-12-01', 320000, 'Pago de PrÃ©stamos de Cafe Galvias', '2', '2', 2),
(110, 30, '2014-12-22', 180000, 'Pago restante Cases Covers', '2', '2', 2),
(111, 3, '2014-12-20', 50000, 'Comida Agradecimiento Flia Sincelejo', '2', '2', 2),
(112, 4, '2014-12-29', 30000, 'Prestamo abono rodamiento', '2', '2', 2),
(113, 32, '2014-12-26', 25000, 'Abono Tarjetas Full Gloss', '2', '2', 3),
(114, 15, '2015-01-05', 100000, 'Tarjeta CrÃ©dito ', '2', '1', 3),
(115, 4, '2014-12-29', 13000, 'Abono Gasolina y rodamiento ', '2', '2', 2),
(116, 10, '2014-12-29', 7000, 'Transporte ReuniÃ³n Mesas Victimas', '2', '2', 2),
(117, 9, '2014-12-29', 250000, 'Pago Mes Diciembre', '2', '1', 2),
(118, 5, '2015-01-12', 122500, 'Pago Cuota 11/12 CrÃ©dito 219141001959-1 ', '2', '1', 2),
(119, 5, '2015-02-12', 122500, 'Pago Cuota 12/12 CrÃ©dito 219141001959-1 ', '2', '1', 3),
(120, 5, '2015-01-05', 278013, 'Pago Cuota  3/12 crÃ©dito # 219141003596-1', '2', '1', 3),
(121, 5, '2015-02-05', 278013, 'Pago Cuota  4/12 crÃ©dito # 219141003596-1', '2', '1', 3),
(122, 5, '2015-03-05', 278013, 'Pago Cuota  5/12 crÃ©dito # 219141003596-1', '2', '1', 3),
(123, 5, '2015-04-05', 280200, 'Pago Cuota  6/12 crÃ©dito # 219141003596-1', '2', '1', 3),
(124, 5, '2015-05-05', 283000, 'Pago Cuota  7/12 crÃ©dito # 219141003596-1', '2', '1', 3),
(125, 5, '2015-06-05', 278013, 'Pago Cuota  8/12 crÃ©dito # 219141003596-1', '2', '1', 3),
(126, 5, '2015-07-05', 285000, 'Pago Cuota 9/12 crÃ©dito # 219141003596-1', '2', '1', 3),
(127, 5, '2015-08-05', 308987, 'Pago Cuota  10/12 crÃ©dito # 219141003596-1', '2', '1', 2),
(128, 5, '2015-09-05', 278013, 'Pago Cuota  11/12 crÃ©dito # 219141003596-1', '2', '1', 3),
(129, 5, '2015-10-05', 81000, 'Pago Cuota  12/12 crÃ©dito # 219141003596-1 (( Se queda debiendo el restante )', '2', '1', 3),
(130, 15, '2015-01-19', 350852, 'Pago Cuota 7/36 CrÃ©dito: 254669176', '2', '1', 3),
(131, 15, '2015-02-19', 370000, 'Pago Cuota 8/36 CrÃ©dito: 254669176', '2', '1', 3),
(132, 15, '2015-03-19', 355000, 'Pago Cuota 9/36 CrÃ©dito: 254669176', '2', '1', 3),
(133, 15, '2015-04-19', 350750, 'Pago Cuota 10/36 CrÃ©dito: 254669176', '2', '1', 3),
(134, 15, '2015-05-19', 322166, 'Pago Cuota 11/36 CrÃ©dito: 254669176', '1', '1', 3),
(135, 15, '2015-06-19', 361778, 'Pago Cuota 12/36 CrÃ©dito: 254669176', '1', '1', 3),
(136, 15, '2015-07-19', 350750, 'Pago Cuota 13/36 CrÃ©dito: 254669176', '1', '1', 2),
(137, 15, '2015-08-19', 350750, 'Pago Cuota 14/36 CrÃ©dito: 254669176', '1', '1', 2),
(138, 15, '2015-09-19', 350750, 'Pago Cuota 15/36 CrÃ©dito: 254669176', '1', '1', 2),
(139, 15, '2015-10-19', 350750, 'Pago Cuota 16/36 CrÃ©dito: 254669176', '1', '1', 2),
(140, 15, '2015-11-19', 350750, 'Pago Cuota 17/36 CrÃ©dito: 254669176', '1', '1', 2),
(141, 15, '2015-12-19', 350750, 'Pago Cuota 18/36 CrÃ©dito: 254669176', '1', '1', 2),
(142, 15, '2016-01-19', 350750, 'Pago Cuota 19/36 CrÃ©dito: 254669176', '1', '1', 2),
(143, 15, '2016-02-19', 350750, 'Pago Cuota 20/36 CrÃ©dito: 254669176', '1', '1', 2),
(144, 15, '2016-03-19', 350750, 'Pago Cuota 21/36 CrÃ©dito: 254669176', '1', '1', 2),
(145, 15, '2016-04-19', 350750, 'Pago Cuota 22/36 CrÃ©dito: 254669176', '1', '1', 2),
(146, 15, '2016-05-19', 350750, 'Pago Cuota 23/36 CrÃ©dito: 254669176', '1', '1', 2),
(147, 15, '2016-06-19', 350750, 'Pago Cuota 24/36 CrÃ©dito: 254669176', '1', '1', 2),
(148, 15, '2016-07-19', 350750, 'Pago Cuota 25/36 CrÃ©dito: 254669176', '1', '1', 2),
(149, 15, '2016-08-19', 350750, 'Pago Cuota 26/36 CrÃ©dito: 254669176', '1', '1', 2),
(150, 15, '2016-09-19', 350750, 'Pago Cuota 27/36 CrÃ©dito: 254669176', '1', '1', 2),
(151, 15, '2016-10-19', 350750, 'Pago Cuota 28/36 CrÃ©dito: 254669176', '1', '1', 2),
(152, 15, '2016-11-19', 350750, 'Pago Cuota 29/36 CrÃ©dito: 254669176', '1', '1', 2),
(153, 15, '2016-12-19', 350750, 'Pago Cuota 30/36 CrÃ©dito: 254669176', '1', '1', 2),
(154, 15, '2017-01-19', 350750, 'Pago Cuota 31/36 CrÃ©dito: 254669176', '1', '1', 2),
(155, 15, '2017-02-19', 350750, 'Pago Cuota 32/36 CrÃ©dito: 254669176', '1', '1', 2),
(156, 15, '2017-03-19', 350750, 'Pago Cuota 33/36 CrÃ©dito: 254669176', '1', '1', 2),
(157, 15, '2017-04-19', 350750, 'Pago Cuota 34/36 CrÃ©dito: 254669176', '1', '1', 2),
(158, 15, '2017-05-19', 350750, 'Pago Cuota 35/36 CrÃ©dito: 254669176', '1', '1', 2),
(159, 15, '2017-06-19', 350700, 'Pago Cuota 36/36 CrÃ©dito: 254669176', '1', '1', 2),
(160, 2, '2015-01-15', 250000, 'Pago Servicios Internet + Luz + Agua', '2', '1', 2),
(161, 2, '2015-02-15', 250000, 'Pago Servicios Internet + Luz + Agua', '2', '1', 3),
(162, 2, '2015-03-15', 250000, 'Pago Servicios Internet + Luz + Agua ', '2', '1', 3),
(163, 2, '2015-04-15', 250000, 'Pago Servicios Internet + Luz + Agua', '2', '1', 3),
(164, 2, '2015-05-15', 250000, 'Pago Servicios Internet + Luz + Agua', '2', '1', 3),
(165, 2, '2015-06-15', 100000, 'Pago Servicios Internet + Luz + Agua Saldo $ 150000', '2', '1', 3),
(171, 2, '2015-12-15', 250000, 'Pago Servicios Internet + Luz + Agua', '1', '1', 2),
(172, 20, '2015-01-10', 160500, 'Plan Corporativo Celular', '2', '1', 3),
(173, 20, '2015-01-13', 37301, 'Plan TelefonÃ­a Fija - Internet NÂº028549929', '2', '1', 3),
(174, 37, '2014-12-30', 200000, 'BonificaciÃ³n Apoyo en Marketing Online 21 Dias + Ayuda evento', '2', '1', 2),
(175, 38, '2014-12-30', 51600, 'RetenciÃ³n en la Fuente pagada', '2', '2', 3),
(176, 16, '2015-01-19', 298679, ' CrÃ©dito NÂª  30013525304\nCuota 9/48', '2', '1', 3),
(177, 16, '2015-02-19', 300000, 'Cuota 10/48', '2', '1', 3),
(178, 16, '2015-03-19', 0, 'Cuota 11/48', '2', '1', 2),
(179, 16, '2015-04-19', 300000, 'Cuota 12/48', '2', '1', 3),
(185, 16, '2015-10-19', 298679, 'Cuota 18/48', '1', '1', 3),
(187, 16, '2015-12-19', 298679, 'Cuota 20/48', '1', '1', 3),
(188, 39, '2014-12-30', 900000, 'Costo Abono Uniformes Empresariales Curramba', '2', '2', 2),
(189, 4, '2014-12-30', 27000, 'Pago Compartir ', '2', '2', 2),
(190, 6, '2014-12-30', 300000, 'Abono de nomina (FabiÃ¡n, Paola, Breyner)', '2', '2', 2),
(191, 14, '2015-01-19', 340000, 'Seguridad Social (Yesica-Paola) mes de Diciembre', '2', '1', 3),
(192, 1, '2015-01-30', 666802, 'Pago Nomina  Saldo ', '2', '1', 3),
(193, 1, '0000-00-00', 666800, 'Pago Nomina ', '1', '1', 2),
(194, 1, '2015-03-30', 666800, 'Pago Nomina ', '2', '1', 2),
(195, 1, '2015-04-30', 666800, 'Pago Nomina ', '2', '1', 3),
(196, 1, '2015-05-30', 666800, 'Pago Nomina ', '2', '1', 3),
(197, 1, '2015-06-30', 666800, 'Pago Nomina ', '2', '1', 3),
(198, 1, '2015-07-30', 666800, 'Pago Nomina ', '2', '1', 3),
(199, 1, '2015-08-30', 670000, 'Pago Nomina ', '2', '1', 3),
(203, 1, '2015-12-30', 666800, 'Pago Nomina ', '1', '1', 2),
(204, 7, '2015-01-30', 450000, 'Pago BonificaciÃ³n ', '2', '1', 3),
(205, 32, '2015-01-09', 25000, 'Pago de Saldo de Tarjetas de Full Gloss', '2', '2', 3),
(206, 17, '2015-01-14', 280000, 'Pago Tarjeta de CrÃ©dito Dominios', '2', '1', 3),
(207, 10, '2015-01-05', 60000, 'Ramo Funebre Apoyo Proinco', '2', '2', 2),
(208, 76, '2015-01-13', 75600, 'Retenciones Aplicadas \n- Retefte  10%\n- Ica  5% ', '2', '2', 3),
(209, 82, '2015-01-13', 50000, 'Caja Menor', '2', '1', 2),
(210, 6, '2015-01-30', 317000, 'ViÃ¡ticos Viaje a Sincelejo  ( Enero) ', '2', '2', 2),
(211, 31, '2015-01-13', 6200, 'Calendario Programador Pared ', '2', '2', 3),
(212, 27, '2015-01-16', 16000, ' Torta y Gaseosa ( CumpleaÃ±os Slendy)', '2', '2', 3),
(213, 37, '2015-12-30', 250000, 'Apoyo Marketing', '1', '1', 2),
(214, 37, '2015-01-30', 250000, 'Apoyo Marketing', '2', '1', 3),
(215, 37, '0000-00-00', 250000, 'Apoyo Marketing', '1', '1', 2),
(216, 37, '2015-03-30', 308333, 'Apoyo Marketing ', '2', '1', 3),
(217, 37, '2015-04-30', 308333, 'Apoyo Marketing', '2', '1', 3),
(218, 37, '2015-05-30', 325000, 'Apoyo Marketing', '2', '1', 3),
(219, 37, '2015-06-30', 325000, 'Apoyo Marketing', '2', '1', 3),
(220, 37, '2015-07-30', 316666, 'Apoyo Marketing', '2', '1', 3),
(221, 37, '2015-08-30', 292000, 'Apoyo Marketing', '2', '1', 3),
(222, 37, '2015-09-30', 200000, 'Apoyo Marketing', '2', '1', 3),
(223, 37, '2015-10-30', 390667, 'Apoyo Marketing ', '2', '1', 3),
(224, 37, '2015-11-30', 724000, 'Apoyo Marketing', '1', '1', 3),
(225, 37, '2015-12-30', 250000, 'Apoyo Marketing', '1', '1', 2),
(226, 18, '2015-01-25', 59904, 'Internet Movil', '2', '1', 3),
(227, 18, '2015-02-25', 59900, 'Internet Movil', '2', '1', 3),
(228, 18, '2015-03-25', 62901, 'Internet Movil', '2', '1', 3),
(229, 18, '2015-04-25', 62907, 'Internet Movil', '2', '1', 3),
(230, 18, '2015-05-25', 62971, 'Internet Movil', '2', '1', 3),
(235, 21, '2015-01-19', 34000, 'Transporte de Firma de Contrato Coyote Store ', '2', '2', 3),
(236, 15, '2015-01-19', 26880, 'Gastos Financieros ( GMF, IVA,ComisiÃ³n ConsignaciÃ³n Nacional)', '2', '2', 3),
(237, 9, '2015-01-20', 70000, 'CancelaciÃ³n de AfiliaciÃ³n a Salud, y Arp ', '2', '2', 3),
(238, 9, '2015-01-30', 660000, 'Pago PrestaciÃ³n de Servicios', '2', '1', 3),
(239, 139, '2015-01-20', 30200, 'Tarjetero y Argolla', '2', '2', 2),
(240, 15, '2015-01-20', 2500, 'descuentos Por Cajero Automatico 2 transacciones', '2', '2', 2),
(242, 20, '2015-02-03', 30000, 'CancelaciÃ³n Plan Familia', '2', '1', 3),
(243, 143, '2015-01-22', 159900, 'Biblioteca Puertas', '2', '2', 3),
(244, 145, '2015-01-23', 40000, 'Mantenimiento Aire Acondicionado', '2', '2', 3),
(245, 144, '2015-01-22', 13666, 'Saldo En la Cuenta de Bancolombia - Gastos Financieros', '2', '2', 3),
(246, 37, '2015-01-24', 33600, 'Retorno Pasajes de Diciembre', '2', '2', 2),
(247, 6, '2015-01-30', 120000, 'Auxilio de Transporte', '2', '1', 3),
(248, 4, '2015-01-30', 120000, 'Aux. de Trasporte', '2', '1', 3),
(249, 70, '2015-01-30', 63000, 'Retenciones Aplicadas- Rtfe 6 % ', '2', '2', 3),
(250, 7, '2015-01-30', 50000, 'Anticipo De Nomina ', '2', '1', 3),
(251, 20, '2015-02-06', 64893, 'Plan TelefonÃ­a Fija - Internet NÂº028549929', '2', '1', 3),
(252, 20, '2015-02-09', 161037, 'Plan Corporativo Celular', '2', '1', 3),
(253, 17, '2015-02-17', 192989, 'Pago Tarjeta de CrÃ©dito Dominios', '2', '1', 3),
(254, 15, '2015-02-09', 133000, 'Tarjeta de CrÃ©dito ', '2', '1', 3),
(255, 9, '0000-00-00', 660000, 'Pago PrestaciÃ³n de Servicios', '1', '1', 3),
(256, 9, '2015-03-30', 660000, 'Pago PrestaciÃ³n de Servicios', '2', '1', 2),
(257, 9, '2015-04-30', 660000, 'Pago PrestaciÃ³n de Servicios', '2', '1', 3),
(258, 7, '0000-00-00', 450000, 'Pago BonificaciÃ³n ', '1', '1', 3),
(259, 7, '2015-03-30', 500000, 'Pago BonificaciÃ³n ', '2', '1', 3),
(260, 9, '0000-00-00', 660000, 'Pago PrestaciÃ³n de Servicios', '1', '1', 3),
(261, 9, '0000-00-00', 660000, 'Pago de PrestaciÃ³n de servicios de DiseÃ±o ', '1', '1', 3),
(262, 6, '2015-01-30', 200000, 'Pago de Gastos Sincelejo prestamo de Inquilino', '2', '2', 2),
(263, 6, '2015-03-15', 448200, 'Pago viaje Sincelejo Enero', '2', '2', 2),
(264, 143, '2015-01-31', 46300, 'Implementos de Oficina para plan de mercadeo', '2', '2', 2),
(265, 6, '2015-02-15', 250000, 'Prestamo a Conaxport para nomina Mes Enero', '2', '2', 3),
(266, 37, '0000-00-00', 250000, 'Apoyo Marketing', '1', '1', 3),
(267, 37, '0000-00-00', 250000, 'Apoyo a Marketing', '1', '1', 3),
(268, 37, '0000-00-00', 250000, 'Apoyo a Marketing', '1', '1', 3),
(269, 37, '0000-00-00', 250000, 'Apoyo a Marketing', '1', '1', 3),
(270, 37, '2015-02-28', 250000, 'Apoyo a Marketing ', '2', '1', 2),
(271, 7, '2015-02-28', 500000, 'Pago BonificaciÃ³n', '2', '1', 2),
(272, 4, '2015-03-09', 120000, 'Auxilio de Transporte ( Febrero)', '2', '1', 3),
(273, 6, '2015-02-28', 120000, 'Auxilio de Transporte', '2', '1', 2),
(274, 1, '2015-02-28', 667000, 'Pago de Nomina', '2', '1', 2),
(275, 87, '2015-03-09', 240000, 'DevoluciÃ³n En Venta ', '2', '2', 3),
(276, 9, '2015-02-28', 660000, 'Pago PrestaciÃ³n de servicios Febrero', '2', '1', 2),
(277, 6, '2015-02-09', 5000, 'Parqueadero - ReuniÃ³n JoyerÃ­a Melissa', '2', '2', 3),
(278, 9, '2015-02-09', 2000, 'Parqueadero ReuniÃ³n Joyeria Melissa', '2', '2', 3),
(279, 152, '2015-02-28', 418000, 'Pago PrestaciÃ³n de Servicios - Asesor Comercial', '2', '1', 2),
(280, 155, '2015-02-28', 328658, 'Pago PrestaciÃ³n de Servicios - DiseÃ±o 26 DÃ­as', '2', '1', 2),
(281, 153, '2015-02-28', 293333, 'Pago PrestaciÃ³n de Servicios - Asesor de servicios', '2', '1', 2),
(282, 1, '2015-11-29', 513706, 'CesantÃ­as ( 616.000+72.000*240)/360= 458.666\nInt/  Cesantias= 458.666 * 0.12=  55.040', '1', '2', 3),
(283, 156, '2015-02-07', 3500, 'Tela ', '2', '2', 3),
(284, 6, '2015-02-10', 5000, 'Taxi ( Joyeria Melissa)', '2', '2', 3),
(285, 15, '2015-02-09', 26821, 'Saldo en Cuenta ', '2', '2', 3),
(286, 157, '2015-02-10', 36000, 'Impresiones Portafolio de servicios ', '2', '2', 3),
(287, 28, '2015-01-29', 120000, 'Pago Rodamiento Diciembre', '2', '1', 2),
(288, 23, '2015-02-10', 5000, 'Domicilio Zapatos Lady Cerasi ', '2', '2', 3),
(289, 67, '2015-02-10', 60000, 'Auditorio para capacitaciÃ³n Conaxport', '2', '2', 3),
(290, 47, '2015-02-10', 20000, 'Pasabocas  CapacitaciÃ³n de Conaxport', '2', '2', 3),
(291, 14, '2015-02-19', 357900, 'Pago Seguridad Social Planilla NÂª 6293', '2', '1', 3),
(292, 159, '2015-02-12', 2300, 'RenovaciÃ³n de  Camara de Comercio ', '2', '2', 3),
(293, 159, '2015-02-16', 55500, 'RenovaciÃ³n CÃ¡mara de Comercio ', '2', '2', 3),
(294, 23, '2015-02-16', 5000, 'Domicilio Pago tarjeta de CrÃ©dito Banco de Bogota ', '2', '2', 3),
(295, 23, '2015-02-16', 3000, 'Domicilio ( Sello MyA Soluciones Constructivas) ', '2', '2', 3),
(296, 4, '2015-02-17', 3000, 'Carpeta Para Portafolio ', '2', '2', 3),
(297, 9, '2015-02-16', 85000, 'Anticipo Para pago de Salud y Riesgos ', '2', '1', 3),
(298, 159, '2015-02-17', 8425, 'Pasta Catalogo 3 tornillos, y Acetatos ', '2', '2', 3),
(299, 23, '2015-02-17', 14000, 'Domicilio y Copias de Llaves ', '2', '2', 3),
(300, 23, '2015-02-18', 6000, 'Taxi - Caja de Luz ', '2', '2', 3),
(301, 31, '2015-02-18', 7000, 'Silicona Liquida, y Caja de Grapas ', '2', '2', 3),
(302, 115, '2015-02-19', 5000, 'Recorte de Puntas de Tarjetas ', '2', '2', 3),
(303, 11, '2015-02-28', 285000, 'pago de Nomina', '2', '1', 2),
(304, 167, '2015-02-28', 29600, 'Auxilio de Transporte', '2', '1', 2),
(305, 168, '2015-02-28', 20000, 'Auxilio de transporte', '2', '1', 3),
(306, 39, '2015-04-08', 326000, 'Saldo de Uniformes de Curramba Entregados ', '2', '2', 3),
(307, 1, '2015-02-23', 11000, 'Torta, Vasos CumpleaÃ±os Jhohan ', '2', '2', 3),
(308, 9, '2015-02-19', 16000, 'Taxis Fotos Joyeria Melissa, Cases Covers', '2', '2', 3),
(309, 20, '2015-03-12', 161591, 'Plan corporativo Celular', '2', '1', 3),
(310, 9, '2015-03-05', 85000, 'Anticipo para pago de Salud y  Riesgos ', '2', '1', 3),
(311, 14, '2015-03-16', 342963, 'Pago de seguridad Social  Planilla # 7681', '2', '1', 3),
(312, 20, '2015-03-20', 64200, 'Plan Corporativo . (2 Planes Extra)', '2', '1', 3),
(314, 152, '2015-03-30', 696000, 'Pago de Nomina , y Comisiones del Mes De Febrero. Saldo Por Pagar   ($ 6.150)', '2', '1', 3),
(315, 9, '2015-02-25', 15000, 'Taxis, SesiÃ³n de Fotos Calzado Rudins', '2', '2', 3),
(316, 4, '2015-02-28', 0, 'Pago de PrÃ©stamo de Inquilino', '2', '2', 2),
(317, 170, '2015-02-28', 20000, 'Pago de Bolso, Guantes CafÃ© Grano', '2', '2', 3),
(318, 171, '2015-02-28', 20000, 'Ayuda a la FundaciÃ³n de Los Abuelos', '2', '2', 3),
(319, 37, '2015-02-28', 33400, 'Dias trabajados x 4', '2', '2', 2),
(320, 153, '2015-02-28', 25000, 'Torta y celebraciÃ³n CumpleaÃ±os Albeth', '2', '2', 2),
(321, 172, '2015-02-28', 100000, 'BonificaciÃ³n Por Apoyo en Llamadas Copnaxport', '2', '2', 3),
(322, 173, '2015-02-28', 236600, 'Compra Escritorios y sillas *2 ', '2', '2', 2),
(323, 174, '2015-02-27', 13900, 'Certificado notariado Para Banco Mujer', '2', '1', 2),
(324, 174, '2015-02-27', 13900, 'Certificado notariado Para Banco Mujer', '2', '1', 2),
(325, 175, '2015-03-02', 23300, 'AZ Carta, caja de lapiceros y Huellero ', '2', '2', 3),
(326, 32, '2015-03-02', 95000, 'Tarjetas de PresentaciÃ³n Klaudia Parra- Conaxport', '2', '2', 3),
(327, 5, '2015-04-09', 352439, 'Pago de Cuota 1/24 CrÃ©dito # 219151004675-1', '2', '1', 3),
(328, 5, '2015-05-09', 305100, 'Pago de Cuota 2/24 CrÃ©dito # 219151004675-1', '2', '1', 3),
(329, 5, '2015-06-09', 303159, 'Pago de Cuota 3/24 CrÃ©dito # 219151004675-1', '2', '1', 3),
(330, 5, '2015-07-09', 306500, 'Pago de Cuota 4/24 CrÃ©dito # 219151004675-1', '2', '1', 3),
(331, 5, '2015-08-09', 303159, 'Pago de Cuota 5/24 CrÃ©dito # 219151004675-1', '2', '1', 3),
(332, 5, '2015-09-09', 304000, 'Pago de Cuota 6/24 CrÃ©dito # 219151004675-1', '2', '1', 3),
(333, 5, '2015-10-09', 306000, 'Pago de Cuota 7/24 CrÃ©dito # 219151004675-1', '2', '1', 3),
(334, 5, '2015-11-09', 303159, 'Pago de Cuota 8/24 CrÃ©dito # 219151004675-1', '1', '1', 3),
(335, 5, '2015-12-09', 303159, 'Pago de Cuota 9/24 CrÃ©dito # 219151004675-1', '1', '1', 3),
(336, 11, '2015-03-30', 561000, 'Pago de Nomina', '2', '1', 3),
(337, 168, '2015-03-30', 74000, 'Auxilio de Transporte', '2', '1', 2),
(338, 167, '2015-03-30', 74000, 'Auxilio de transporte', '2', '1', 3),
(339, 153, '2015-03-30', 400000, 'BonificaciÃ³n Apoyo en Mercadeo', '2', '1', 2),
(340, 176, '2015-03-30', 74000, 'Auxilio de Transporte', '2', '1', 2),
(341, 155, '2015-03-30', 380000, 'BonificaciÃ³n Apoyo en DiseÃ±o', '2', '1', 3),
(342, 22, '2015-03-04', 45000, 'Recarga de Cartuchos ', '2', '2', 3),
(343, 6, '2015-03-09', 771000, 'Viaje Sincelejo Marzo', '2', '2', 2),
(344, 7, '2015-03-06', 10000, 'Taxis ReuniÃ³n Corpoces', '2', '2', 3),
(345, 15, '2015-03-09', 182000, 'Pago de Tarjeta de CrÃ©dito', '2', '1', 2),
(346, 159, '2015-03-10', 2300, 'Certificado Camara de Comercio', '2', '2', 3),
(347, 179, '2015-03-10', 3600, 'Carpeta y Separadores', '2', '2', 3),
(348, 180, '2015-03-10', 5000, 'Domicilio Pago de Tarjeta de CrÃ©dito de Banco de Bogota', '2', '2', 3),
(349, 7, '2015-03-10', 10000, 'Taxis Transporte ReuniÃ³n Inmobiliaria Provase', '2', '2', 3),
(350, 17, '2015-03-17', 291850, 'Pago de Tarjeta de CrÃ©dito', '2', '1', 3),
(351, 180, '2015-03-11', 4000, 'Entrega de Sello Lady Cerasi', '2', '2', 3),
(352, 182, '2015-03-12', 100000, 'Mantenimiento de Computador', '2', '2', 3),
(353, 6, '2015-03-11', 20000, 'Transporte', '2', '2', 3),
(354, 33, '2015-03-12', 4000, 'Domicilio Arreglo de Computador', '2', '2', 3),
(355, 33, '2015-03-12', 4000, 'Domicilio Entrega de Tarjetas Klaudia Parra', '2', '2', 3),
(356, 1, '2015-03-13', 27900, 'Torta , Serpentina , Gaseosa  Mileydi GÃ³mez', '2', '2', 3),
(357, 1, '2015-03-13', 2400, 'Vasos Y servilletas ', '2', '2', 3),
(358, 184, '2015-03-13', 70000, 'InscripciÃ³n a Salud, y Riesgos . FabiÃ¡n Morales', '2', '2', 3),
(359, 1, '2015-03-14', 5000, 'Compra Ãštiles de Aseo', '2', '2', 3),
(360, 185, '2015-03-16', 31300, 'Compra de AZ,  separadores, Recibos de caja Menor', '2', '2', 3),
(361, 6, '2015-03-16', 11000, 'Transporte ReuniÃ³n ', '2', '2', 3),
(362, 187, '2015-03-30', 134447, 'Pago de Dominio de Aleisa Jeans', '2', '2', 3),
(363, 6, '2015-03-16', 50000, 'Pago de Prestamo', '2', '2', 3),
(364, 33, '2015-03-16', 4000, 'Domicilio de Pago de Cuota Banco Colpatria', '2', '2', 3),
(365, 20, '2015-03-16', 64930, 'TelefonÃ­a Fija e Internet ', '2', '1', 3),
(366, 188, '2015-03-17', 15000, '4 Pares de Pilas AA', '2', '2', 3),
(367, 3, '2015-03-30', 100000, 'Servicio de Luz ( Internet)', '2', '1', 3),
(368, 6, '2015-03-17', 20000, 'Taxis ReuniÃ³n Cases Covers ', '2', '2', 3),
(369, 31, '2015-03-18', 3500, 'Pega Stic ', '2', '2', 3),
(370, 31, '2015-03-19', 2400, 'Dos Mil Cuatrocientos Pesos ', '2', '2', 3),
(371, 4, '2015-03-22', 22000, 'Compra de Tela Uniformes Pasabocas Chic', '2', '2', 3),
(372, 187, '2015-03-21', 74000, 'Pago de RenovaciÃ³n de Dominio de Toscana y Sorrento', '2', '2', 3),
(373, 153, '2015-03-21', 3000, 'Domicilio ', '2', '2', 3),
(374, 6, '2015-03-20', 250000, 'ViÃ¡ticos CapacitaciÃ³n Cases Covers', '2', '2', 3),
(375, 1, '2015-03-24', 21500, 'Compra de Torta CumpleaÃ±os Alexandra ', '2', '2', 3),
(376, 39, '2015-04-08', 336000, 'Pago ElaboraciÃ³n de Uniformes Pasabocas Chic', '2', '2', 3),
(377, 1, '2015-03-25', 3000, 'Compra de Carpetas, Pasaje ReuniÃ³n Los Angeles ( Albert)', '2', '2', 3),
(378, 180, '2015-03-24', 5000, 'Domicilio ConsignaciÃ³n', '2', '2', 3),
(379, 33, '2015-03-26', 4000, 'Domicilio Pago de Cuota Banco Caja Social', '2', '2', 3),
(380, 171, '2015-03-27', 20000, 'Apoyo a FundaciÃ³n " Edificando Juntos" ', '2', '1', 3),
(381, 6, '2015-03-26', 10000, 'Transporte  ReuniÃ³n Cases Covers', '2', '2', 3),
(382, 6, '2015-03-29', 40000, 'Compra de Detalle " Breyner Fuentes" ', '2', '2', 3),
(383, 1, '2015-03-30', 22800, 'Compra de Torta Breyner Fuentes ', '2', '2', 3),
(384, 176, '2015-03-30', 4000, 'Compra de Bombas ', '2', '2', 3),
(385, 20, '2015-04-10', 65157, 'Servicio de TelefonÃ­a Fija e Internet ', '2', '1', 3),
(386, 187, '2015-03-31', 66978, 'Pago de RenovaciÃ³n de Dominio De Induarte ', '2', '2', 3),
(387, 11, '2015-03-31', 4000, 'PrÃ©stamo ', '2', '2', 3),
(388, 153, '2015-03-31', 2000, 'Gastos InvestigaciÃ³n de Mercado ', '2', '2', 3),
(389, 191, '2015-03-30', 50000, 'Auxilio de Transporte por 20 dÃ­as de Marzo ', '2', '1', 3),
(390, 9, '2015-04-05', 85000, 'Anticipo para pago de Salud y Riesgos', '2', '1', 3),
(391, 184, '2015-04-05', 85000, 'Pago de Salud y Riesgos FabiÃ¡n Morales', '2', '1', 3),
(392, 155, '2015-04-30', 430666, 'BonificaciÃ³n Apoyo en DiseÃ±o', '2', '1', 3),
(393, 155, '2015-05-30', 519333, 'BonificaciÃ³n Apoyo en DiseÃ±o', '2', '1', 3),
(394, 22, '2015-04-01', 15000, 'Recarga de Cartucho Negro ', '2', '2', 3),
(395, 6, '2015-03-24', 50000, 'Gastos transporte', '2', '2', 2),
(396, 6, '2015-03-31', 20000, 'Parqueadero ReuniÃ³n y Capacitacion Aleisa', '2', '2', 3),
(397, 20, '2015-04-13', 186178, 'Plan TelefonÃ­a Celular - 5 Sim Card ', '2', '1', 3),
(398, 14, '2015-04-17', 178100, 'Pago de Seguridad Social Yesica Fonseca - Planilla NÂª 7045', '2', '1', 3),
(399, 20, '2015-04-17', 64243, 'Pago de Plan Corporativo 2 Sim Card', '2', '1', 3),
(400, 6, '2015-04-09', 10000, 'Transporte ReuniÃ³n C.I Manue Cabrales ', '2', '2', 3),
(401, 9, '2015-04-09', 13000, 'Transporte SesiÃ³n de Fotos JoyerÃ­a Melissa', '2', '2', 3),
(402, 187, '2015-04-13', 135673, 'RenovaciÃ³n de Dominio Hotel Center Plaza Plus ', '2', '2', 3),
(403, 17, '2015-04-21', 197515, 'Pago de Tarjeta de CrÃ©dito ', '2', '1', 3),
(404, 6, '2015-03-10', 52000, 'Gastos Varios ', '2', '2', 3),
(405, 6, '2015-04-10', 52000, 'Gastos Varios', '2', '2', 3),
(406, 9, '2015-04-14', 11000, 'Taxis, Transporte SesiÃ³n de Fotos Joyeria Melissa ', '2', '2', 3),
(407, 6, '2015-04-13', 30000, 'Transporte CapacitaciÃ³n Cases Covers ', '2', '2', 3),
(408, 11, '2015-04-14', 5000, 'Vale de Nomina', '2', '2', 3),
(409, 78, '2015-04-15', 100589, 'Pago de RenovaciÃ³n de Dominio ', '2', '2', 3),
(410, 33, '2015-04-15', 4000, 'Domicilio ( Decoflores)', '2', '2', 3),
(411, 187, '2015-04-14', 318942, 'RenovaciÃ³n Dominio Inquilino', '2', '2', 3),
(412, 1, '2015-04-07', 23500, 'Compra de Torta, Vasos, y Gaseosa . CumpleaÃ±os Arley Duarte', '2', '2', 3),
(413, 140, '2015-04-15', 142000, 'Pago para Evento ', '2', '2', 3),
(414, 6, '2015-04-13', 177000, 'Gastos " Cases Covers" Efectivo que estaba en la Cuenta de Bancolombia ', '2', '2', 3),
(415, 33, '2015-04-16', 4000, 'Domicilio ( Estados Financieros) ', '2', '2', 3),
(416, 197, '2015-04-16', 40000, 'ElaboraciÃ³n de Estados Financieros ', '2', '2', 3),
(417, 84, '2015-04-16', 72000, 'RetenciÃ³n en la Fuente del 6% ', '2', '2', 3),
(418, 9, '2015-04-16', 11000, 'Taxis SesiÃ³n de Fotos Insumos el BÃºfalo ', '2', '2', 3),
(419, 180, '2015-04-16', 4000, 'Domicilio Saldo C.I Manue Cabrales ', '2', '2', 3),
(420, 33, '2015-04-17', 4000, 'Domicilio a Opita Shoes', '2', '2', 3),
(421, 6, '2015-04-17', 10000, 'Taxis ReuniÃ³n Maxilim ', '2', '2', 3),
(422, 198, '2015-04-18', 760000, 'Abono a Prestamo', '2', '2', 3),
(423, 176, '2015-04-30', 74000, 'Auxilio de Transporte', '2', '1', 3),
(424, 167, '2015-04-30', 74000, 'Auxilio de Transporte . Mes de Abril ', '2', '1', 3),
(425, 168, '2015-04-30', 74000, 'Auxilio de Transporte . Mes de Abril ', '2', '1', 3),
(426, 191, '2015-04-30', 74000, 'Auxilio de Transporte Mes de Abril ', '1', '1', 3),
(427, 11, '2015-04-30', 565000, 'NÃ³mina Abril  ( MÃ¡s Comisiones , de Marzo )', '2', '1', 3),
(428, 152, '2015-04-30', 585000, 'NÃ³mina Abril ', '2', '1', 3),
(429, 153, '2015-04-30', 660000, 'BonificaciÃ³n Apoyo en Mercadeo  ', '2', '1', 3),
(430, 165, '2015-04-22', 108000, 'DevoluciÃ³n de $ de 3 Pantalones.', '2', '2', 3),
(431, 7, '2015-04-30', 500000, 'Pago de Nomina ', '2', '1', 3),
(432, 6, '2015-04-18', 90000, 'Abono de PrÃ©stamo ', '2', '2', 3),
(433, 152, '2015-04-21', 11000, 'Taxis, ReuniÃ³n Constructora Vivienda S..A', '2', '2', 3),
(434, 187, '2015-04-21', 66978, 'RenovaciÃ³n Dominio www.churrolatino.com', '2', '2', 3),
(435, 6, '2015-04-20', 20000, 'Otros Gastos ', '2', '2', 3),
(436, 1, '2015-04-22', 5000, 'Compra de Papel HigiÃ©nico ', '2', '2', 3),
(437, 33, '2015-04-20', 4000, 'Domicilio Recoger Documentos a Color Creativo ', '2', '2', 3),
(438, 198, '2015-04-22', 292800, 'Pago de Saldo de PrÃ©stamo de Inquilino ', '2', '2', 3),
(439, 6, '2015-04-22', 10000, 'Taxis , ReuniÃ³n Sra. MarÃ­a GarcÃ­a Herreros ', '2', '2', 3),
(440, 6, '2015-04-22', 70000, 'Otros Gastos', '2', '2', 3),
(441, 188, '2015-04-22', 3500, 'Compra de Bombillo', '2', '2', 3),
(442, 1, '2015-04-22', 2500, 'Compra de Recibos de Caja ', '2', '2', 3),
(443, 6, '2015-04-23', 250000, 'Abono a Prestamo', '2', '2', 3),
(444, 198, '2015-04-23', 54000, 'PrÃ©stamo  a Inquilino ', '2', '2', 3),
(445, 1, '2015-04-23', 4200, 'Compra de Pega Stic y Colbon.', '2', '2', 3),
(446, 15, '2015-04-18', 25000, 'Gastos Financieros ', '2', '2', 3),
(447, 7, '2015-04-23', 11000, 'Taxis ReuniÃ³n Constructora Vivienda', '2', '2', 3),
(448, 33, '2015-04-23', 4000, 'Domicilio a Publicidad RincÃ³n', '2', '2', 3),
(449, 33, '2015-04-24', 5000, 'Domicilio Pago de Cuota Banco', '2', '2', 3),
(450, 31, '2015-04-24', 8800, 'Compra de Archivador', '2', '2', 3),
(451, 6, '2015-04-24', 10000, ' Taxis ReuniÃ³n ', '2', '2', 3),
(452, 171, '2015-04-27', 20000, 'Apoyo a FundaciÃ³n " Edificando Juntos" ', '2', '1', 3),
(453, 33, '2015-04-27', 8000, 'Domicilio a Colpatria y A la Flor del Lirio ', '2', '2', 3),
(454, 202, '2015-04-28', 60000, 'RenovaciÃ³n de Dominio de La Flor del Lirio ', '2', '2', 3),
(455, 20, '2015-05-11', 65064, 'TelefonÃ­a Fija e Internet ', '2', '1', 3),
(456, 153, '2015-04-28', 10000, 'InvestigaciÃ³n de Mercado , de  Jugos Naturales', '2', '2', 3),
(457, 9, '2015-04-28', 12000, 'Taxis SesiÃ³n de Fotos Insumos el BÃºfalo ', '2', '2', 3),
(458, 33, '2015-04-28', 4000, 'Domicilio Pago de Cuota Banco Caja Social ', '2', '2', 3),
(459, 162, '2015-04-29', 96360, 'Retenciones Aplicadas   Contrato: $ 3.650.000\nRte Fuente 6% $ 87.600\nReteica 6*1000 $ 8760', '2', '2', 3),
(460, 152, '2015-04-29', 19495, 'Taxis SesiÃ³n de Fotos Joyeria Melissa', '2', '2', 3),
(461, 144, '2015-04-24', 7600, 'Costo de Transferencia a Otras Cuentas ( Pasabocas Chic) ', '2', '2', 3),
(462, 6, '2015-04-30', 400000, 'ViÃ¡ticos CapacitaciÃ³n Cases Covers Bucaramanga', '2', '2', 3),
(463, 6, '2015-05-02', 21000, 'Compra de Torta , Jhorman ', '2', '2', 3),
(464, 144, '2015-04-14', 9900, 'Gastos Financieros ', '2', '2', 3),
(465, 6, '2015-09-19', 450000, 'Compra de Computador ', '1', '2', 3),
(466, 6, '2015-09-19', 400000, 'Compra de Computador ', '1', '2', 3),
(467, 184, '2015-05-05', 85000, 'Pago de Salud, de Riesgos ', '2', '1', 3),
(468, 20, '2015-05-11', 188822, 'Pago de Plan Corporativo ( 5 NÃºmeros TelefÃ³nicos )', '2', '1', 3),
(469, 9, '2015-05-05', 85000, 'Anticipo Para Pago de Salud ', '2', '1', 3),
(470, 6, '2015-04-29', 893000, 'PrÃ©stamo ( Cases Covers y/otros)', '2', '2', 3),
(471, 6, '2015-05-01', 15000, 'Gastos Varios ', '2', '2', 3),
(472, 14, '2015-05-12', 178400, 'Salud, PensiÃ³n y  Riesgos  NÂº Planilla 3269', '2', '1', 3),
(473, 171, '2015-05-27', 20000, 'Apoyo FundaciÃ³n  " Edificando Juntos "', '2', '1', 3),
(474, 11, '2015-05-07', 140000, 'Re direccionamiento del Mes de Marzo ', '2', '1', 3),
(475, 176, '2015-05-30', 74000, 'Auxilio de Transporte', '2', '1', 3),
(476, 168, '2015-05-30', 74000, 'Auxilio de Transporte ', '2', '1', 3),
(477, 153, '2015-05-30', 660000, 'Pago de Servicios de Mercadeo ', '2', '1', 3),
(478, 7, '2015-05-30', 660000, 'Pago de Servicios de ProgramaciÃ³n', '2', '1', 3),
(479, 167, '2015-05-30', 74000, 'Auxilio de Transporte ', '2', '1', 3),
(480, 152, '2015-05-30', 450000, 'Nomina Mes de Mayo', '2', '1', 3),
(482, 20, '2015-05-19', 64243, 'Plan Corporativo 2 Sim Card', '2', '1', 3),
(483, 9, '2015-05-30', 660000, 'Pago PrestaciÃ³n de Servicios ', '2', '1', 3),
(484, 9, '2015-06-30', 660000, 'Pago PrestaciÃ³n de Servicios ', '2', '1', 3),
(485, 9, '2015-07-30', 660000, 'Pago PrestaciÃ³n de Servicios ', '2', '1', 3),
(486, 9, '2015-08-30', 660000, 'Pago PrestaciÃ³n de Servicios ', '2', '1', 3),
(487, 6, '2015-05-30', 800000, 'Nomina del mes', '1', '1', 2),
(488, 6, '2015-05-06', 21000, 'Taxis ReuniÃ³n C.I Manue Cabrales', '2', '2', 3),
(489, 31, '2015-05-08', 3500, 'Compra de  Marcador Sharpie ', '2', '2', 3),
(490, 1, '2015-05-09', 1100, 'Compra de Toallas ', '2', '2', 3),
(491, 6, '2015-05-09', 100000, 'PrÃ©stamo ', '2', '2', 3),
(492, 6, '2015-05-08', 20000, 'Gastos ', '2', '2', 3),
(493, 6, '2015-05-11', 20000, 'Transporte ReuniÃ³n Maxilim', '2', '2', 3),
(494, 144, '2015-05-12', 7600, 'cobro de trasferencia ', '2', '2', 2),
(495, 198, '2015-05-12', 1047700, 'Pago de PrÃ©stamo ', '2', '2', 3),
(496, 17, '2015-05-20', 215575, 'Pago de Tarjeta de CrÃ©dito ', '1', '1', 3),
(497, 159, '2015-05-12', 2300, 'Certificado de Camara de Comercio ', '2', '2', 3),
(498, 198, '2015-05-12', 450000, 'Pago de PrÃ©stamo ', '2', '2', 3),
(499, 15, '2015-05-12', 1250, 'Costo de TransacciÃ³n, Retiro de Dinero ', '2', '2', 3),
(500, 15, '2015-05-14', 17078, 'Disponible en Cta ', '2', '2', 3),
(501, 9, '2015-05-13', 15000, 'Taxis SesiÃ³n de fotos Cases Covers ', '2', '2', 3),
(502, 144, '2015-05-14', 9900, 'Cuota De Manejo. ', '2', '2', 3),
(503, 144, '2015-05-17', 19194, 'Saldo en Cuenta ', '2', '2', 3),
(504, 144, '2015-05-17', 70000, 'Retiro Cuenta Bancolombia', '2', '2', 3),
(505, 32, '2015-05-16', 20000, 'Tarjetas USA  Boutique ', '2', '2', 3),
(506, 157, '2015-05-19', 138000, 'Pago de Letrero ', '2', '2', 3),
(507, 202, '2015-05-22', 60000, 'RenovaciÃ³n de Dominio ', '2', '2', 3),
(508, 180, '2015-05-21', 5000, 'Domicilio a Calzado Rudins', '2', '2', 3),
(509, 180, '2015-05-21', 5000, 'Domicilio de RenovaciÃ³n de Dominio de Calzado Rudins', '2', '2', 3),
(510, 6, '2015-05-18', 10000, 'Otros Gastos', '2', '2', 3),
(511, 6, '2015-05-23', 20000, 'Otros Gastos', '2', '2', 3),
(512, 6, '2015-05-23', 50000, 'Otros', '2', '2', 3),
(513, 208, '2015-05-23', 399600, 'Gastos IntegraciÃ³n DÃ­a del Trabajador . SegÃºn Factura NÂª VH 7092', '2', '2', 3),
(514, 209, '2015-05-26', 85000, 'Compra de PÃ³liza de Cumplimiento , de Contrato de Ifinorte', '2', '2', 3),
(515, 6, '2015-05-26', 10000, 'Gastos ReuniÃ³n', '2', '2', 3),
(516, 6, '2015-05-26', 70000, 'Gastos Varios ', '2', '2', 3),
(517, 155, '2015-05-28', 12000, 'Taxis ReuniÃ³n Constructora Vivienda ', '2', '2', 3),
(518, 211, '2015-05-29', 300000, 'DeclaraciÃ³n de Industria y Comercio AÃ±o Gravable 2014', '2', '2', 3),
(519, 31, '2015-05-29', 13000, 'Compra de Hub de Usb 4 en 1 ', '2', '2', 3),
(520, 1, '2015-05-29', 1800, 'Parqueadero - AlcaldÃ­a', '2', '2', 3),
(521, 20, '2015-06-10', 65379, 'Internet Y telefonÃ­a Fija', '2', '1', 3),
(522, 6, '2015-05-30', 180000, 'Retiro en Cta ', '2', '2', 3),
(523, 7, '2015-06-30', 660000, 'NÃ³mina Mes De Junio', '2', '1', 3),
(524, 7, '2015-07-30', 660000, 'NÃ³mina Mes De Julio', '2', '1', 3),
(525, 7, '2015-08-30', 660000, 'NÃ³mina Mes De Agosto', '2', '1', 3),
(526, 153, '2015-06-30', 660000, 'Pago de Servicios de Mercadeo de Junio ', '2', '1', 3),
(527, 153, '2015-07-30', 660000, 'Pago de Servicios de Mercadeo de Julio', '2', '1', 3),
(528, 153, '2015-08-30', 760000, 'Pago de Servicios de Mercadeo de Agosto', '2', '1', 3),
(529, 155, '2015-06-30', 646000, 'Pago de Servicios de DiseÃ±o GrÃ¡fico . Junio ', '2', '1', 3),
(530, 155, '2015-07-30', 734666, 'Pago de Servicios de DiseÃ±o GrÃ¡fico . Julio ', '2', '1', 3),
(531, 155, '2015-08-30', 608000, 'Pago de Servicios de DiseÃ±o GrÃ¡fico . Agosto', '2', '1', 2),
(532, 167, '2015-06-30', 74000, 'Auxilio de Transporte', '2', '1', 3),
(533, 167, '2015-07-30', 74000, 'Auxilio de Transporte', '2', '1', 3),
(534, 167, '2015-08-30', 61667, 'Auxilio de Transporte', '2', '1', 3),
(538, 184, '2015-06-05', 85000, 'Pago de Salud, ARL . FabiÃ¡n Morales', '2', '1', 3),
(539, 184, '2015-07-05', 85000, 'Pago de Salud, ARL . FabiÃ¡n Morales', '2', '1', 3),
(541, 9, '2015-06-05', 85000, 'Anticipo para Pago de Salud y ARL', '2', '1', 3),
(542, 9, '2015-07-05', 85000, 'Anticipo para Pago de Salud y ARL', '2', '1', 3),
(543, 9, '2015-08-05', 85000, 'Anticipo para Pago de Salud y ARL', '2', '1', 3),
(544, 171, '2015-06-28', 20000, 'Apoyo FundaciÃ³n " Edificando Juntos "', '2', '1', 3),
(545, 171, '2015-07-28', 20000, 'Apoyo FundaciÃ³n " Edificando Juntos "', '2', '1', 3),
(546, 171, '2015-08-28', 20000, 'Apoyo FundaciÃ³n " Edificando Juntos "', '1', '1', 3),
(547, 14, '2015-06-14', 178600, 'Pago Salud, ARL, Y PensiÃ³n . Yesica Fonseca NÂº Planilla 8161\n', '2', '1', 3),
(548, 189, '2015-06-03', 15000, 'RetenciÃ³n en La Fuente ', '2', '2', 3),
(549, 20, '2015-06-10', 208748, 'Pago de Plan Corporativo 5 Sim Card', '2', '1', 3),
(550, 6, '2015-06-03', 7000, 'Taxis ReuniÃ³n Constructora Vivienda', '2', '2', 3),
(551, 6, '2015-06-30', 800000, 'Nomina Mes de Junio', '1', '1', 3),
(553, 6, '2015-06-08', 70000, 'Otros', '2', '2', 3),
(554, 202, '2015-06-15', 60000, 'RenovaciÃ³n de Dominio de Constructora Futumatrix', '2', '2', 3),
(555, 6, '2015-06-06', 50000, 'Gastos Otros', '2', '2', 3),
(556, 1, '2015-06-30', 359175, 'Prima De Servicios \nPS = S.M.LV. + Auxilio de transporte * DÃ­as   Laborados/ 360  \n                   644.350 +74000*180 /360                                                   ', '2', '2', 3),
(557, 20, '2015-06-13', 64243, 'Plan Corporativo 2 Sim Card', '2', '1', 3),
(558, 152, '2015-06-10', 279000, 'Redireccionamiento del Mes De Abril', '2', '1', 3),
(559, 198, '2015-06-10', 446700, 'Abono de PrÃ©stamo a Inquilino ', '2', '2', 3),
(560, 7, '2015-06-19', 2800, 'Transporte ReuniÃ³n Ifinorte', '2', '2', 3),
(561, 1, '2015-06-19', 5500, 'Compra de Papel HigiÃ©nico ', '2', '2', 3),
(562, 198, '2015-06-19', 534621, 'Abono a Inquilino', '2', '2', 3),
(563, 14, '2015-06-16', 6800, 'Riesgos Profesionales, Jonathan Moreno. NÂª Planilla 9565 - 0008', '2', '1', 3),
(564, 198, '2015-06-22', 73300, 'Abono a Inquilino ', '2', '2', 3),
(565, 6, '2015-06-23', 100000, 'Otros / ', '2', '2', 3),
(566, 153, '2015-06-24', 2000, 'Parqueadero Unicentro ', '2', '2', 3),
(567, 162, '2015-06-24', 72270, 'RetenciÃ³n en la Fuente 6 % = 65.700\nReteica 6*1000 =  6.570', '2', '2', 3),
(568, 213, '2015-06-24', 13700, 'EnviÃ³ de Tarjetas de FuxiÃ³n, a Sincelejo ', '2', '2', 3),
(569, 6, '2015-06-24', 300000, 'Abono a PrÃ©stamo ', '2', '2', 3),
(570, 153, '2015-06-25', 1000, 'Parqueadero . Cobro ', '2', '2', 3),
(571, 6, '2015-06-24', 5000, 'Parqueadero ReuniÃ³n Constructora Vivienda ', '2', '2', 3),
(572, 3, '2015-06-24', 100000, 'Luz del Internet ', '2', '1', 3),
(573, 144, '2015-06-19', 21000, 'Gastos Financieros ', '2', '2', 3),
(574, 6, '2015-06-26', 17000, 'Taxis ', '2', '2', 3),
(575, 198, '2015-09-17', 3426000, 'Pago de PrÃ©stamo a Inquilino ', '1', '2', 3),
(576, 3, '2015-05-30', 100000, 'Pago de Luz del Internet ', '2', '1', 3),
(577, 144, '2015-06-26', 11100, 'Gastos Financieros ', '2', '2', 3),
(578, 6, '2015-08-15', 800000, 'Pago a Prestamo', '2', '2', 3),
(579, 145, '2015-06-30', 40000, 'Mantenimiento Aire Acondicionado', '2', '2', 3),
(580, 32, '2015-06-30', 45000, 'Tarjetas de PresentaciÃ³n ', '2', '2', 3),
(581, 153, '2015-07-01', 2000, 'parqueadero Cobro JoyerÃ­a Melissa', '2', '2', 3),
(582, 202, '2015-07-07', 60000, 'RenovaciÃ³n de Dominio JoyerÃ­a Melissa', '2', '2', 3),
(583, 202, '2015-07-07', 60000, 'RenovaciÃ³n de Dominio Comercaribe', '2', '2', 3),
(584, 202, '2015-07-07', 60000, 'RenovaciÃ³n de Dominio Laboratorio Prosalud', '2', '2', 3),
(585, 20, '2015-07-10', 187465, 'Pago de  TelefonÃ­a  Celular  5 Sim Card', '2', '1', 3),
(586, 168, '2015-06-30', 74000, 'Auxilio de Transporte Junio ', '2', '1', 3),
(587, 11, '2015-06-30', 190000, 'Redireccionamiento de Mayo ', '2', '1', 3),
(588, 20, '2015-07-09', 65379, 'TelefonÃ­a Fija e Internet', '2', '1', 3),
(589, 216, '2015-07-30', 635000, 'Pago de Nomina Julio ', '2', '1', 3),
(590, 14, '2015-07-16', 184900, 'Pago de EPS, PensiÃ³n y ARL', '2', '1', 3),
(591, 198, '2015-07-23', 550000, 'Abono a PrÃ©stamo ', '2', '2', 3),
(592, 65, '2015-07-23', 310000, 'RetenciÃ³n en la Fuente , por prestaciÃ³n de servicios. 10%', '2', '2', 3),
(593, 210, '2015-07-24', 48000, 'Estampilla Prohospitalaria ', '2', '2', 15),
(594, 153, '2015-07-28', 5000, 'Parqueadero Reuniones ', '2', '2', 3),
(595, 7, '2015-07-30', 5000, 'Transporte Reunion C.I Manue Cabrales', '2', '2', 3),
(596, 153, '2015-07-27', 5000, 'Parqueadero Reuniones', '2', '2', 3),
(597, 153, '2015-07-27', 38000, 'Compra de Cargador de Computador', '2', '2', 3),
(598, 216, '2015-07-30', 50000, 'Anticipo de Nomina', '2', '2', 3),
(599, 5, '2015-07-30', 218000, 'Pago de Cuota - Fabian Morales', '2', '1', 3),
(600, 6, '2015-07-24', 93316, 'FabiÃ¡n Morales Otros', '2', '2', 3),
(601, 6, '2015-08-05', 30000, 'Transporte ', '2', '2', 3),
(602, 219, '2015-08-03', 50000, 'Para Completar , Para CancelaciÃ³n de Seguridad Social FabiÃ¡n Morales ', '2', '1', 3),
(603, 20, '2015-08-11', 135000, 'TelefonÃ­a Celular 4 Sim Card  $ 146062', '2', '1', 3),
(604, 6, '2015-08-08', 50000, 'Compartir  de IntegraciÃ³n y CumpleaÃ±os de Juol ', '2', '2', 3),
(605, 22, '2015-08-12', 10000, 'Recarga de Cartuchos de Impresora ', '2', '2', 3),
(606, 6, '2015-08-12', 540000, 'Pago a PrÃ©stamo, de Nomina Juan David  ', '2', '2', 3),
(607, 216, '2015-08-15', 114000, 'Comisiones Mes de Julio', '2', '1', 3),
(608, 152, '2015-08-18', 257400, 'Comisiones Mes de Mayo SegÃºn Comprobante NÂº 30 ', '2', '1', 3),
(609, 14, '2015-08-15', 183500, 'Pago de Seguridad social yesica Fonseca ', '2', '1', 3),
(610, 216, '2015-08-30', 772000, 'Nomina Agosto', '2', '1', 3),
(611, 6, '2015-08-30', 800000, 'Nomina Mes de Agosto', '2', '1', 3),
(612, 187, '2015-08-27', 67000, 'AmpliaciÃ³n Dominio Winkhosting Cases Covers', '2', '2', 3),
(613, 6, '2015-09-02', 32000, 'ReuniÃ³n Almuerzo', '2', '2', 3),
(614, 5, '2015-08-30', 218013, 'Cuota Credito FabiÃ¡n ', '2', '2', 3),
(615, 6, '2015-08-06', 350000, 'PrÃ©stamo Para Cases Covers', '2', '2', 3),
(616, 6, '2015-09-12', 1030400, 'CancelaciÃ³n de Estampillas Ifinorte Mes de Julio', '2', '2', 3),
(617, 6, '2015-08-30', 95800, 'Transporte Mes de Agosto', '2', '2', 3),
(618, 227, '2015-08-30', 49333, 'Auxilio de Transporte mes de Agosto ', '2', '1', 3),
(619, 210, '2015-08-29', 48000, 'Estampilla Pro-hospitalaria del mes de Agosto ', '2', '2', 3),
(620, 1, '2015-09-04', 322200, 'Pago de Vacaciones aÃ±o 2014', '2', '2', 3),
(621, 219, '2015-09-16', 286300, 'Aportes Seguridad Social ', '2', '1', 3),
(622, 14, '2015-09-16', 180400, 'Pago de Seguridad Social Planilla NÂº 7227 - Agosto / Septiembre', '2', '1', 3),
(623, 20, '2015-09-09', 188618, 'Pago de TelefonÃ­a Celular - Movistar ', '2', '1', 3),
(624, 227, '2015-09-30', 75000, 'Auxilio de Transporte Mes de Septiembre ', '2', '1', 3),
(625, 167, '2015-09-30', 50000, 'Auxilio de Transporte Mes de Septiembre . Queda un saldo a descontar de $ 7251. ', '2', '1', 3),
(626, 6, '2015-09-30', 200000, 'Abono de Pago de Nomina ', '2', '1', 3),
(627, 216, '2015-09-30', 802151, 'Pago de Nomina ', '1', '1', 3),
(628, 153, '2015-09-30', 660000, 'Pago de Nomina ', '2', '1', 3),
(629, 7, '2015-09-30', 660000, 'Pago de Nomina ', '2', '1', 3),
(630, 9, '2015-09-05', 85000, 'Anticipo Para pago de Salud .', '2', '1', 3),
(631, 155, '2015-09-30', 532000, 'Pago de Nomina ', '2', '1', 3),
(632, 216, '2015-09-15', 224000, 'Pago de Comisiones mes de Agosto\n\n ', '2', '1', 2),
(633, 6, '2015-09-08', 200000, 'Compra de Adhesivos - Pendiente Factura ', '2', '2', 3),
(634, 6, '2015-09-08', 50000, 'Taxis ', '2', '2', 3),
(635, 6, '2015-09-07', 50000, 'Compra de Mouse ', '2', '2', 3),
(636, 153, '2015-08-28', 25000, 'ImpresiÃ³n de Escarapelas , Parqueadero y transportes Reuniones ', '2', '2', 3),
(637, 6, '2015-11-17', 2060800, 'CancelaciÃ³n de Estampillas Ifinorte Mes de Agosto y mes de Octubre ', '1', '2', 3),
(638, 229, '2015-09-30', 74000, 'Auxilio  de Transporte ', '2', '1', 3),
(639, 207, '2015-09-12', 350000, 'Pago de Membresia CEPYN ', '2', '1', 3),
(640, 187, '2015-09-24', 196272, 'RenovaciÃ³n de Dominio ', '2', '2', 3),
(641, 139, '2015-09-11', 63300, 'Compra de Notas Adhesivas y Portafolios', '2', '2', 3),
(642, 153, '2015-09-15', 1000, 'Parqueadero Vargas Nossa & Asociados ', '2', '2', 3),
(643, 6, '2015-09-16', 10000, 'Taxis ', '2', '2', 3),
(644, 184, '2015-09-17', 70000, 'AfiliaciÃ³n a Salud y ARL ', '2', '1', 3),
(645, 6, '2015-09-17', 15000, 'Recarga de Cartuchos', '2', '2', 3),
(646, 6, '2015-09-17', 10000, 'Taxis ', '2', '2', 3),
(647, 230, '2015-09-23', 40000, 'Servicio de Mesero CapacitaciÃ³n Etiqueta y Protocolo ', '2', '2', 3),
(648, 173, '2015-09-23', 334800, 'Compra de Centro de Trabajo , y Tablero .', '2', '2', 3),
(649, 26, '2015-09-22', 1100, 'Compra de Bolsas - CapacitaciÃ³n Etiqueta y Protocolo ', '2', '2', 3),
(650, 26, '2015-09-22', 144109, 'Compra de CafÃ© , Vasos, AzÃºcar. CapacitaciÃ³n Etiqueta y Protocolo.', '2', '2', 3),
(651, 232, '2015-09-23', 9400, 'Compra de Hielo - CapacitaciÃ³n Etiqueta y protocolo', '2', '2', 3),
(652, 197, '2015-09-26', 100000, 'RealizaciÃ³n de DeclaraciÃ³n de Renta AÃ±o Gravable 2014', '2', '2', 3),
(653, 173, '2015-09-26', 222700, 'Compra de Persianas ', '2', '2', 3),
(654, 37, '2015-09-26', 100000, 'Anticipo de Nomina', '2', '1', 3),
(655, 173, '2015-09-26', 56000, 'Compra de Lampara y Bombillo ', '2', '2', 3),
(656, 173, '2015-09-26', 2400, 'Compra de Clavos de Acero ', '2', '2', 3),
(657, 139, '2015-09-24', 8600, 'Compra de Materiales Para RealizaciÃ³n de Caja de Luz ', '2', '2', 3),
(658, 6, '2015-09-26', 40000, 'Pago al Sr. Rafael - InstalaciÃ³n de Persianas y ReparaciÃ³n de la LÃ¡mpara ', '2', '2', 3),
(659, 233, '2015-09-28', 44419, 'RenovaciÃ³n  Dominio Inmobiliaria Provase', '2', '2', 3),
(660, 233, '2015-09-28', 54419, 'RenovaciÃ³n  Dominio Corpoces', '2', '2', 3),
(661, 234, '2015-09-28', 50000, 'Compra de VidrierÃ­a Para Escritorio ', '2', '2', 3),
(662, 187, '2015-09-24', 93229, 'Traspaso de Correos de C.I Manue Cabrales a Winkhosting ', '2', '2', 3),
(663, 6, '2015-09-02', 8000, 'Cambio de Cheque Carolina Rugeles', '2', '2', 3),
(664, 187, '2015-09-03', 68082, 'AmpliaciÃ³n Dominio Celeus Group ', '2', '2', 3);
INSERT INTO `pagos` (`id_pago`, `terceros_id`, `fecha_p`, `valor_p`, `concepto_p`, `estado_p`, `tipo_pago`, `idadP`) VALUES
(665, 6, '2015-09-03', 8000, 'ReuniÃ³n Avances Proyectos Educativos ', '2', '2', 3),
(666, 6, '2015-09-05', 27500, 'Compra de Pasteles " COCO" ', '2', '2', 3),
(667, 6, '2015-09-07', 3500, 'Implementos PapelerÃ­a , Cinta Papel Bond ', '2', '2', 3),
(668, 5, '2015-09-29', 216300, 'Cuota FabiÃ¡n Morales ', '2', '2', 3),
(669, 6, '2015-09-10', 12000, 'ReuniÃ³n Quimiandes. Taxis', '2', '2', 3),
(670, 6, '2015-09-11', 12000, 'ReuniÃ³n Cases Covers . Taxis ', '2', '2', 3),
(671, 6, '2015-09-11', 12000, 'Reclamar efectivo de Cheques. Taxis', '2', '2', 3),
(672, 6, '2015-09-11', 8750, 'Implementos de Aseo', '2', '2', 3),
(673, 6, '2015-09-14', 12000, 'Taxis. Recoger  Muestras Carolina Rugeles', '2', '2', 3),
(674, 6, '2015-09-15', 8000, 'ReuniÃ³n entrega de Informe AquÃ­ entre NiÃ±os .', '2', '2', 3),
(675, 6, '2015-09-18', 20000, 'Compra Utensilios , DecoraciÃ³n Amor y Amistad', '2', '2', 3),
(676, 6, '2015-09-28', 8000, 'ReuniÃ³n Centro DemocrÃ¡tico ', '2', '2', 3),
(677, 1, '2015-09-29', 50000, 'Anticipo de Nomina', '2', '1', 3),
(678, 6, '2015-09-29', 12000, 'Taxis , Transporte de Vidrio - EnviÃ³ de Muestras Carolina Rugeles ', '2', '2', 3),
(679, 235, '2015-09-30', 75000, 'Auxilio de Transporte', '2', '1', 3),
(680, 9, '2015-09-30', 660000, 'Pago de Nomina', '2', '1', 3),
(681, 6, '2015-09-30', 10000, 'Taxis ', '2', '2', 3),
(682, 171, '2015-09-30', 20000, ' Apoyo a Fundacion Edificando Juntos , Septiembre', '2', '1', 3),
(683, 236, '2015-10-05', 95000, 'Compra de 10 Unidades de Memoria USB. ', '2', '2', 3),
(684, 207, '2015-10-05', 300000, 'Membresia Cepyn , Mes de Septiembre.', '2', '1', 3),
(685, 139, '2015-10-05', 7500, 'Compra de Carpetas , para entrega de Estudio de negocio Esbelta.', '2', '2', 3),
(686, 216, '2015-10-15', 105000, 'Comisiones Mes de Septiembre SegÃºn Comprobante de Pago NÂº 39', '2', '1', 3),
(687, 14, '2015-09-15', 3400, 'Riesgos Profesionales Planilla NÂº 8126', '2', '1', 3),
(688, 14, '2015-10-15', 3400, 'Riesgos Profesionales Planilla NÂº 8533 Jhonatan Moreno', '2', '1', 3),
(689, 184, '2015-10-05', 20000, 'Pago de Salud y Riesgos. Jhorman Diaz - Jhoan Duarte ( Falta Cancelar prÃ©stamo a Inquilino por $ 150000)', '2', '1', 3),
(690, 157, '2015-10-07', 190000, 'CancelaciÃ³n  RealizaciÃ³n de Tripticos - Cafetol', '2', '2', 3),
(691, 6, '2015-10-07', 3658, 'Dinero En Cuenta o Verificar, Gastos.', '2', '2', 3),
(692, 20, '2015-10-09', 160500, 'TelefonÃ­a Celular ', '1', '1', 3),
(693, 219, '2015-10-20', 282400, 'Seguridad social , FabiÃ¡n Morales Mes de Octubre ', '2', '1', 3),
(694, 14, '2015-10-15', 182100, 'Seguridad Social Yesica Fonseca', '2', '1', 3),
(695, 157, '2015-10-14', 70000, '200 Unidades Tarjetas Full Color 2 Caras - Cafetol ', '2', '2', 3),
(696, 32, '2015-10-13', 135000, 'Tarejetas Cafetol- Full Gloss - Alianza Tour ', '2', '2', 3),
(697, 22, '2015-10-13', 10000, 'Recarga de Cartuchos de impresora', '2', '2', 3),
(698, 153, '2015-10-30', 341000, ' Nomina', '2', '1', 3),
(699, 7, '2015-10-30', 673750, 'Pago de Nomina ', '2', '1', 3),
(700, 9, '2015-10-30', 671000, 'Pago de Nomina ', '2', '1', 3),
(701, 155, '2015-10-30', 658600, 'Nomina', '2', '1', 3),
(702, 229, '2015-10-30', 174000, 'Auxilio de Transporte', '2', '1', 3),
(703, 235, '2015-10-30', 179000, ' Nomina ', '2', '1', 3),
(704, 227, '2015-10-30', 74000, 'Auxilio de Transporte', '2', '1', 2),
(705, 216, '2015-10-30', 746900, 'Nomina , Auxilio de Transporte, y BonificaciÃ³n Call center ', '2', '1', 3),
(706, 6, '2015-10-30', 500000, 'Nomina ', '2', '1', 3),
(707, 102, '2015-10-20', 80000, 'RetenciÃ³n en la fuente del 10% , sobre abono de $ 800.000 Plan de Mercadeo ', '2', '2', 3),
(708, 216, '2015-10-22', 40000, 'Pago de Taxis ReuniÃ³n Arrocera el Paraiso', '2', '2', 3),
(709, 6, '2015-10-22', 10000, 'Taxis ReuniÃ³n Quimiandes', '2', '2', 3),
(710, 187, '2015-10-22', 163700, 'Dominio y Hosting Esbelt Spa ', '2', '2', 3),
(711, 233, '2015-10-22', 43765, 'RenovaciÃ³n Dominio Curramba ', '2', '2', 3),
(712, 6, '2015-10-22', 10000, 'Taxi CapacitaciÃ³n Clase Academia ', '2', '2', 3),
(713, 187, '2015-10-22', 89000, 'Dominio y Hosting Tecnoaluminios ', '2', '2', 3),
(714, 235, '2015-10-23', 50000, 'BonificaciÃ³n  por Marketin On Line CampaÃ±a Electoral Milla', '2', '2', 3),
(715, 229, '2015-10-23', 50000, 'BonificaciÃ³n  por Marketin On Line CampaÃ±a Electoral Milla', '2', '2', 3),
(716, 37, '2015-10-23', 50000, 'BonificaciÃ³n  por Marketin On Line CampaÃ±a Electoral Milla', '2', '2', 3),
(717, 227, '2015-10-23', 100000, 'BonificaciÃ³n  por traducciÃ³n a InglÃ©s de PÃ¡gina Web de Power ', '2', '2', 3),
(718, 6, '2015-10-24', 219000, 'Pago de Cuota FundaciÃ³n de La Mujer . NÂº 219151004282', '2', '2', 3),
(719, 1, '2015-10-29', 10000, 'Recarga de Cartuchos de Impresora ', '2', '2', 3),
(720, 216, '2015-10-29', 60000, 'Anticipo de Nomina Juol Campos ', '2', '1', 3),
(721, 187, '2015-10-27', 125123, 'Compra de Dominio de Quimiandes.', '2', '2', 3),
(722, 240, '2015-10-30', 38220, 'Pago de Recibo del agua. La Riviera ', '2', '2', 3),
(723, 187, '2015-10-29', 63788, 'Dominio Confecciones Kyam ', '2', '2', 3),
(724, 143, '2015-10-30', 19050, 'Compartir Halloween ', '2', '2', 3),
(725, 219, '2015-11-05', 278600, 'Pago de Seguridad social, FabiÃ¡n Morales Mes de Noviembre.', '2', '1', 3),
(726, 184, '2015-11-05', 170000, 'Pago de Salud . Jhorman Diaz - Jhoan Duarte ', '2', '1', 3),
(727, 14, '2015-11-12', 180100, 'Pago de seguridad Social Yesica Fonseca . Noviembre ', '1', '1', 3),
(728, 20, '2015-11-05', 81194, 'Pago de telefonÃ­a Fija.  Cepyn ', '2', '2', 3),
(729, 210, '2015-11-05', 48000, 'Estampilla Pro-hospitalaria del mes de Noviembre.', '2', '2', 3),
(730, 187, '2015-11-06', 43031, 'RenovaciÃ³n de Dominio de Industrias El Nogal ', '2', '2', 3),
(731, 187, '2015-11-06', 43031, 'RenovaciÃ³n de Dominio de Whalter Arrubla ', '2', '2', 3),
(732, 187, '2015-11-06', 43031, 'RenovaciÃ³n de Dominio de Tecnoaluminios', '2', '2', 3),
(733, 216, '2015-11-30', 809000, 'Nomina Noviembre', '1', '1', 3),
(734, 155, '2015-11-30', 760000, 'Nomina Noviembre', '1', '1', 3),
(735, 9, '2015-11-30', 660000, 'Nomina Noviembre', '1', '1', 3),
(736, 153, '2015-11-30', 660000, 'Nomina Noviembre', '1', '1', 3),
(737, 235, '2015-11-30', 424000, 'Nomina Noviembre', '1', '1', 3),
(738, 229, '2015-11-30', 74000, 'Nomina Noviembre', '1', '1', 3),
(739, 227, '2015-11-30', 74000, 'Auxilio de Transporte ', '1', '1', 2),
(740, 6, '2015-11-30', 800000, 'Nomina Noviembre', '1', '1', 3),
(741, 32, '2015-11-10', 45000, 'Tarjetas Uv- Mate - Olga Quintero ', '2', '2', 3),
(742, 153, '2015-11-10', 3000, 'Parquederos Reuniones ( Ifinorte - Vargas Nossa)', '2', '2', 3),
(743, 187, '2015-11-10', 93229, 'Compra de Hosting PÃ¡gina Los Angles Inc', '2', '2', 3),
(744, 187, '2015-11-10', 125123, 'Compra de Dominio Chekos Jeans', '2', '2', 3),
(745, 144, '2015-11-06', 7300, 'En cuenta de Bancolombia', '2', '2', 3),
(746, 162, '2015-11-11', 49915, 'RetenciÃ³n en la Fuente . Base $ 745.000', '2', '2', 3),
(747, 159, '2015-11-12', 60000, 'CapacitaciÃ³n ', '2', '2', 3),
(748, 187, '2015-11-10', 93819, 'AmpliaciÃ³n Hosting Celeus Group ', '1', '2', 3),
(749, 6, '2015-11-10', 14000, 'Compra de Agua ', '1', '2', 3),
(750, 143, '2015-11-10', 37100, 'Compra de Utiles de Aseo', '1', '2', 3),
(751, 143, '2015-11-10', 6750, 'Compra de Gaseosa y Vasos Compartir ', '1', '2', 3),
(752, 6, '2015-11-10', 19200, 'Compra de sandwich Compartir ', '1', '2', 3),
(753, 143, '2015-11-10', 2550, 'Compra de Azucar', '1', '2', 3),
(754, 216, '2015-11-15', 305000, 'Pago Comisiones de Octubre. Pendiente.', '2', '2', 3),
(755, 20, '2015-11-10', 160500, 'Telefonia Celular ', '1', '1', 3),
(756, 235, '2015-11-06', 19000, 'Compra de Carpetas , Papel Bond, Sobres Manila.', '2', '2', 3),
(757, 187, '2015-11-13', 125123, 'Dominio y Hosting Vargas Nossa & Asociados ', '2', '2', 3),
(758, 159, '2015-11-13', 60000, 'CapacitaciÃ³n Camara de Comercio ', '2', '2', 3),
(759, 171, '2015-11-13', 20000, 'BonificaciÃ³n FundaciÃ³n Edificando Juntos . " Octubre"', '2', '2', 3),
(760, 5, '2015-11-05', 220000, ' Saldp de Pago Cuota 12/12 crÃ©dito # 219141003596-1', '1', '1', 3),
(761, 5, '2015-11-17', 215000, 'Cuota BFDLM FabiÃ¡n Morales ', '1', '2', 3),
(762, 171, '2015-11-30', 20000, 'FundaciÃ³n Edificando Juntos ', '1', '1', 3),
(763, 32, '2015-11-17', 25000, 'Saldo de Pago de Tarjetas de PresentaciÃ³n Carolina Rugeles', '2', '2', 3),
(764, 153, '2015-11-19', 7500, 'Parqueaderos Reuniones  Mes de Octubre', '2', '2', 3);

-- --------------------------------------------------------

--
-- Estructura de tabla para la tabla `pais`
--

CREATE TABLE IF NOT EXISTS `pais` (
  `id_pais` int(11) NOT NULL AUTO_INCREMENT,
  `nam_pais` varchar(255) COLLATE utf8_spanish_ci NOT NULL,
  PRIMARY KEY (`id_pais`)
) ENGINE=InnoDB  DEFAULT CHARSET=utf8 COLLATE=utf8_spanish_ci AUTO_INCREMENT=5 ;

--
-- Volcado de datos para la tabla `pais`
--

INSERT INTO `pais` (`id_pais`, `nam_pais`) VALUES
(1, 'Colombia'),
(2, 'EspaÃ±a'),
(3, 'Venezuela'),
(4, 'Ecuador ');

-- --------------------------------------------------------

--
-- Estructura de tabla para la tabla `pais_depart`
--

CREATE TABLE IF NOT EXISTS `pais_depart` (
  `id_pais_depart` int(11) NOT NULL AUTO_INCREMENT,
  `pais_id` int(11) NOT NULL,
  `depart_id` int(11) NOT NULL,
  PRIMARY KEY (`id_pais_depart`),
  KEY `pais_id` (`pais_id`,`depart_id`),
  KEY `depart_id` (`depart_id`)
) ENGINE=InnoDB  DEFAULT CHARSET=utf8 COLLATE=utf8_spanish_ci AUTO_INCREMENT=7 ;

--
-- Volcado de datos para la tabla `pais_depart`
--

INSERT INTO `pais_depart` (`id_pais_depart`, `pais_id`, `depart_id`) VALUES
(1, 1, 1),
(2, 1, 2),
(3, 1, 3),
(4, 1, 4),
(5, 3, 5),
(6, 4, 6);

-- --------------------------------------------------------

--
-- Estructura de tabla para la tabla `planes`
--

CREATE TABLE IF NOT EXISTS `planes` (
  `id_plan` int(11) NOT NULL AUTO_INCREMENT,
  `nombre_plan` varchar(300) COLLATE utf8_spanish_ci NOT NULL,
  `espacio_plan` varchar(255) COLLATE utf8_spanish_ci NOT NULL,
  `transferencia_plan` varchar(255) COLLATE utf8_spanish_ci NOT NULL,
  `cuentas_correo` varchar(255) COLLATE utf8_spanish_ci NOT NULL,
  `precio_plan` double NOT NULL,
  `precio_direcion` double NOT NULL,
  `insumos_pl` double NOT NULL,
  `proveedor_idpl` int(11) NOT NULL,
  `estd_plan` varchar(10) COLLATE utf8_spanish_ci NOT NULL,
  PRIMARY KEY (`id_plan`),
  KEY `proveedor_idpl` (`proveedor_idpl`)
) ENGINE=InnoDB  DEFAULT CHARSET=utf8 COLLATE=utf8_spanish_ci AUTO_INCREMENT=127 ;

--
-- Volcado de datos para la tabla `planes`
--

INSERT INTO `planes` (`id_plan`, `nombre_plan`, `espacio_plan`, `transferencia_plan`, `cuentas_correo`, `precio_plan`, `precio_direcion`, `insumos_pl`, `proveedor_idpl`, `estd_plan`) VALUES
(1, 'PÃ¡gina Web: Plan 100 MB', '100 MB', '2 GB', '20', 380000, 30400, 0, 1, '2'),
(2, 'Pagina Web: Plan 300 MB', '300 MB', '5 GB', '50 ', 480000, 38400, 0, 2, '2'),
(3, 'Pagina Web: Plan 500 MB', '500 MB', '8 GB', '70', 560000, 44800, 0, 3, '2'),
(4, 'Pagina Web: Plan 1 GB', '1000 MB', '8 GB', 'Ilimitados', 660000, 52800, 0, 4, '2'),
(5, 'Pagina Web: Plan 2 GB', '2000 MB', '16 GB', 'ilimitados ', 730000, 58400, 0, 5, '2'),
(6, 'Pagina Web: Plan 4GB', '4000 MB', '50 GB', 'Ilimitados', 800000, 64000, 0, 6, '2'),
(7, 'Pagina Web: Plan 5 GB', '5000 MB', '40 GB', 'Ilimitados', 850000, 68000, 0, 7, '2'),
(8, 'Marketing Online x  Mes', '0', '0', '0', 120000, 7200, 0, 16, '2'),
(9, 'Marketing Online x AÃ±o', '0', '0', '0', 1200000, 72000, 0, 16, '2'),
(10, 'Imagen Corporativa', '0', '0', '0', 120000, 20000, 0, 16, '2'),
(11, 'Brochure Virtual', '0', '0', '0', 300000, 30000, 0, 16, '2'),
(12, 'Charla  1 Hora', '0', '0', '0', 150000, 20000, 0, 16, '2'),
(13, 'Charla 2 Horas', '0', '0', '0', 250000, 30000, 0, 16, '2'),
(14, 'Plan de Mercadeo x 3 meses', '3 meses', '0', '0', 1800000, 90000, 0, 16, '2'),
(15, 'Estudio de Mercado x 2 meses', '2 meses', '0', '0', 1300000, 78000, 0, 16, '2'),
(16, 'Tarjetas Pres. Brillante', '0', '0', '0', 60000, 5000, 0, 11, '2'),
(17, 'Tarjetas UV-mate', '0', '0', '0', 100000, 5000, 0, 13, '2'),
(18, 'Programa Excel', '0', '0', '0', 250000, 15000, 0, 16, '2'),
(19, 'Plataforma 500 MB Â´+ Administrador de contenido', '500 MB', '', '', 760000, 45600, 0, 3, '2'),
(20, 'Plataforma 1G + Administrador de contenidos', '1000 MB', '', '', 860000, 51600, 0, 4, '2'),
(21, 'Plataforma  2GB + Administrador Contenido', '20000', '', '', 930000, 55800, 0, 5, '2'),
(22, 'Memorias USB Personalizadas Basicas x 12', '12', '', '', 168000, 11000, 7000, 17, '2'),
(23, 'Plataforma Plan 500 MB + Gestor de Contenido', '500 MB', '70 G', '70', 760000, 44800, 0, 3, '2'),
(24, 'Plan 10GB', '10000MG', '80 GB', 'Ilimitados', 1650000, 76000, 0, 8, '2'),
(25, 'Programa de Excel  de Inventarios', '0', '0', '0', 600000, 0, 0, 16, '2'),
(26, 'Factureros 3 Copias 1 Tinta ', '10 unidades ', '0', '0', 180000, 5000, 0, 18, '2'),
(27, 'Hojas Membretes', '1000 Unidades', '0', '0', 175000, 5000, 0, 19, '2'),
(28, 'Factureros 3 copias 1 tinta tam: 1/2  carta', '', '0', '0', 280000, 5000, 0, 20, '2'),
(29, 'Conaxport interno', '0', '0', '0', 0, 0, 0, 16, '2'),
(30, 'Pagina Web: Plan 10G + Administrador ', '10000 MB', '80 GB', 'Ilimitados', 2000000, 76000, 0, 8, '2'),
(31, 'Letrero Publicitario en Lona Panaflex ', '1 Unidad', '0', '0', 1100000, 0, 0, 21, '2'),
(32, 'Dominio Adicional ', '0', '0', '0', 26000, 0, 0, 22, '2'),
(33, 'Adhesivo Publicitario Para carro ', '0', '0', '0', 1800000, 100000, 0, 23, '2'),
(34, 'Pagina Web: Plan 2 GB + Administrador de Contenido ', '2000 MB', '16 GB', 'Ilimitadas ', 930000, 58400, 0, 5, '2'),
(35, 'SelecciÃ³n de Personal ', '0', '0', '0', 80000, 0, 0, 24, '2'),
(36, 'Pagina Web: Plan 15G', '10000 MB', '80 GB', 'Ilimitados', 1000000, 76000, 0, 10, '2'),
(37, 'Pagina Web: Plan 15G + Administrador de Contenido', '10000 MB', '80 GB', 'Ilimitadas ', 1200000, 76000, 0, 10, '2'),
(38, 'Pagina Web: Plan 10G + Administrador+ Gestor de Contenido ', '10000 MB', '80 GB', 'Ilimitados ', 3025000, 76000, 0, 8, '2'),
(39, 'Video - Diaposita', '0', '0', '0', 50000, 0, 0, 26, '2'),
(40, 'CRM Clientes', '0', '0', '0', 200000, 10000, 0, 16, '2'),
(41, 'Pg:2GB + Carrito de Compras+ Gestor de Contenido ', '2000 MB', '16 GB', 'Ilimitados', 1430000, 58400, 0, 5, '2'),
(42, 'Dominio', '0', '0', '0', 60000, 2500, 0, 22, '2'),
(44, 'Tarjetas Brillantes * ( 80.000)', '1000', '0', '0', 80000, 0, 25000, 11, '2'),
(45, 'FotografÃ­as ', '0', '0', '0', 100000, 0, 0, 16, '2'),
(46, 'Olormarketing ', '', '', '', 150000, 0, 98600, 27, '2'),
(47, 'Uniformes empresariales 1', '', '', '', 3575000, 0, 0, 28, '2'),
(48, 'Tarjetas de PresentaciÃ³n Troqueladas ', '2000', '0', '0', 300000, 10000, 0, 29, '2'),
(49, 'Stickers', '0', '0', '0', 180000, 5000, 0, 30, '2'),
(50, 'Tarjetas Bono Regalo', '1000', '0', '0', 90000, 10000, 0, 13, '2'),
(51, 'Plataforma 4GB + Gestor De Contenidos+ pagos On Line+Base de Datos', '', '', '', 2900000, 56000, 0, 6, '2'),
(52, 'CapacitaciÃ³n Fuerza De Ventas ', '0', '0', '0', 250000, 10000, 0, 16, '2'),
(53, 'Carpetas Tipo Bolsillo', '500 Und', '0', '0', 1300000, 23000, 0, 31, '2'),
(54, 'PÃ¡gina Web Plan 500MB - 580000', '0', '0', '0', 580000, 40800, 0, 3, '2'),
(55, 'Portafolio de Servcios', '30 Und', '0', '0', 400000, 10000, 0, 32, '2'),
(56, 'Tarjetas Brillantes ', '', '', '', 30000, 0, 0, 33, '2'),
(57, 'Marketing On line x Mes  (2015)', '30 dÃ­as', '', '', 160000, 9600, 0, 16, '2'),
(58, 'Marketin On Line x AÃ±o ( 2015)', '36O DÃ­as', '', '', 1600000, 96000, 0, 16, '2'),
(59, 'SelecciÃ³n de Personal ( 2015)', '', '', '', 80000, 10000, 0, 16, '2'),
(60, 'Tarjetas Brillantes  (2015)', '1000', '', '', 70000, 5000, 0, 11, '2'),
(61, 'Tarjetas Uv- Mate ( 2015)', '1000', '', '', 120000, 5000, 0, 13, '2'),
(62, 'Tarjetas Mate', '1000 Unidades', '', '', 120000, 5000, 0, 12, '2'),
(63, 'Imagen Corporativa ( 2015)', '3 Propuestas de Logo ', '', '', 250000, 20000, 0, 16, '2'),
(64, 'Brochure Virtual ( 2015)', '', '', '', 450000, 30000, 0, 16, '2'),
(65, 'CapacitaciÃ³n Charla ( 2015)', '', '', '', 300000, 15000, 0, 16, '2'),
(66, 'Hojas Membretes ( 2015)', '', '', '', 150000, 5000, 0, 19, '2'),
(67, 'Filtros', '', '', '', 300000, 5000, 0, 16, '2'),
(68, 'Carrito de Compra en Pdf', '', '', '', 500000, 15000, 0, 16, '2'),
(69, 'Carrito de Compra PSE', '', '', '', 850000, 15000, 0, 16, '2'),
(70, 'AsesorÃ­a Para Evento ( 2015)', '', '', '', 250000, 10000, 0, 16, '2'),
(71, 'Plan De Mercadeo *4 Meses ( 2015)', '4 meses', '', '', 3200000, 80000, 0, 16, '2'),
(72, '20 Factureros, Media Carta, 1 Tinta, 1 copia', '20 Unidades', '', '', 175000, 3300, 0, 34, '2'),
(73, '2 Sellos ( 2015)', '2 Unidades', '', '', 64000, 0, 0, 35, '2'),
(74, '5 Factureros, Media Carta, 1 Tinta, 1 Copia', '5 Unidades', '', '', 70000, 0, 0, 37, '2'),
(75, '200 Folletos, 200 Tarjetas PresentaciÃ³n', '', '', '', 250000, 5000, 0, 38, '2'),
(76, '1000 Brochure fÃ­sico Plastificado , doble carta, Full color', '', '', '', 750000, 0, 0, 39, '2'),
(77, '3 Sellos Automaticos', '3 Und', '', '', 90000, 0, 0, 41, '2'),
(78, 'Plan de Mercadeo * 3  Meses 2015es', '', '', '', 2400000, 100000, 0, 16, '2'),
(79, 'PÃ¡gina Web  Plan 100 MB (2015)', '', '', '', 550000, 27000, 0, 1, '2'),
(80, '1 Sello', '', '', '', 32000, 2000, 0, 42, '2'),
(81, 'Imagen Corporativa 3D', '', '', '', 350000, 2500, 0, 43, '2'),
(82, 'PÃ¡gina Web Plan 2GB ( 2015) ', '', '', '', 1200000, 84000, 0, 5, '2'),
(83, 'Uniformes Empresariales ( Pasabocas Chic) ', '', '', '', 1476000, 20000, 0, 44, '2'),
(84, 'Plataforma Web 1G ( 2015)', '', '', 'Ilimitadas', 1000000, 70000, 0, 4, '2'),
(85, 'Carrito de Compras PDF (2015)', '', '', '', 800000, 64000, 0, 16, '2'),
(86, 'Marketing On Line + 3 Meses (2015)', '', '', '', 600000, 36000, 0, 16, '2'),
(87, 'PÃ¡gina Plan 100 ( 2015)', '', '', '', 550000, 33000, 0, 1, '2'),
(89, 'Marketing On Line - Intensivo (2015)', '0', '', '', 250000, 15000, 0, 16, '2'),
(90, 'Letrero Acrilico 120x60 ml (2015)', '', '', '', 350000, 21000, 0, 46, '2'),
(91, '1000 Etiquetas - 2015 ', '', '', '', 550000, 6000, 0, 47, '2'),
(92, 'Estudio de Mercado DemogrÃ¡fico ', '40  DÃ­as', '', '', 940000, 56400, 0, 16, '2'),
(93, 'Politing On Line ( 5 Meses) ', '5 Meses', '', '', 1000000, 60000, 0, 16, '2'),
(94, 'Plataforma Web Plan Ilimitado (2015)', '', '', '', 3500000, 245000, 0, 10, '2'),
(95, 'Act. Filtros +2 ( 2015)', '', '', '', 350000, 24500, 0, 16, '2'),
(96, 'Plataforma Web 10G (2015)', '', '', '', 2200000, 154000, 0, 8, '2'),
(97, 'Carrito de Compras PSE ( 2015)', '', '', '', 1500000, 120000, 0, 16, '2'),
(98, 'Marketing On Line * 6 Meses ( 2015)', '', '', '', 1200000, 72000, 0, 16, '2'),
(99, 'Plan de Mercadeo * 3 Meses ( 2015)', '', '', '', 2000000, 120000, 0, 16, '2'),
(100, 'RediseÃ±o de PÃ¡gina Web', '', '', '', 970000, 70000, 0, 4, '2'),
(101, 'Plataforma Interna Por Modulos', '', '', '', 1000000, 40000, 0, 8, '2'),
(102, 'Estudio de Viabilidad del Negocio', '', '', '', 720000, 12000, 0, 16, '2'),
(103, 'Imagen Corporativa - ( 2015)', '', '', '', 500000, 18000, 0, 16, '2'),
(104, 'PÃ¡gina Web: Inicio', '300 MB', '5', '5', 550000, 33000, 0, 16, '1'),
(105, 'PÃ¡gina Web: Basic', '1 GB', '15', '15', 700000, 49000, 0, 16, '1'),
(106, 'PÃ¡gina Web: Premium', '3 GB', '30', '30', 800000, 56000, 0, 16, '1'),
(107, 'PÃ¡gina Web: Gold', '5 gb', '50', '50', 1000000, 70000, 0, 16, '1'),
(108, 'Plataforma Web: Inicio', '', '', '', 1500000, 105000, 0, 16, '1'),
(109, 'Plataforma web: Basic', '', '', '', 2200000, 154000, 0, 16, '1'),
(110, 'Plataforma web: Premium', '', '', '', 3300000, 231000, 0, 16, '1'),
(111, 'Plataforma web: Gold', '', '', '', 4500000, 315000, 0, 16, '1'),
(112, '+ Filtros ( Max 5)', '', '', '', 350000, 28000, 0, 16, '1'),
(113, '+ Carrito de Compras', '', '', '', 500000, 40000, 0, 16, '1'),
(114, '+ Factura PDF', '', '', '', 800000, 64000, 0, 16, '1'),
(115, '+ Pagos Online', '', '', '', 1500000, 120000, 0, 16, '1'),
(116, 'InvestigaciÃ³n Mercado x 1mes', '1 mes', '', '', 1500000, 105000, 0, 16, '1'),
(117, 'Plan de Mercadeo Organizacional X 3', '', '', '', 3600000, 288000, 0, 16, '1'),
(118, 'Plan de Mercadeo Organizacional X 6', '', '', '', 6000000, 480000, 0, 16, '1'),
(119, 'Plan de Mercadeo Organizacional x 12', '', '', '', 9600000, 768000, 0, 16, '1'),
(120, 'Imagen Corporativa: Basic', '', '', '', 300000, 21000, 0, 16, '1'),
(121, 'Imagen Corporativa: Premium', '', '', '', 450000, 31500, 0, 16, '1'),
(122, 'Marketing Online: Basic', '', '', '', 300000, 18000, 0, 16, '1'),
(123, 'Marketing Online: Premium', '', '', '', 400000, 28000, 0, 16, '1'),
(124, 'Portafolio: Basic', '', '', '', 350000, 24500, 0, 16, '1'),
(125, 'Portafolio: Premium', '', '', '', 400000, 32000, 0, 16, '1'),
(126, 'Memorias USB x 10', '10 ', '', '', 160000, 10000, 0, 16, '1');

-- --------------------------------------------------------

--
-- Estructura de tabla para la tabla `proveedores`
--

CREATE TABLE IF NOT EXISTS `proveedores` (
  `id_proveedor` int(11) NOT NULL AUTO_INCREMENT,
  `name_prove` varchar(255) COLLATE utf8_spanish_ci NOT NULL,
  `precio` double NOT NULL,
  `estado_prove` varchar(255) COLLATE utf8_spanish_ci NOT NULL,
  PRIMARY KEY (`id_proveedor`)
) ENGINE=InnoDB  DEFAULT CHARSET=utf8 COLLATE=utf8_spanish_ci AUTO_INCREMENT=48 ;

--
-- Volcado de datos para la tabla `proveedores`
--

INSERT INTO `proveedores` (`id_proveedor`, `name_prove`, `precio`, `estado_prove`) VALUES
(1, 'PG 100 ', 57000, ''),
(2, 'Pg:300 ', 85000, ''),
(3, 'Pg:500 ', 50000, ''),
(4, 'Pg:1GB', 80000, ''),
(5, 'Pg:2GB', 100000, ''),
(6, 'Pg:4GB', 207000, ''),
(7, 'Pg:5GB', 140000, ''),
(8, 'Pg:10GB', 200000, ''),
(9, 'Pg:Ilimitado', 390000, ''),
(10, 'Pg:15gb', 220000, ''),
(11, 'Solution: Tarj Brill ', 20000, ''),
(12, 'Solution: Tarj Mate', 50000, ''),
(13, 'Solution: Tarj Brillos uv -Mate', 50000, ''),
(14, 'Solution: Tarj Holograma', 35000, ''),
(15, 'Solution: Tarj Platinium', 140000, ''),
(16, 'Conaxport', 0, ''),
(17, 'Memorias Basicas - Alejandria', 96000, ''),
(18, 'Factureros 3  Copias 1 Tinta ', 80000, ''),
(19, 'Hojas Membretes', 130000, ''),
(20, 'Factureros 3 copias 1 tinta tam: 1/2  carta', 250000, ''),
(21, 'Letrero Publicitario en Lona Panaflex ( Adriana)', 930000, ''),
(22, 'Dominio Adicional ', 26000, ''),
(23, 'Adhesivo Publicitario Para carro ', 1200000, ''),
(24, 'SelecciÃ³n de Personal ', 0, ''),
(25, 'SelecciÃ³n de Personal ', 80000, ''),
(26, ' Video - Diapositiva', 0, ''),
(27, 'Identidad Olfativa S.A.S', 98600, ''),
(28, 'Modista de Uniformes', 0, ''),
(29, 'Grafoz:  2.000 -Tarjetas de PresentaciÃ³n Troqueladas', 200000, ''),
(30, 'Grafoz Publicidad - Sticker ', 150000, ''),
(31, ' Carpetas Tipo Carpeta - TipografÃ­a Cesar', 900000, ''),
(32, '30 Portafolio De Servicios ', 200000, ''),
(33, 'Solution - Tarjetas brillantes 30000', 20000, ''),
(34, '20 Factureros, Media Carta, 1 Tinta, 1 Copia (2015) Grafoz', 120000, ''),
(35, ' 2  Selllos Grafoz ', 50000, ''),
(36, '5 Factureros Media Carta, 1 copia , 1 tinta/ Grafoz Publicidad', 55000, ''),
(37, '5 Factureros Media Carta, 1 copia , 1 tinta/ Grafoz Publicidad', 55000, ''),
(38, '200 Folletos, 200 Tarjetas-  Tipografia Nacional', 200000, ''),
(39, '1000 Brochure FÃ­sico Doble Carta , Plastificado,  Full Color - Rincon', 550000, ''),
(40, '1000 Tarjetas PresentaciÃ³n Plast Mate- Uv - RincÃ³n Publicidad', 90000, ''),
(41, '3  Sellos - Publicidad RincÃ³n ', 60000, ''),
(42, '1 Sello Publicidad RincÃ³n', 20000, ''),
(43, 'Imagen Corporativa 3D ', 300000, ''),
(44, 'Rocio Uniformes ( Pasabocas Chic)', 900000, ''),
(46, 'Letrero AcrÃ­lico Publicidad RincÃ³n', 280000, ''),
(47, '1000 Etiquetas- Publicidad RincÃ³n 2015', 450000, '');

-- --------------------------------------------------------

--
-- Estructura de tabla para la tabla `recibo`
--

CREATE TABLE IF NOT EXISTS `recibo` (
  `n_rec` int(3) unsigned zerofill NOT NULL AUTO_INCREMENT,
  `fecha_rc` date NOT NULL,
  `lug_rc` varchar(255) COLLATE utf8_spanish_ci NOT NULL,
  `empre_id` int(11) NOT NULL,
  `text_rc` text COLLATE utf8_spanish_ci NOT NULL,
  `num_letras` varchar(255) COLLATE utf8_spanish_ci NOT NULL,
  `vaor_T` decimal(10,0) NOT NULL,
  `cheke_rc` varchar(255) COLLATE utf8_spanish_ci NOT NULL,
  `banco_rc` varchar(255) COLLATE utf8_spanish_ci NOT NULL,
  `efect_rc` varchar(10) COLLATE utf8_spanish_ci NOT NULL,
  `estad_rc` varchar(10) COLLATE utf8_spanish_ci NOT NULL,
  PRIMARY KEY (`n_rec`),
  KEY `empre_id` (`empre_id`)
) ENGINE=InnoDB  DEFAULT CHARSET=utf8 COLLATE=utf8_spanish_ci AUTO_INCREMENT=109 ;

--
-- Volcado de datos para la tabla `recibo`
--

INSERT INTO `recibo` (`n_rec`, `fecha_rc`, `lug_rc`, `empre_id`, `text_rc`, `num_letras`, `vaor_T`, `cheke_rc`, `banco_rc`, `efect_rc`, `estad_rc`) VALUES
(001, '2014-12-30', 'CÃºcuta', 62, 'Plataforma 1G + Administrador de contenidos-', '', '300000', '', '', '0', '1'),
(002, '2015-01-02', 'CÃºcuta', 49, 'Imagen Corporativa-Pagina Web: Plan 300 MB-', 'Ciento Ochenta mil Pesos', '180000', '', '', '0', '1'),
(003, '2014-12-30', 'Sincelejo', 33, 'Uniformes empresariales 1-', 'Un millÃ³n Quinientos Mil Pesos', '1500000', '', 'Bancolombia ', '0', '1'),
(004, '2015-01-13', 'CÃºcuta', 37, 'Abono 20%\r\nEstudio de Mercado x 2 meses-Plan de Mercadeo x 3 meses-Plataforma 500 MB Â´+ Administrador de contenido-\r\nRetenciones Aplicadas   - Rtefte 10%\r\n                                           - RteIca  5% ', 'Seiscientos Cuarenta y Cuatro Mil Pesos ', '644000', '', '', '1', '1'),
(005, '2015-01-15', 'CÃºcuta', 60, 'Marketing Online Por Un Mes', 'ciento veinte mil pesos', '120000', '', '', '1', '1'),
(006, '2015-01-15', 'CÃºcuta', 3, 'Marketing Online x  Mes-', 'Cien Mil Pesos', '100000', '', '', '1', '1'),
(007, '2015-01-17', 'CÃºcuta', 65, 'Carrito de Compra PSE-Carrito de Compra en Pdf-Filtros-Plataforma  2GB + Administrador Contenido-', 'Ochocientos Sesenta y Cuatro Mil pesos', '864000', '', '', '1', '1'),
(008, '2015-01-19', 'CÃºcuta', 66, 'AsesorÃ­a Para Evento ( 2015)-PÃ¡gina Web: Plan 100 MB-', 'Doscientos Treinta y Seis Mil pesos', '236000', '', '', '1', '1'),
(009, '2015-01-19', 'Sincelejo', 65, 'Carrito de Compra PSE-Carrito de Compra en Pdf-Filtros-Plataforma  2GB + Administrador Contenido-', '', '864000', '', '', '', '1'),
(010, '2015-01-22', 'CÃºcuta', 67, ' Abono a Plan De Mercadeo *4 Meses y Estudio de Mercado x 2 meses.', 'Seiscientos Ochenta y Cuatro Mil Setecientos Pesos', '684700', '', 'Transferencia a Cuenta de Ahorros de  Bancolombia', '0', '1'),
(011, '2015-01-22', 'CÃºcuta', 61, ' Abono 50% de  Sellos y Talonarios de Remisiones.   Media Carta, 1 Tinta, 1 copia', 'ciento diecisiete mil pesos ', '117000', '', '', '1', '1'),
(012, '2015-01-28', 'CÃºcuta', 18, ' Pago de 5 Factureros, Media Carta, 1 Tinta, 1 Copia', 'Setenta Mil Pesos', '70000', '', '', '1', '1'),
(013, '2015-01-29', 'Sincelejo', 53, 'Pagina Web: Plan 300 MB-', 'Doscientos Treinta Mil Pesos', '230000', '', '', '1', '1'),
(014, '2015-01-30', 'CÃºcuta', 31, 'Pagina Web: Plan 2 GB + Administrador de Contenido -Imagen Corporativa-', 'Trescientos Cincuenta y Siete Mil Pesos', '357000', '781162', 'Banco Caja Social', '0', '1'),
(015, '2015-01-30', 'Sincelejo', 54, 'Imagen Corporativa-', 'sesenta Mil Pesos ', '60000', '', '', '1', '1'),
(016, '2015-01-31', 'Sincelejo', 55, ' 50% de pÃ¡gina Web: Plan 100 MB', 'Ciento noventa Mil pesos', '190000', '', '', '1', '1'),
(017, '2015-02-02', 'Sincelejo', 44, ' Abono a Plan 10GB', 'Doscientos Cincuenta Mil Pesos ', '250000', '', '', '1', '1'),
(018, '2015-02-03', 'CÃºcuta', 66, ' Abono a 1000 Brochure fÃ­sico Plastificado , doble carta, Full color- y Tarjetas de PresentaciÃ³n ', 'Trescientos Mil Pesos', '300000', '', '', '1', '1'),
(019, '2015-02-03', 'CÃºcuta', 58, ' 30% Abono a Plataforma Web  4GB , y CancelaciÃ³n de un Difusor y recarga de Olor por el mes de Enero ', 'Un MillÃ³n Veinte mil pesos', '1020000', '', '', '1', '1'),
(020, '2015-02-03', 'CÃºcuta', 61, ' 50% de 2 Sellos y  20 Factureros, Media Carta, 1 Tinta, 1 copia', 'ciento Dieciocho Mil Pesos ', '118000', '', '', '1', '1'),
(021, '2015-02-04', 'Sincelejo', 44, 'Plan 10GB-', 'Ochocientos Cincuenta Mil Pesos ', '850000', '', '', '0', '1'),
(022, '2015-02-09', 'Sincelejo', 68, '40% de InvestigaciÃ³n de Mercadeo, Plan 3 Meses ', 'Ochocientos Cuarenta Mil Pesos', '840000', '', 'ConsignaciÃ³n a Bancolombia NÂª 601131378', '0', '1'),
(023, '2015-02-14', 'CÃºcuta', 69, 'Imagen Corporativa,-Tarjetas Uv Mate, Brochure Virtual y PÃ¡gina Web Informativa', 'Quinientos Mil Pesos', '500000', '', '', '1', '1'),
(024, '2015-02-12', 'CÃºcuta', 61, '3 Sellos Automaticos', 'Noventa Mil Pesos ', '90000', '', '', '1', '1'),
(025, '2015-02-16', 'CÃºcuta', 70, '1 Sello-', 'Treinta y dos Mil Pesos ', '32000', '', '', '1', '1'),
(026, '2015-02-17', 'CÃºcuta', 71, '50% De Anticipo a Imagen Corporativa en  3D', 'Ciento Setenta y Cinco Mil Pesos', '175000', '', '', '1', '1'),
(027, '2015-02-18', 'CÃºcuta', 72, ' Abono a Imagen Corporativa ( 2015)', 'Doscientos Mil Pesos ', '200000', '', '', '1', '1'),
(028, '2015-02-18', 'CÃºcuta', 73, ' 40%  Anticipo Elaboracion Uniformes Empresariales', 'Quinientos Noventa Mil Cuatrocientos pesos ', '590400', '', '', '1', '1'),
(029, '2015-02-18', 'Sincelejo', 52, ' Abono de 30% a Plan de Mercadeo .', 'Quinientos Cuarenta Mil Pesos', '540000', '', 'Transferencia a Bancolombia ', '0', '1'),
(030, '2015-02-23', 'CÃºcuta', 42, 'Tarjetas UV-mate-', '', '100000', '', '', '', '1'),
(031, '2015-02-24', 'CÃºcuta', 42, 'Tarjetas de PresentaciÃ³n , y Sello', 'Ciento treinta y Dos mil Pesos ', '132000', '', '', '1', '1'),
(032, '2015-02-21', 'CÃºcuta', 70, 'Abono a Imagen Corporativa ', 'Sesenta y Ocho Mil pesos ', '68000', '', '', '1', '1'),
(033, '2015-02-24', 'CÃºcuta', 70, ' Abono a Imagen Corporativa ', 'Cien Mil Pesos', '100000', '', '', '1', '1'),
(034, '2015-02-26', 'CÃºcuta', 66, '1000 Brochure fÃ­sico Plastificado , doble carta, Full color-', '', '20000', '', '', '', '1'),
(035, '2015-02-26', 'CÃºcuta', 74, 'Imagen Corporativa ', 'Cien Mil Pesos', '100000', '', '', '1', '1'),
(036, '2015-02-26', 'CÃºcuta', 72, 'Abono de saldo de 40% A contrato de Imagen corporativa, CapacitaciÃ³n, y PÃ¡gina Web.', 'Cuatrocientos sesenta y Cinco Mil Pesos ', '465000', '', '', '1', '1'),
(037, '2015-02-27', 'Sincelejo', 33, 'Saldo del 30% del Plan de mercadeo y DiseÃ±o de pÃ¡gina Web. y Saldo de CRM de Clientes', 'seiscientos setenta y tres Mil Pesos', '673000', '', 'Transferencia a Bancolombia ', '0', '1'),
(038, '2015-03-03', 'CÃºcuta', 67, 'Abono de  16.658%  a InvestigaciÃ³n y Plan de Mercadeo, Mes de Febrero', 'seiscientos Ochenta y tres Mil pesos', '683000', '', '', '1', '1'),
(039, '2015-03-07', 'CÃºcuta', 76, 'Carrito de Compras PDF , Plataforma Web 1G  y Marketing Online por 3 meses \r\n', 'Quinientos Mil Pesos ', '500000', '', '', '1', '1'),
(040, '2015-03-09', 'CÃºcuta', 17, 'Tarjetas UV-mate-Pagina Web: Plan 1 GB-Charla  1 Hora-', 'Cuatroscientos Cincuenta Mil Pesos', '450000', '', '', '1', '1'),
(041, '2015-03-10', 'CÃºcuta', 77, 'Imagen Corporativa ', 'Ciento Cincuenta Mil Pesos', '150000', '', '', '1', '1'),
(042, '2015-03-12', 'CÃºcuta', 78, 'Plan de Mercadeo * 3  Meses 2015', 'Trescientos Mil Pesos ', '300000', 'IS554154', 'Bancolombia', '0', '1'),
(043, '2015-03-12', 'CÃºcuta', 61, 'Plan de Mercadeo * 3  Meses  y Re diseÃ±o de pÃ¡gina Web ', 'Novecientos Tres Mil pesos', '903000', '', '', '1', '1'),
(044, '2015-03-16', 'CÃºcuta', 3, 'RenovaciÃ³n Dominio Aleisa', 'Ciento Setenta y Cuatro Mil Setescientos ochenta y un peso', '174781', '', '', '1', '1'),
(045, '2015-03-21', 'CÃºcuta', 79, 'Imagen Corporativa ', 'Ciento Veinti Cinco Mil Pesos', '125000', '', '', '1', '1'),
(046, '2015-03-25', 'CÃºcuta', 73, 'Uniformes Empresariales ( Pasabocas Chic) -', 'Cuatrocientos Cuarenta Y Dos Mil Pesos', '442000', '', '', '1', '1'),
(047, '2015-03-31', 'CÃºcuta', 72, 'Abono del 30% a PÃ¡gina Web Plan 2GB,CapacitaciÃ³n , e Imagen Corporativa', 'Cuatrocientos Noventa y Ocho Mil setecientos cincuenta Pesos', '498750', '', '', '1', '1'),
(048, '2015-03-31', 'CÃºcuta', 80, ' Abono a PÃ¡gina Plan 100 ( 2015)-Imagen Corporativa ( 2015)-', 'Cien Mil Pesos ', '100000', '', '', '1', '1'),
(049, '2015-04-07', 'CÃºcuta', 74, 'Imagen Corporativa ( 2015)-', 'Ciento Cincuenta Mil Pesos', '150000', '', '', '0', '1'),
(050, '2015-04-07', 'CÃºcuta', 49, 'Imagen Corporativa-Pagina Web: Plan 300 MB-', 'Ciento Ochenta Mil Pesos ', '180000', '', '', '1', '1'),
(051, '2015-04-08', 'CÃºcuta', 66, 'PÃ¡gina Web: Plan 100 MB-AsesorÃ­a Para Evento ( 2015)', 'Ciento Setenta y Siete Mil Pesos ', '177000', '', '', '1', '1'),
(052, '2015-04-08', 'CÃºcuta', 73, 'Uniformes Empresariales ( Pasabocas Chic) -', 'Trescientos Treinta y Cuatro Mil Pesos ', '334000', '', '', '1', '1'),
(053, '2015-04-09', 'CÃºcuta', 81, 'Marketing On Line  Por Mes ', 'Cien Mil Pesos ', '100000', '', '', '1', '1'),
(054, '2015-04-09', 'CÃºcuta', 82, ' Pago de  100% de Letrero AcrÃ­lico  e imagen Corporativa', 'Cuatrocientos Setenta y Cinco Mil pesos ', '475000', '', '', '1', '1'),
(055, '2015-04-14', 'CÃºcuta', 76, ' Saldo Para completar el 40% del contrato de Marketing On Line  y Plataforma Web 1G  ( $ 300.000)\r\nAbono para ElaboraciÃ³n de Tarjetas  y Etiquetas de PresentaciÃ³n.  ( $300.000)', 'Seiscientos  Mil Pesos ', '600000', '', '', '1', '1'),
(056, '2015-04-14', 'CÃºcuta', 15, ' Abono al Contrato de Marketing Online \r\nSaldo ( $60.000)', 'Trescientos Mil Pesos ', '300000', '', '', '1', '1'),
(057, '2015-04-16', 'CÃºcuta', 45, ' Abono Final a  Pagina Web: Plan 300\r\nRetenciÃ³n En la Fuentes ( $ 72.000)', 'Doscientos Cuarenta y Ocho Mil Pesos ', '248000', '', '', '1', '1'),
(058, '2015-04-17', 'CÃºcuta', 18, '200 Folletos, 200 Tarjetas PresentaciÃ³n-', '', '225000', '', '', '', '1'),
(059, '2015-04-20', 'CÃºcuta', 83, 'CapacitaciÃ³n Fuerza de Ventas', 'Ciento Cincuenta Mil Pesos ', '150000', '', '', '1', '1'),
(060, '2015-04-21', 'CÃºcuta', 15, 'Saldo de Marketing Online , y Saldo de tarjetas de presentaciÃ³n. ', 'Noventa Mil Pesos ', '90000', '', '', '1', '1'),
(061, '2015-04-22', 'CÃºcuta', 67, 'Abono a Contrato de InvestigaciÃ³n y Plan de Mercadeo . Y compra de Dominio', 'Setecientos Treinta Y Cuatro Mil Pesos', '734000', '', '', '1', '1'),
(062, '2015-04-22', 'CÃºcuta', 84, 'Estudio de Mercado DemogrÃ¡fico ', 'Cuatrocientos Setenta  Mil pesos ', '470000', '', '', '1', '1'),
(063, '2015-04-23', 'CÃºcuta', 85, ' Abono a Politing On Line Por 5 Meses ', 'Doscientos Mil Pesos ', '200000', '', '', '1', '1'),
(064, '2015-04-25', 'CÃºcuta', 86, 'Anticipo del 40% De PÃ¡gina Web con Administrador de Contenido.', 'Dos Millones de Pesos ', '2000000', '', '', '1', '1'),
(065, '2015-04-27', 'CÃºcuta', 87, 'Anticipo de 25% de Plataforma Web y 3 meses de Marketing On Line ', 'Trescientos Veinti cinco mil pesos ', '325000', '', '', '1', '1'),
(066, '2015-04-29', 'CÃºcuta', 46, 'Saldo Final de PÃ¡gina Web y Marketing On Line', 'Ochocientos Ochenta y Ocho Mil Pesos ', '888000', '', '', '1', '1'),
(067, '2015-04-30', 'CÃºcuta', 88, 'Marketing On Line  Por 6 Meses', 'Doscientos Mil Pesos ', '200000', '', '', '1', '1'),
(068, '2015-05-01', 'CÃºcuta', 3, 'Marketing Online x  Mes-Tarjetas Uv- Mate ( 2015)-Tarjetas UV-mate-Tarjetas UV-mate-', 'Cuatroscientos Mil Pesos', '400000', '', '', '1', '1'),
(069, '2015-05-07', 'CÃºcuta', 90, '40% de  Abono a  DiseÃ±o de PÃ¡gina Web Plan 2GB  y  100% de Mes de Marketing On Line ', 'Seiscientos Ochenta Mil Pesos ', '680000', '', '', '1', '1'),
(070, '2015-05-12', 'Sincelejo', 65, '30% de Abono de Contrato a PrestaciÃ³n de Servicios de PÃ¡gina Web ', 'Seiscientos Mil Pesos', '600000', '', '', '0', '1'),
(071, '2015-05-19', 'CÃºcuta', 77, 'Imagen Corporativa ( 2015)-', 'Cien Mil Pesos', '100000', '', '', '1', '1'),
(072, '2015-05-22', 'CÃºcuta', 81, 'Marketing On Line - Intensivo (2015)-', '', '150000', '', '', '0', '1'),
(073, '2015-05-28', 'CÃºcuta', 61, '30% De abono a Contrato de Plan de Mercadeo y DiseÃ±o de PÃ¡gina Web. ', 'Setecientos Setenta y Cuatro Mil Pesos ', '774000', '', 'Transferencia a Bancolombia ', '0', '1'),
(074, '2015-06-03', 'CÃºcuta', 79, ' 50% de saldo Final de DiseÃ±o de Imagen Corporativa ', 'Ciento Diez Mil Pesos', '110000', '', '', '1', '1'),
(075, '2015-06-04', 'CÃºcuta', 66, '30% de saldo Final de  RemodelaciÃ³n de PÃ¡gina Web y asesorÃ­a para Evento.', 'Ciento Setenta y Siete Mil Pesos ', '177000', '', 'Bancolombia ', '0', '1'),
(076, '2015-06-09', 'CÃºcuta', 57, 'Saldo Final de Dominio, Tarjetas de PresentaciÃ³n, Brochure Virtual e Imagen Corporativa.', 'Ciento Cincuenta y tres Mil Pesos', '153000', '', '', '1', '1'),
(077, '2015-06-16', 'CÃºcuta', 42, 'Plataforma Plan 500 MB + Gestor de Contenido-Tarjetas UV-mate-Imagen Corporativa-', 'Doscientos Ochenta y Ocho Mil pesos ', '288000', '', '', '1', '1'),
(078, '2015-06-17', 'Sincelejo', 94, 'Tarjetas Uv- Mate ( 2015)-', 'Ciento Diez Mil Pesos', '110000', '', '', '1', '1'),
(079, '2015-06-19', 'CÃºcuta', 21, 'Pagina Web: Plan 500 MB-Tarjetas UV-mate-Tarjetas UV-mate-', 'Quinientos Mil Pesos', '500000', '', '', '0', '1'),
(080, '2015-07-02', 'CÃºcuta', 95, 'Marketing On line ', 'Ciento Veinti Cinco Mil pesos ', '125000', '', '', '1', '1'),
(081, '2015-07-03', 'CÃºcuta', 90, ' Abono a Contrato de PrestaciÃ³n de Servicios de  PÃ¡gina Web Plan y marketing On Line', 'Trescientos Sesenta Mil Pesos', '360000', '', '', '1', '1'),
(082, '2015-07-03', 'CÃºcuta', 95, ' Por servicio de Un Mes de Marketing On Line ', 'Doscientos Cincuenta Mil Pesos', '250000', '', '', '1', '1'),
(083, '2015-07-03', 'CÃºcuta', 3, 'Marketing On line x Mes  (2015)-Marketing Online x  Mes-', '', '235000', '', '', '0', '1'),
(084, '2015-07-14', 'CÃºcuta', 96, ' Anticipo a Contrato de Marketing On Line , Imagen Corporativa  y plataforma Web', 'Quinientos Mil Pesos', '500000', '', '', '1', '1'),
(085, '2015-07-23', 'CÃºcuta', 26, 'Pagina Web: Plan 10G + Administrador -', '', '1000000', '', '', '1', '1'),
(086, '2015-07-31', 'CÃºcuta', 97, ' 50% Para Completar Abono Inicial del Contrato de Plataforma Web , Plan de Mercadeo y AsesorÃ­a De Audio ', 'Quinientos Mil Pesos', '500000', '', '', '1', '1'),
(087, '2015-08-06', 'CÃºcuta', 98, '50% de Abono a Imagen Corporativa', 'Ciento Cincuenta Mil Pesos ', '150000', '', '', '1', '1'),
(088, '2015-08-10', 'CÃºcuta', 99, '50% de Abono Inicial Para realizaciÃ³n de Imagen Corporativa', 'Ciento Veinti Cinco Mil pesos ', '125000', '', '', '1', '1'),
(089, '2015-08-12', 'CÃºcuta', 101, '40% De Abono a Contrato de PrestaciÃ³n de servicios de pÃ¡gina Web, Tarjetas UV  Y Brochure FÃ­sico ', 'Trescientos Ochenta y Ocho Mil Pesos ', '388000', '', '', '1', '1'),
(090, '2015-08-06', 'CÃºcuta', 3, ' Abono a Plataforma Interna Por MÃ³dulos, RediseÃ±o de PÃ¡gina Web, Imagen Corporativa, Marketing On line . ', 'Dos Millones de Pesos ', '2000000', '', '', '1', '1'),
(091, '2015-09-02', 'CÃºcuta', 104, 'EsquematizaciÃ³n de Proyecto y PÃ¡gina Web ', 'Un MillÃ³n Doscientos Mil Pesos ', '1200000', '', '', '0', '1'),
(092, '2015-09-04', 'CÃºcuta', 105, 'Plan de Mercadeo por 3 Meses y PÃ¡gina Web.', 'Ochocientos Mil Pesos', '800000', '', 'ConsignaciÃ³n a Bancolombia ', '0', '1'),
(093, '2015-09-07', 'CÃºcuta', 42, 'PÃ¡gina Web: Basic-', '', '650000', '', '', '', '1'),
(094, '2015-09-10', 'CÃºcuta', 99, ' 50%  Final de Imagen Corporativa', 'Ciento cincuenta Mil Pesos ', '150000', '', '', '1', '1'),
(095, '2015-09-10', 'CÃºcuta', 104, ' 50% de Saldo de Imagen Corporativa, InvestigaciÃ³n Mercado y PÃ¡gina Web:', 'Un millÃ³n seiscientos cincuenta Mil Pesos ', '1650000', '', '', '1', '1'),
(096, '2015-09-04', 'CÃºcuta', 25, 'Saldo Final de Tarjetas PresentaciÃ³n , Brochure Virtual,Imagen Corporativa y Pagina Web', 'Trescientos Noventa Mil Pesos ', '390000', '', 'ConsignaciÃ³n a Bancolombia ', '0', '1'),
(097, '2015-09-24', 'CÃºcuta', 107, 'Marketing On Line Preium', 'Novecientos Mil Pesos', '900000', '', '', '1', '1'),
(098, '2015-10-05', 'CÃºcuta', 58, '50% Saldo Final , de PÃ¡gina Web Power.', 'Seiscientos Cincuenta Mil Pesos', '650000', '', '', '1', '1'),
(099, '2015-10-08', 'CÃºcuta', 108, ' DiseÃ±o de Imagen Corporativa.', 'Ciento Cincuenta Mil Pesos ', '150000', '', '', '1', '1'),
(100, '2015-10-13', 'CÃºcuta', 46, '50% de Anticipo a Contrato de prestaciÃ³n de servicios de diseÃ±o de  AplicaciÃ³n Web , Tables.', 'Trecientos Cincuenta Mil Pesos ', '350000', '', '', '0', '1'),
(101, '2015-10-16', 'CÃºcuta', 107, 'Abono del 20% a Contrato de Marketing Online', 'Trescientos Mil Pesos ', '300000', '', '', '1', '1'),
(102, '2015-10-22', 'CÃºcuta', 110, 'Anticipo del 40% por contrato de prestaciÃ³n de servicios de Imagen Corporativa y Estudio de Viabilidad del Negocio', 'Quinientos Veinte Mil Pesos ', '520000', '', '', '1', '1'),
(103, '2015-10-21', 'CÃºcuta', 105, 'Segundo Abono del 35,715% del contrato de PrestaciÃ³n de Servcios de PÃ¡gina Web y plan de Mercadeo por 3 Meses.', 'Un MillÃ³n de Pesos ', '1000000', '', 'Consignado a Bancolombia ', '0', '1'),
(104, '2015-10-23', 'CÃºcuta', 101, '30% de Abono Final a PÃ¡gina Web   , Tarjetas de presentaciÃ³n y Tripticos .', 'Trescientos Veintiseis Mil Pesos', '326000', '', 'Consignado a Bancolombia', '0', '1'),
(105, '2015-10-03', 'CÃºcuta', 98, 'InvestigaciÃ³n Mercado x 1mes-', '', '400000', '', '', '', '1'),
(106, '2015-10-28', 'CÃºcuta', 103, 'Segundo abono de 33,33% del contrato de prestaciÃ³n de servicios de  Imagen corporativa y PÃ¡gina Web ', 'Quinientos Mil Pesos ', '500000', '', 'ConsignaciÃ³n a Bancolombia ', '1', '1'),
(107, '2015-11-07', 'CÃºcuta', 111, ' 50% de Imagen Corporativa', 'Doscientos Mil Pesos ', '200000', '', '', '1', '1'),
(108, '2015-11-11', 'CÃºcuta', 71, 'Pago de  Plataforma Web y diseÃ±o de Revista virtual. ', 'Setescientos Cuarenta y cinco Mil Pesos ', '745000', '', 'Consignado a Bancolombia', '0', '1');

-- --------------------------------------------------------

--
-- Estructura de tabla para la tabla `seguimiento`
--

CREATE TABLE IF NOT EXISTS `seguimiento` (
  `id_seguimineto` int(11) NOT NULL AUTO_INCREMENT,
  `empre_id_seg` int(11) NOT NULL,
  `plan_id_seg` int(11) NOT NULL,
  `descuento` double NOT NULL,
  `abono1` double NOT NULL,
  `fecabA` date NOT NULL,
  `estdA` varchar(10) COLLATE utf8_spanish_ci NOT NULL,
  `abono2` double NOT NULL,
  `fecabB` date NOT NULL,
  `estdB` varchar(10) COLLATE utf8_spanish_ci NOT NULL,
  `abono3` double NOT NULL,
  `fecabC` date NOT NULL,
  `estdC` varchar(10) COLLATE utf8_spanish_ci NOT NULL,
  `saldo` double NOT NULL,
  `en_caja` double NOT NULL,
  `fi_plan` date NOT NULL,
  `ff_plan` date NOT NULL,
  `estad_plan` varchar(10) COLLATE utf8_spanish_ci NOT NULL,
  `redirec_id` int(11) NOT NULL,
  `valor_p_dire` double NOT NULL,
  `estado_pag_dire` varchar(10) COLLATE utf8_spanish_ci NOT NULL,
  `insumos` double NOT NULL,
  `estado_insumo` varchar(10) COLLATE utf8_spanish_ci NOT NULL,
  `id_provee` int(11) NOT NULL,
  `precio_t_prove` double NOT NULL,
  `estad_prove` varchar(10) COLLATE utf8_spanish_ci NOT NULL,
  `dominio` varchar(500) COLLATE utf8_spanish_ci NOT NULL,
  `ftp` varchar(500) COLLATE utf8_spanish_ci NOT NULL,
  `usuario` varchar(500) COLLATE utf8_spanish_ci NOT NULL,
  `pass_usuario_dm` varchar(800) COLLATE utf8_spanish_ci NOT NULL,
  `fech_r` date NOT NULL,
  `estado_servidor` varchar(10) COLLATE utf8_spanish_ci NOT NULL,
  `id_servi` int(11) NOT NULL,
  `correo_correo` varchar(500) COLLATE utf8_spanish_ci NOT NULL,
  `pass_correo` varchar(800) COLLATE utf8_spanish_ci NOT NULL,
  `usuario_face` varchar(500) COLLATE utf8_spanish_ci NOT NULL,
  `pass_face` varchar(800) COLLATE utf8_spanish_ci NOT NULL,
  `usuario_inst` varchar(500) COLLATE utf8_spanish_ci NOT NULL,
  `pass_inst` varchar(800) COLLATE utf8_spanish_ci NOT NULL,
  `usuario_pinters` varchar(500) COLLATE utf8_spanish_ci NOT NULL,
  `pass_pinters` varchar(800) COLLATE utf8_spanish_ci NOT NULL,
  `usuario_likind` varchar(500) COLLATE utf8_spanish_ci NOT NULL,
  `pass_likind` varchar(800) COLLATE utf8_spanish_ci NOT NULL,
  `usuario_twitter` varchar(500) COLLATE utf8_spanish_ci NOT NULL,
  `pass_twitter` varchar(800) COLLATE utf8_spanish_ci NOT NULL,
  `link_adm` varchar(800) COLLATE utf8_spanish_ci NOT NULL,
  `us_adm` varchar(500) COLLATE utf8_spanish_ci NOT NULL,
  `pass_adm` varchar(800) COLLATE utf8_spanish_ci NOT NULL,
  `fecha_ingreso` date NOT NULL,
  `mes_in` varchar(100) COLLATE utf8_spanish_ci NOT NULL,
  `year_in` varchar(100) COLLATE utf8_spanish_ci NOT NULL,
  PRIMARY KEY (`id_seguimineto`),
  KEY `usuario_id_seg` (`empre_id_seg`,`plan_id_seg`,`redirec_id`,`id_provee`,`id_servi`),
  KEY `plan_id_seg` (`plan_id_seg`),
  KEY `redirec_id` (`redirec_id`),
  KEY `id_servi` (`id_servi`),
  KEY `id_provee` (`id_provee`)
) ENGINE=InnoDB  DEFAULT CHARSET=utf8 COLLATE=utf8_spanish_ci AUTO_INCREMENT=290 ;

--
-- Volcado de datos para la tabla `seguimiento`
--

INSERT INTO `seguimiento` (`id_seguimineto`, `empre_id_seg`, `plan_id_seg`, `descuento`, `abono1`, `fecabA`, `estdA`, `abono2`, `fecabB`, `estdB`, `abono3`, `fecabC`, `estdC`, `saldo`, `en_caja`, `fi_plan`, `ff_plan`, `estad_plan`, `redirec_id`, `valor_p_dire`, `estado_pag_dire`, `insumos`, `estado_insumo`, `id_provee`, `precio_t_prove`, `estad_prove`, `dominio`, `ftp`, `usuario`, `pass_usuario_dm`, `fech_r`, `estado_servidor`, `id_servi`, `correo_correo`, `pass_correo`, `usuario_face`, `pass_face`, `usuario_inst`, `pass_inst`, `usuario_pinters`, `pass_pinters`, `usuario_likind`, `pass_likind`, `usuario_twitter`, `pass_twitter`, `link_adm`, `us_adm`, `pass_adm`, `fecha_ingreso`, `mes_in`, `year_in`) VALUES
(2, 2, 3, 60000, 250000, '0000-00-00', '0', 250000, '0000-00-00', '0', 0, '0000-00-00', '', 0, 343676, '2014-02-25', '2014-03-25', '2', 1, 30000, '2', 0, '2', 3, 126324, '2', 'www.induarte.com', 'ftp.induarte.com', 'induarte', 'proinco123.', '2015-02-02', '1', 1, 'induartecucuta@gmail.com', 'induarte123.', '', '', 'induartecucuta', 'induarte123.', '', '', '', '', '', '', '', '', '', '2014-04-11', '4', '2014'),
(3, 3, 3, 0, 300000, '0000-00-00', '', 260000, '0000-00-00', '', 0, '0000-00-00', '', 0, 380708, '2014-02-26', '2014-03-26', '2', 2, 30000, '2', 0, '2', 3, 30000, '2', 'www.aleisajeans.com', 'ftp.aleisajeans.com', 'aleisaje', 'alei123.', '2015-03-31', '1', 1, 'aleisajeans@gmail.com', 'aleisa123.', 'aleisajeans@gmail.com', 'aleisa123', 'aleisajeans', 'aleisa123', 'aleisajeans@gmail.com', 'aleisa123.', '', '', 'Aleisajeans', 'aleisa123', '', '', '', '2014-04-05', '4', '2014'),
(4, 39, 2, 60000, 200000, '0000-00-00', '0', 200000, '0000-00-00', '0', 0, '0000-00-00', '0', 0, 285000, '2014-03-13', '2014-04-13', '2', 1, 30000, '2', 0, '2', 2, 85000, '2', 'www.decoflores.com.co', 'ftp.decoflores.com', 'decoflor', 'proinco123.', '2015-04-14', '1', 1, 'decoflorescucuta@gmail.com', 'decoflores123.', '', '', '', '', '', '', '', '', '', '', 'http://www.decoflores.com.co/adm/', ' floristalvaro@hotmail.com', 'deco123.', '2014-04-05', '4', '2014'),
(5, 40, 3, 28000, 50000, '0000-00-00', '2', 0, '0000-00-00', '', 0, '0000-00-00', '', 200000, 44800, '2014-03-26', '2014-12-18', '1', 2, 0, '2', 0, '2', 3, 36000, '2', 'www.buxxijeans.com', 'ftp.buxxijeans.com', 'buxxijeans@aleisajeans.com', 'VuJ7bK5GRyRvwdBOMM', '2015-04-14', '1', 1, '', '', '', '', '', '', '', '', '', '', '', '', '', '', '', '2014-04-10', '4', '2014'),
(6, 4, 2, 40000, 220000, '0000-00-00', '0', 0, '2014-12-03', '0', 0, '0000-00-00', '0', 0, 325000, '2014-03-14', '2014-03-25', '2', 2, 30000, '2', 0, '2', 2, 0, '2', 'www.toscanaysorrento.com', 'ftp.toscanaysorrento.com', 'toscanay', '9LU3Idss7yQ3IArHAX', '2015-03-20', '1', 1, '', '', '', '', '', '', '', '', '', '', '', '', '', '', '', '2014-04-06', '4', '2014'),
(8, 4, 11, 0, 80000, '0000-00-00', '2', 80000, '2014-12-03', '', 0, '0000-00-00', '', 0, 0, '2014-03-15', '2014-03-30', '2', 2, 0, '2', 0, '2', 16, 0, '', '', '', '', '', '0000-00-00', '1', 1, '', '', '', '', '', '', '', '', '', '', '', '', '', '', '', '2014-04-04', '4', '2014'),
(9, 4, 16, 3000, 70000, '0000-00-00', '', 70000, '0000-00-00', '', 0, '0000-00-00', '', 0, 20000, '2014-03-04', '2014-03-09', '2', 2, 5000, '2', 0, '2', 11, 20000, '2', '', '', '', '', '0000-00-00', '1', 1, '', '', '', '', '', '', '', '', '', '', '', '', '', '', '', '2014-04-05', '4', '2014'),
(10, 5, 3, 40000, 260000, '0000-00-00', '', 260000, '0000-00-00', '', 0, '0000-00-00', '', 0, 363676, '2014-03-15', '2014-03-22', '2', 1, 30000, '2', 0, '2', 3, 125324, '2', 'www.cicolglp.com', 'ftp.cicolglp.com', 'cicolglp', 'cicol123.', '2015-03-20', '1', 1, 'cicolglp@gmail.com', 'cicol123.', '', '', '', '', '', '', '', '', '', '', '', '', '', '2014-04-06', '4', '2014'),
(11, 5, 10, 0, 150000, '0000-00-00', '', 0, '0000-00-00', '', 0, '0000-00-00', '', 0, 150000, '2014-03-16', '2014-04-18', '2', 1, 0, '2', 0, '2', 16, 0, '', '', '', '', '', '0000-00-00', '1', 1, '', '', '', '', '', '', '', '', '', '', '', '', '', '', '', '2014-04-06', '4', '2014'),
(12, 6, 2, 60000, 210000, '0000-00-00', '0', 210000, '0000-00-00', '0', 0, '0000-00-00', '0', 0, 325018, '2014-03-16', '2014-04-18', '2', 1, 30000, '2', 0, '2', 2, 85000, '2', 'www.hotelcenterplaza.com.co', 'ftp.hotelcenterplaza.com.co', 'hotelcen', 'proinco123.', '2014-04-14', '1', 1, 'social@hotelcenterplaza.com.co', 'hotelcenter123.', '', '', 'hotelcenterplaza', 'hotelcenter123.', '', '', '', '', 'hotelcenterPP', 'hotelcenter123.', '', '', '', '2014-04-04', '4', '2014'),
(13, 7, 2, 40000, 220000, '0000-00-00', '0', 0, '0000-00-00', '0', 0, '0000-00-00', '0', 0, 150018, '0000-00-00', '2014-05-30', '2', 1, 30000, '2', 0, '2', 2, 84982, '2', 'www.surtifloresjg.com', 'ftp.surtifloresjg.com', 'Surtiflo', 'proinco123.', '2014-04-14', '1', 1, 'Surtifloresjg@gmail.com', 'surtifloresjg123.', '', '', 'surtiflores', 'surtiflores123.', '', '', '', '', 'surifloresjg', 'surtifloresjg123.', '', '', '', '2014-04-05', '4', '2014'),
(14, 8, 2, 40000, 200000, '0000-00-00', '', 240000, '0000-00-00', '', 0, '0000-00-00', '', 0, 325018, '0000-00-00', '2014-05-31', '2', 1, 30000, '2', 0, '2', 2, 85000, '2', 'www.churrolatino.com', 'ftp.churrolatino.com', 'churrola', 'proinco123.', '2014-04-14', '1', 1, 'churroslatinos@gmail.com', 'churrolatino123.', '', '', '', '', '', '', '', '', 'churroslatinos', 'churrolatino123.', '', '', '', '2014-04-03', '4', '2014'),
(15, 1, 5, 730000, 0, '0000-00-00', '', 0, '0000-00-00', '', 0, '0000-00-00', '', 0, 0, '0000-00-00', '2014-05-31', '2', 1, 0, '2', 0, '2', 5, 160800, '2', 'www.inquilino.co', 'ftp.inquilino.co', 'inquilin', 'proinco123.', '2014-04-14', '1', 1, 'inquilinocucuta@gmail.com', 'inquilino123.', 'inquilinocucuta@gmail.com', 'inquilino123.', 'inquilinocucuta', 'inquilino123.', '', '', '', '', 'inquilino1', 'inquilino123.', 'http://www.inmobiliariainquilino.com/inqadm/', 'admin', 'inqui123.', '2014-04-05', '4', '2014'),
(16, 9, 18, 100000, 75000, '0000-00-00', '', 75000, '0000-00-00', '', 0, '0000-00-00', '', 0, 150000, '2014-03-16', '2014-05-17', '2', 2, 0, '2', 0, '2', 16, 0, '', '', '', '', '', '0000-00-00', '1', 1, '', '', '', '', '', '', '', '', '', '', '', '', '', '', '', '2014-04-19', '4', '2014'),
(17, 10, 2, 40000, 220000, '0000-00-00', '0', 220000, '0000-00-00', '0', 0, '0000-00-00', '0', 0, 325018, '2014-04-30', '2014-05-30', '2', 1, 30000, '2', 0, '2', 2, 85000, '2', 'www.laflordellirio.com', 'ftp.laflordellirio.com', 'laflorde', ' ll12345', '2015-05-17', '1', 1, 'laflordellirio1@gmail.com', 'laflordellirio123.', '', '', 'laflordellirio', 'lirio123.', '', '', '', '', '', '', '', '', '', '2014-04-19', '4', '2014'),
(19, 41, 4, 0, 0, '0000-00-00', '', 0, '0000-00-00', '', 0, '0000-00-00', '', 0, 0, '2014-05-19', '2014-05-30', '2', 3, 0, '2', 0, '2', 4, 0, '2', 'www.produti.co', 'ftp.produti.co', 'u597701460', 'produti123.', '0000-00-00', '1', 1, '', '', '', '', 'produti_co', 'produti123.', '', '', '', '', 'produti_co', 'produti123.', '', '', '', '2014-05-01', '5', '2014'),
(20, 11, 3, 120000, 220000, '0000-00-00', '', 220000, '0000-00-00', '', 0, '0000-00-00', '', 0, 445200, '2014-05-21', '2014-06-21', '1', 2, 44800, '2', 0, '2', 3, 50000, '2', 'www.calzadorudins.com', 'ftp.calzadorudins.com', 'calzador', 'cr12345', '2015-05-23', '1', 1, 'calzadorudins@gmail.com', 'rudins123.', '', '', 'calzadorudins', 'rudins123.', 'calzadorudins@gmail.com', 'rudins123.', '', '', '', '', '', '', '', '2014-05-02', '5', '2014'),
(21, 12, 3, 160000, 200000, '0000-00-00', '2', 200000, '0000-00-00', '2', 0, '0000-00-00', '0', 0, 305200, '2014-05-21', '2014-07-20', '2', 2, 44800, '2', 0, '2', 3, 50000, '2', 'www.calzadojhones.com', 'ftp.calzadojhones.com', 'calzadoj', 'cj12345', '2015-05-23', '1', 1, 'modajhones@gmail.com', 'jhones123.', '', '', 'calzadojhones', 'jhones123.', 'modajhones@gmail.com', 'jhones123.', '', '', '', '', '', '', '', '2014-05-03', '5', '2014'),
(22, 9, 3, 150000, 210000, '0000-00-00', '2', 210000, '0000-00-00', '2', 0, '0000-00-00', '2', 0, 325200, '2014-05-21', '2014-07-20', '2', 2, 0, '2', 0, '2', 3, 0, '2', 'www.uniformesworkin.com', 'ftp.nodux.co', 'uniformesworkin@nodux.co', 'uniformes_1', '2015-05-23', '1', 1, 'workin742@gmail.com', 'workin123', '', '', 'workinuniformes', 'viviana123', 'workin742@gmail.com', 'workin123.', 'workin742@gmail.com', 'workin123.', 'uniformesworkin', 'workin123', '', '', '', '2014-05-04', '5', '2014'),
(23, 9, 11, 120000, 60000, '0000-00-00', '2', 60000, '0000-00-00', '2', 0, '0000-00-00', '2', 0, 180000, '2014-05-21', '2014-07-20', '2', 2, 30000, '2', 0, '2', 16, 0, '', '', '', '', '', '2015-05-23', '1', 1, '', '', '', '', '', '', '', '', '', '', '', '', '', '', '', '2014-05-07', '5', '2014'),
(24, 13, 3, 190000, 100000, '0000-00-00', '0', 0, '0000-00-00', '0', 0, '0000-00-00', '0', 270000, 30000, '2014-06-10', '2014-08-09', '2', 5, 30000, '2', 0, '2', 3, 50000, '2', 'www.agenciadefestejoscy.com', 'ftp.agenciadefestejoscy.com', 'agenciad', 'af12345', '2015-06-15', '1', 1, 'crisyenfestejos@gmail.com', 'crisyen123.', 'agenciadefestejoscy@hotmail.com', 'nancyrozo', 'crisyenfestejos', 'crisyen123.', 'crisyenfestejos@gmail.com', 'crisyen123.', '', '', '', '', 'http://www.agenciadefestejoscy.com/inventario/', 'crysamd', '123456', '2014-06-03', '6', '2014'),
(25, 13, 14, 30000, 400000, '0000-00-00', '2', 300000, '0000-00-00', '2', 0, '0000-00-00', '0', 620000, 700000, '2014-06-10', '2014-08-09', '1', 5, 0, '2', 0, '2', 16, 0, '', '', '', '', '', '2015-06-15', '1', 1, '', '', '', '', '', '', '', '', '', '', '', '', '', '', '', '2014-06-03', '6', '2014'),
(26, 14, 4, 40000, 620000, '0000-00-00', '2', 0, '0000-00-00', '0', 0, '0000-00-00', '0', 0, -464000, '2014-06-10', '2014-07-15', '1', 2, 76000, '2', 0, '2', 4, 80000, '0', '', '', '', '', '0000-00-00', '1', 1, 'merkagress@gmail.com', 'conaxport123.', '', '', '', '', '', '', '', '', '', '', 'http://ladrilleramerkagres.com/admme/', 'admin@dominio.com', '123456,', '2014-06-05', '6', '2014'),
(27, 14, 17, 0, 75000, '0000-00-00', '0', 0, '0000-00-00', '0', 0, '0000-00-00', '0', 0, 0, '2014-05-22', '2014-05-26', '2', 1, 5000, '2', 0, '2', 13, 50000, '', '', '', '', '', '0000-00-00', '1', 1, '', '', '', '', '', '', '', '', '', '', '', '', '', '', '', '2014-06-06', '6', '2014'),
(28, 42, 23, 0, 532000, '2014-10-02', '2', 228000, '2015-06-16', '2', 228000, '2014-11-30', '1', 0, -893200, '2014-10-02', '2014-11-30', '1', 5, 44800, '1', 0, '2', 3, 50000, '1', '', '', '', '', '0000-00-00', '1', 1, 'lady.cerasi1@gmail.com', 'cerasi123', 'lady.cerasi1@gmail.com', 'cerasi123', 'ladycerasi', 'cerasi123', '', '', '', '', '', '', 'http://conaxport.com/lady/ladadm/', 'admin', 'lady123.', '2014-10-03', '10', '2014'),
(31, 16, 3, 0, 560000, '0000-00-00', '0', 0, '0000-00-00', '0', 0, '0000-00-00', '0', 0, -465200, '2014-06-09', '2014-08-10', '2', 7, 44800, '2', 0, '2', 3, 50000, '2', '', '', '', '', '0000-00-00', '1', 1, '', '', '', '', '', '', '', '', '', '', '', '', 'http://constructorafutumatrix.com/futuadm/', 'constructorafutumatrix@gmail.com', 'pasword modificado', '2014-06-07', '6', '2014'),
(33, 17, 4, 110000, 250000, '0000-00-00', '0', 300000, '2015-03-09', '0', 0, '0000-00-00', '0', 0, -111600, '2014-06-12', '2014-07-15', '1', 2, 58400, '2', 0, '2', 4, 80000, '2', '', '', '', '', '0000-00-00', '1', 1, '', '', '', '', 'dnusacueros', 'dnusacueros', 'dcueros', 'dnusacueros', '', '', '', '', '', '', '', '2014-06-10', '6', '2014'),
(34, 18, 24, 0, 720000, '2014-06-06', '2', 930000, '2014-12-11', '0', 0, '0000-00-00', '0', 0, 444000, '2014-06-06', '2014-09-13', '1', 7, 76000, '2', 0, '2', 8, 200000, '1', '', '', '', '', '0000-00-00', '1', 1, '', '', '', '', '', '', '', '', '', '', '', '', 'http://soyifigenia.com/shoadm/', 'admin@dominio.com', '123456', '2014-06-13', '6', '2014'),
(35, 18, 10, 0, 0, '0000-00-00', '0', 0, '0000-00-00', '0', 0, '0000-00-00', '0', 0, 20000, '2014-06-06', '2014-07-06', '2', 7, 20000, '2', 0, '2', 16, 0, '0', '', '', '', '', '0000-00-00', '1', 1, '', '', '', '', '', '', '', '', '', '', '', '', '', '', '', '2014-06-11', '6', '2014'),
(36, 19, 24, 150000, 1250000, '2014-06-15', '2', 250000, '2014-12-29', '0', 0, '0000-00-00', '0', 0, 974000, '2014-06-15', '2014-08-17', '1', 2, 76000, '2', 0, '2', 8, 200000, '2', '', '', '', '', '0000-00-00', '1', 1, 'inversioneskyse@gmail.com', 'conaxport123.', 'inversioneskyse@gmail.com', 'kyse123.', 'inversioneskyse', 'inversioneskyse', '', '', '', '', 'inversioneskyse', 'inversiones', 'http://www.inversioneskyse.com/kysadm/', 'admin@dominio.com', 'kys123.', '2014-06-15', '6', '2014'),
(37, 19, 17, 0, 30000, '2014-06-15', '2', 70000, '2014-12-29', '0', 0, '0000-00-00', '0', 0, 25000, '2014-06-15', '2014-06-24', '2', 2, 5000, '2', 0, '2', 13, 50000, '0', '', '', '', '', '0000-00-00', '1', 1, '', '', '', '', '', '', '', '', '', '', '', '', '', '', '', '2014-06-15', '6', '2014'),
(38, 19, 10, 20000, 30000, '2014-06-15', '2', 70000, '2014-12-29', '0', 0, '0000-00-00', '0', 0, 10000, '2014-06-16', '2014-06-20', '2', 2, 20000, '2', 0, '2', 16, 0, '0', '', '', '', '', '0000-00-00', '1', 1, '', '', '', '', '', '', '', '', '', '', '', '', '', '', '', '2014-06-15', '6', '2014'),
(40, 21, 3, 110000, 150000, '2014-07-03', '2', 300000, '2015-06-19', '0', 0, '0000-00-00', '0', 0, 55200, '2014-06-03', '2014-08-09', '1', 2, 44800, '2', 0, '2', 3, 50000, '0', '', 'ftp.joyeriamelissa.com', 'joyeria7', 'jm12345', '0000-00-00', '1', 1, 'joyeriamelisa@gmail.com', 'conaxport123', 'joyeriamelisa@gmail.com', 'melissa123.', 'joyeriamelissa', 'melisa123.', '', '', '', '', 'JoyeriaMelissa', 'joyeria123', '', '', '', '2014-07-03', '7', '2014'),
(43, 13, 25, 0, 0, '0000-00-00', '0', 0, '0000-00-00', '0', 0, '0000-00-00', '0', 600000, 0, '2014-07-09', '2014-08-09', '1', 2, 0, '1', 0, '1', 16, 0, '0', '', '', '', '', '0000-00-00', '1', 1, '', '', '', '', '', '', '', '', '', '', '', '', '', '', '', '2014-07-09', '7', '2014'),
(44, 13, 26, 0, 180000, '2014-07-02', '2', 0, '0000-00-00', '0', 0, '0000-00-00', '0', 0, 95000, '2014-07-02', '2014-07-08', '2', 2, 5000, '2', 0, '1', 18, 80000, '2', '', '', '', '', '0000-00-00', '1', 1, '', '', '', '', '', '', '', '', '', '', '', '', '', '', '', '2014-07-02', '7', '2014'),
(45, 24, 10, 40000, 0, '0000-00-00', '0', 75000, '2014-12-11', '0', 0, '0000-00-00', '0', 0, 20000, '2014-07-02', '2014-08-07', '1', 2, 20000, '2', 0, '2', 16, 0, '0', '', '', '', '', '0000-00-00', '1', 1, 'calzadoifigenia@gmail.com', 'conaxport123.', '', '', 'calzadifigenia', 'calzadoifigenia', '', '', '', '', 'calzadoifigenia', 'ifigenia', '', '', '', '2014-07-02', '7', '2014'),
(46, 19, 28, 0, 280000, '2014-07-07', '2', 0, '0000-00-00', '0', 0, '0000-00-00', '0', 0, 25000, '2014-07-07', '2014-07-12', '2', 2, 5000, '2', 0, '1', 20, 250000, '2', '', '', '', '', '0000-00-00', '1', 1, '', '', '', '', '', '', '', '', '', '', '', '', '', '', '', '2014-07-07', '7', '2014'),
(47, 19, 27, 25000, 150000, '2014-07-07', '2', 0, '0000-00-00', '0', 0, '0000-00-00', '0', 0, 15000, '2014-07-07', '2014-07-15', '2', 2, 5000, '2', 0, '1', 19, 130000, '2', '', '', '', '', '0000-00-00', '1', 1, '', '', '', '', '', '', '', '', '', '', '', '', '', '', '', '2014-07-07', '7', '2014'),
(48, 25, 3, 80000, 225000, '2014-07-24', '2', 255000, '2015-09-04', '0', 0, '0000-00-00', '0', 0, 130200, '2014-07-24', '2014-08-24', '1', 7, 44800, '1', 0, '1', 3, 50000, '1', '', '', '', '', '0000-00-00', '1', 1, 'vvarzad@gmail.com', 'verzad123.', 'vvarzad@gmail.com', 'verzad123.', '', '', '', '', '', '', '', '', '', '', '', '2014-07-24', '7', '2014'),
(49, 25, 10, 50000, 65000, '2014-07-24', '2', 5000, '2015-09-04', '0', 0, '0000-00-00', '0', 0, 45000, '2014-07-24', '2014-07-29', '2', 3, 20000, '2', 0, '1', 16, 0, '0', '', '', '', '', '0000-00-00', '1', 1, '', '', '', '', '', '', '', '', '', '', '', '', '', '', '', '2014-07-24', '7', '2014'),
(50, 43, 29, 0, 0, '0000-00-00', '0', 0, '0000-00-00', '0', 0, '0000-00-00', '0', 0, 0, '2014-04-12', '5000-12-18', '3', 2, 0, '2', 0, '3', 16, 0, '0', 'www.conaxport.com', 'ftp.conaxport.com', 'conaxpor', '1090434481afmq.', '2015-09-15', '1', 1, 'conaxport@gmail.com', 'afmq1090434481', 'conaxport@gmail.com', 'conaxport123.', 'conaxport', 'conaxport123', '', '', '', '', 'conaxport', 'conaxport123.', '', '', '', '2014-01-12', '1', '2014'),
(51, 42, 17, 0, 70000, '0000-00-00', '2', 30000, '2015-06-16', '2', 30000, '2014-11-30', '1', 0, -75000, '2014-10-02', '2014-10-18', '1', 1, 5000, '3', 0, '2', 13, 50000, '1', '', '', '', '', '0000-00-00', '1', 1, '', '', '', '', '', '', '', '', '', '', '', '', '', '', '', '2014-10-06', '10', '2014'),
(52, 42, 10, 20000, 70000, '0000-00-00', '2', 30000, '2015-06-16', '2', 30000, '2014-11-30', '1', 0, -110000, '2014-10-02', '2014-11-02', '1', 1, 20000, '3', 0, '2', 16, 0, '0', '', '', '', '', '0000-00-00', '1', 1, '', '', '', '', '', '', '', '', '', '', '', '', '', '', '', '2014-10-06', '10', '2014'),
(53, 25, 11, 60000, 120000, '2014-07-24', '2', 12000, '2015-09-04', '0', 0, '0000-00-00', '0', 0, 90000, '2014-07-24', '2014-09-26', '1', 3, 30000, '2', 0, '2', 16, 0, '0', '', '', '', '', '0000-00-00', '1', 1, '', '', '', '', '', '', '', '', '', '', '', '', '', '', '', '2014-07-24', '7', '2014'),
(54, 25, 16, 10000, 40000, '2014-07-24', '2', 10000, '2015-09-04', '0', 0, '0000-00-00', '0', 0, 15000, '2014-07-24', '2014-08-23', '1', 3, 5000, '2', 0, '1', 11, 20000, '1', '', '', '', '', '0000-00-00', '1', 1, '', '', '', '', '', '', '', '', '', '', '', '', '', '', '', '2014-07-24', '7', '2014'),
(55, 26, 30, 0, 1000000, '2014-07-29', '2', 0, '2015-07-23', '0', 0, '0000-00-00', '0', 0, 724000, '2014-07-29', '2014-09-14', '1', 1, 76000, '2', 0, '1', 8, 200000, '2', 'www.inmobiliariaprovase.com.co', '', '', '', '0000-00-00', '1', 1, '', '', '', '', '', '', '', '', '', '', '', '', 'http://conaxport.com/provase/provamd/', 'admin@dominio.com', 'prov123;', '2014-07-29', '7', '2014'),
(56, 26, 14, 600000, 500000, '2014-07-29', '2', 0, '0000-00-00', '0', 0, '0000-00-00', '0', 0, 0, '2014-07-29', '2014-09-20', '1', 1, 0, '2', 0, '2', 16, 0, '1', '', '', '', '', '0000-00-00', '1', 1, '', '', '', '', '', '', '', '', '', '', '', '', '', '', '', '2014-07-29', '7', '2014'),
(57, 28, 14, 0, 480000, '2014-07-29', '2', 360000, '2014-12-13', '2', 0, '0000-00-00', '0', 0, 750000, '2014-07-29', '2014-10-20', '1', 8, 72000, '2', 0, '1', 16, 0, '1', '', '', '', '', '0000-00-00', '1', 1, '', '', 'hotelbquinplaza@gmail.com', 'hotel123.', 'hotelbquinplaza', 'bquin123.', '', '', '', '', 'hotelbquinplaza', '7seguridad7', '', '', '', '2014-07-29', '7', '2014'),
(58, 30, 10, 0, 0, '0000-00-00', '0', 0, '0000-00-00', '0', 0, '0000-00-00', '0', 0, 20000, '2014-08-01', '2014-08-11', '2', 2, 20000, '2', 0, '1', 16, 0, '1', '', '', '', '', '0000-00-00', '1', 1, '', '', '', '', '', '', '', '', '', '', '', '', '', '', '', '2014-08-01', '8', '2014'),
(59, 8, 31, 0, 1100000, '2014-08-02', '2', 0, '0000-00-00', '0', 0, '0000-00-00', '0', 0, 170000, '2014-08-02', '2014-08-12', '2', 1, 0, '2', 0, '1', 21, 930000, '2', '', '', '', '', '0000-00-00', '1', 1, '', '', '', '', '', '', '', '', '', '', '', '', '', '', '', '2014-08-02', '8', '2014'),
(60, 8, 17, 20000, 80000, '2014-08-02', '2', 0, '0000-00-00', '0', 0, '0000-00-00', '0', 0, 25000, '2014-08-02', '2014-08-09', '2', 1, 5000, '2', 0, '2', 13, 50000, '2', '', '', '', '', '0000-00-00', '1', 1, '', '', '', '', '', '', '', '', '', '', '', '', '', '', '', '2014-08-02', '8', '2014'),
(61, 8, 32, 0, 26000, '2014-08-02', '2', 0, '0000-00-00', '0', 0, '0000-00-00', '0', 0, 0, '2014-08-02', '2014-08-03', '2', 2, 0, '2', 0, '2', 22, 26000, '2', '', '', '', '', '0000-00-00', '1', 1, '', '', '', '', '', '', '', '', '', '', '', '', '', '', '', '2014-08-02', '8', '2014'),
(62, 15, 9, 600000, 240000, '2014-08-07', '2', 60000, '2015-04-21', '0', 0, '0000-00-00', '0', 0, 168000, '2014-08-07', '2015-08-07', '1', 1, 30000, '3', 0, '1', 16, 0, '2', '', '', '', '', '0000-00-00', '1', 1, '', '', '', '', 'bestofusaboutique', 'conaxport123.', '', '', '', '', '', '', '', '', '', '2014-08-07', '8', '2014'),
(63, 15, 17, 30000, 70000, '2014-08-07', '2', 0, '0000-00-00', '0', 0, '0000-00-00', '0', 0, 15000, '2014-08-07', '2014-08-19', '2', 1, 0, '2', 0, '1', 13, 60000, '2', '', '', '', '', '0000-00-00', '1', 1, '', '', '', '', '', '', '', '', '', '', '', '', '', '', '', '2014-08-07', '8', '2014'),
(64, 27, 9, 600000, 300000, '2014-08-26', '0', 0, '0000-00-00', '0', 0, '0000-00-00', '0', 0, 228000, '2014-08-26', '2015-08-26', '1', 1, 30000, '3', 0, '1', 16, 0, '2', '', '', '', '', '0000-00-00', '1', 1, '', '', 'foodtruckrolling@gmail.com', 'rolling2014', 'rollingfoodtruck', 'rolling2014', '', '', '', '', '', '', '', '', '', '2014-08-26', '8', '2014'),
(65, 3, 8, 40000, 0, '0000-00-00', '0', 0, '0000-00-00', '0', 0, '0000-00-00', '0', 0, 7200, '2014-08-27', '2014-09-27', '1', 2, 7500, '2', 0, '1', 16, 0, '0', '', '', '', '', '0000-00-00', '1', 1, '', '', '', '', '', '', '', '', '', '', '', '', '', '', '', '2014-08-27', '8', '2014'),
(66, 21, 17, 0, 0, '0000-00-00', '0', 100000, '2015-06-19', '0', 0, '0000-00-00', '0', 0, 55000, '2014-08-27', '2014-09-04', '1', 2, 5000, '1', 0, '1', 13, 50000, '1', '', '', '', '', '0000-00-00', '1', 1, '', '', '', '', '', '', '', '', '', '', '', '', '', '', '', '2014-08-27', '8', '2014'),
(68, 13, 33, 0, 700000, '2014-08-29', '2', 0, '2014-12-01', '2', 0, '0000-00-00', '0', 300000, 200000, '2014-08-28', '2014-09-18', '2', 1, 100000, '2', 0, '2', 23, 1200000, '2', '', '', '', '', '0000-00-00', '1', 1, '', '', '', '', '', '', '', '', '', '', '', '', '', '', '', '2014-08-29', '8', '2014'),
(69, 31, 34, 0, 558000, '2014-08-27', '2', 372000, '2015-01-30', '0', 0, '0000-00-00', '0', 0, -399600, '2014-08-27', '2014-11-11', '1', 1, 58400, '3', 0, '1', 5, 100000, '2', '', 'ftp.industriaselnogal.com', 'nogal', 'galno123.', '0000-00-00', '1', 1, 'industriaselnogal@gmail.com', 'nogal123456', '', '', '', '', '', '', '', '', '', '', 'http://industriaselnogal.com/nogadm/', 'admin@dominio.com', 'nog123,', '2014-08-27', '8', '2014'),
(70, 31, 10, 0, 72000, '2014-08-27', '2', 48000, '2015-01-30', '0', 0, '0000-00-00', '0', 0, -52000, '2014-08-27', '2014-09-09', '2', 1, 20000, '3', 0, '2', 16, 0, '1', '', '', '', '', '0000-00-00', '1', 1, '', '', '', '', 'industriaselnogal', 'isabella27 ', '', '', '', '', '', '', '', '', '', '2014-08-27', '8', '2014'),
(71, 26, 35, 30000, 0, '0000-00-00', '0', 0, '0000-00-00', '0', 0, '0000-00-00', '0', 0, 0, '2014-08-29', '2014-09-07', '2', 1, 0, '2', 0, '1', 24, 0, '2', '', '', '', '', '0000-00-00', '1', 1, '', '', '', '', '', '', '', '', '', '', '', '', '', '', '', '2014-08-29', '8', '2014'),
(72, 32, 37, 135000, 426000, '2014-09-02', '2', 500000, '2015-06-19', '0', 0, '0000-00-00', '0', 139000, 130000, '2014-09-04', '2014-11-04', '1', 3, 76000, '3', 0, '2', 10, 220000, '2', 'www.tecnoaluminiosmg.com', '', '', '', '0000-00-00', '1', 1, 'tecnoaluminiosmg@gmail.com', 'tecnoalumios123.', 'tecnoaluminiosmg@gmail.com', 'tecnoaluminiosmg.', 'tecnoaluminios', 'tecnoaluminios123.', '', '', '', '', 'tecnoaluminios', 'tecno123.', 'http://www.tecnoaluminiosmg.com/tecadm/', 'usuario', 'tecno123.', '2014-09-04', '9', '2014'),
(73, 32, 11, 15000, 114000, '2014-09-04', '2', 0, '0000-00-00', '0', 0, '0000-00-00', '0', 171000, 84000, '2014-09-04', '2014-11-04', '1', 3, 30000, '3', 0, '1', 16, 0, '1', '', '', '', '', '0000-00-00', '1', 1, '', '', '', '', '', '', '', '', '', '', '', '', '', '', '', '2014-09-04', '9', '2014'),
(74, 33, 14, 600000, 840000, '2014-09-05', '2', 360000, '2015-02-27', '2', 0, '0000-00-00', '0', 0, -750000, '2014-09-05', '2014-12-05', '1', 3, 90000, '3', 0, '2', 16, 0, '0', '', '', '', '', '0000-00-00', '1', 1, '', '', '', '', '', '', '', '', '', '', '', '', '', '', '', '2014-09-05', '9', '2014'),
(75, 33, 19, 50000, 497000, '2014-09-05', '2', 213000, '2015-02-27', '2', 0, '0000-00-00', '0', 0, -401400, '2014-09-05', '2014-11-05', '1', 3, 45600, '3', 0, '1', 3, 50000, '2', 'www.currambaexpress.com', '', '', '', '0000-00-00', '1', 1, 'currambaex@gmail.com', 'curramba123.', 'Currambaexpress@hotmail.com', 'kike7529', 'currambaexpress', 'curramba123.', '', '', '', '', '', '', '', '', '', '2014-09-05', '9', '2014'),
(76, 34, 38, 0, 1210000, '2014-09-06', '2', 1815000, '2014-12-23', '0', 0, '0000-00-00', '0', 0, 934000, '2014-09-06', '2014-11-06', '1', 2, 76000, '3', 0, '1', 8, 200000, '2', 'www.corpocescolombia.org', '', '', '', '0000-00-00', '1', 1, 'corpocescolombia@gmail.com', 'corpoces123.', '', '', '', '', '', '', '', '', '@corpoces_co', 'corpoces123.', 'http://conaxport.com/corpoces/corpadm/', 'admin@dominio.com', 'corp123,', '2014-09-06', '9', '2014'),
(77, 34, 11, 0, 120000, '2014-09-06', '2', 180000, '2014-12-23', '0', 0, '0000-00-00', '0', 0, 90000, '2014-09-06', '2014-11-06', '1', 2, 30000, '3', 0, '1', 16, 0, '1', '', '', '', '', '0000-00-00', '1', 1, '', '', '', '', '', '', '', '', '', '', '', '', '', '', '', '2014-09-06', '9', '2014'),
(78, 34, 10, 0, 48000, '2014-09-06', '2', 72000, '2014-12-23', '0', 0, '0000-00-00', '0', 0, 28000, '2014-09-06', '2014-11-06', '1', 2, 20000, '3', 0, '2', 16, 0, '1', '', '', '', '', '0000-00-00', '1', 1, '', '', '', '', '', '', '', '', '', '', '', '', '', '', '', '2014-09-06', '9', '2014'),
(79, 35, 10, 20000, 50000, '2014-09-17', '2', 50000, '2014-10-28', '2', 0, '0000-00-00', '0', 0, 80000, '2014-09-17', '2014-09-28', '2', 6, 20000, '3', 0, '1', 16, 0, '1', '', '', '', '', '0000-00-00', '1', 1, 'jeanschekos@gmail.com', 'chekos123.', '', '', '', '', '', '', '', '', '', '', '', '', '', '2014-09-17', '9', '2014'),
(80, 35, 35, 30000, 40000, '2014-09-17', '2', 10000, '2014-10-28', '2', 0, '0000-00-00', '0', 0, 50000, '2014-09-17', '2014-09-24', '2', 6, 0, '3', 0, '2', 24, 0, '2', '', '', '', '', '0000-00-00', '1', 1, '', '', '', '', '', '', '', '', '', '', '', '', '', '', '', '2014-09-17', '9', '2014'),
(81, 35, 17, 0, 35000, '2014-09-17', '2', 65000, '2014-10-28', '2', 0, '0000-00-00', '0', 0, 45000, '2014-09-17', '2014-09-30', '2', 6, 5000, '3', 0, '1', 13, 50000, '1', '', '', '', '', '0000-00-00', '1', 1, '', '', '', '', '', '', '', '', '', '', '', '', '', '', '', '2014-09-17', '9', '2014'),
(82, 36, 3, 310000, 0, '2014-09-18', '2', 0, '0000-00-00', '0', 0, '0000-00-00', '0', 0, 5200, '2014-09-18', '2014-09-26', '1', 2, 44800, '2', 0, '2', 3, 50000, '1', '', '', '', '', '0000-00-00', '1', 1, '', '', '', '', '', '', '', '', '', '', '', '', '', '', '', '2014-09-18', '9', '2014'),
(83, 37, 19, 110000, 260000, '2014-09-15', '2', 130000, '2014-01-13', '2', 0, '0000-00-00', '0', 130000, 295200, '2014-09-15', '2014-11-15', '1', 2, 44800, '2', 0, '1', 3, 50000, '1', '', '', '', '', '0000-00-00', '1', 1, 'cafegalavisextra@gmail.com', 'galavis123.', '', '', 'cafegalavis', 'GALAVIS55', '', '', '', '', 'cafe_galavis', 'galavis123.', '', '', '', '2014-09-15', '9', '2014'),
(84, 37, 14, 150000, 660000, '2014-09-15', '2', 330000, '2014-01-13', '0', 0, '0000-00-00', '0', 330000, 990000, '2014-09-15', '2014-12-15', '1', 2, 0, '3', 0, '1', 16, 0, '1', '', '', '', '', '0000-00-00', '1', 1, '', '', '', '', '', '', '', '', '', '', '', '', '', '', '', '2014-09-15', '9', '2014'),
(85, 37, 15, 0, 520000, '2014-09-15', '2', 260000, '2014-01-13', '0', 0, '0000-00-00', '0', 260000, 780000, '2014-09-15', '2014-11-15', '1', 2, 0, '3', 0, '1', 16, 0, '1', '', '', '', '', '0000-00-00', '1', 1, '', '', '', '', '', '', '', '', '', '', '', '', '', '', '', '2014-09-15', '9', '2014'),
(86, 38, 17, 0, 0, '0000-00-00', '0', 100000, '0000-00-00', '0', 0, '0000-00-00', '0', 0, 45000, '2014-09-05', '2014-10-09', '2', 2, 5000, '3', 0, '2', 13, 50000, '0', '', '', '', '', '0000-00-00', '1', 1, '', '', '', '', '', '', '', '', '', '', '', '', '', '', '', '2014-09-12', '9', '2014'),
(87, 38, 17, 0, 0, '0000-00-00', '2', 0, '0000-00-00', '0', 0, '0000-00-00', '0', 0, 45000, '2014-10-08', '2014-10-15', '1', 4, 5000, '3', 0, '2', 13, 50000, '0', '', '', '', '', '0000-00-00', '1', 1, '', '', '', '', '', '', '', '', '', '', '', '', '', '', '', '2014-10-09', '10', '2014'),
(88, 33, 40, 0, 0, '0000-00-00', '0', 100000, '2015-02-27', '0', 0, '0000-00-00', '0', 0, 10000, '2014-10-08', '2014-10-23', '1', 2, 10000, '1', 0, '2', 16, 0, '0', '', '', '', '', '0000-00-00', '1', 1, '', '', '', '', '', '', '', '', '', '', '', '', '', '', '', '2014-10-09', '10', '2014'),
(89, 26, 39, 0, 0, '0000-00-00', '0', 0, '0000-00-00', '0', 0, '0000-00-00', '0', 0, 0, '2014-09-17', '2014-09-18', '1', 1, 0, '3', 0, '1', 26, 0, '1', '', '', '', '', '0000-00-00', '1', 1, '', '', '', '', '', '', '', '', '', '', '', '', '', '', '', '2014-09-17', '9', '2014'),
(90, 37, 12, 73500, 76500, '2014-10-16', '2', 0, '0000-00-00', '0', 0, '0000-00-00', '0', 0, -61500, '2014-09-27', '0204-09-27', '2', 2, 15000, '2', 0, '1', 16, 0, '1', '', '', '', '', '0000-00-00', '1', 1, '', '', '', '', '', '', '', '', '', '', '', '', '', '', '', '2014-09-27', '9', '2014'),
(91, 35, 41, 130000, 520000, '2014-09-25', '2', 390000, '2015-11-10', '2', 0, '0000-00-00', '0', 0, 0, '2014-09-25', '2014-10-25', '1', 1, 58400, '3', 0, '1', 5, 100000, '1', 'www.chekosjeans.com', '', '', '', '0000-00-00', '1', 1, '', '', '', '', '', '', '', '', '', '', '', '', 'http://conaxport.com/jeans/jeansadm/', 'admin@dominio.com', 'jes123.', '2014-09-25', '9', '2014'),
(92, 44, 32, 0, 50000, '0000-00-00', '0', 0, '0000-00-00', '0', 0, '0000-00-00', '0', 0, 24000, '2014-10-09', '2014-10-09', '2', 2, 0, '1', 0, '3', 22, 26000, '2', 'www.waltherarrubla.com', '', '', '', '0000-00-00', '1', 1, '', '', 'gerencia_w.a.galeriadearte@hotmail.com', 'arrubla9', '', '', '', '', '', '', '', '', 'http://conaxport.com/walther/waladm/', 'admin', 'wal123.', '2014-10-11', '10', '2014'),
(93, 45, 2, 0, 380000, '2014-01-14', '2', 160000, '2015-04-16', '0', 0, '0000-00-00', '0', 0, -256600, '2014-10-14', '2014-11-14', '1', 3, 38400, '3', 0, '1', 2, 85000, '2', 'www.cimanuecabrales.com', '', '', '', '0000-00-00', '1', 1, '', '', '', '', '', '', '', '', '', '', '', '', '', '', '', '2014-10-15', '10', '2014'),
(94, 45, 2, 0, 380000, '2014-10-14', '2', 160000, '2015-04-16', '0', 0, '0000-00-00', '0', 0, -256600, '2014-10-14', '2014-11-14', '1', 3, 38400, '3', 0, '1', 2, 85000, '1', 'www.lagrampanama.com', '', '', '', '0000-00-00', '1', 1, '', '', '', '', '', '', '', '', '', '', '', '', '', '', '', '2014-10-15', '10', '2014'),
(95, 45, 10, 0, 120000, '2014-10-14', '2', 0, '0000-00-00', '0', 0, '0000-00-00', '0', 0, -100000, '2014-10-14', '2014-11-14', '1', 3, 20000, '3', 0, '1', 16, 0, '0', '', '', '', '', '0000-00-00', '1', 1, '', '', '', '', '', '', '', '', '', '', '', '', '', '', '', '2014-10-15', '10', '2014'),
(96, 46, 2, 0, 192000, '2014-10-22', '2', 288000, '2015-04-29', '0', 0, '0000-00-00', '0', 0, 68600, '2014-10-22', '2014-11-22', '1', 6, 38400, '3', 0, '1', 2, 85000, '1', 'www.latertuliacucuta.com.co', '', '', '', '0000-00-00', '1', 1, '', '', 'rest.latertulia@hotmail.com', '8905052711', 'latertuliacucuta', '8905052711', '', '', '', '', '', '', '', '', '', '2014-10-22', '10', '2014'),
(97, 46, 9, 0, 600000, '2014-10-22', '2', 600000, '2015-04-29', '0', 0, '0000-00-00', '0', 0, -528000, '2014-10-22', '2015-10-22', '1', 2, 72000, '3', 0, '1', 16, 0, '1', '', '', '', '', '0000-00-00', '1', 1, '', '', '', '', '', '', '', '', '', '', '', '', '', '', '', '2014-10-22', '10', '2014'),
(98, 4, 22, 0, 0, '0000-00-00', '1', 180000, '2014-12-03', '0', 0, '0000-00-00', '0', 0, 92000, '2014-06-11', '2014-05-08', '2', 2, 11000, '2', 7000, '2', 17, 96000, '2', '', '', '', '', '0000-00-00', '1', 1, '', '', '', '', '', '', '', '', '', '', '', '', '', '', '', '2014-06-09', '6', '2014'),
(99, 21, 17, 0, 0, '0000-00-00', '0', 100000, '2015-06-19', '0', 0, '0000-00-00', '0', 0, 45000, '2014-10-10', '2014-10-15', '2', 2, 5000, '3', 0, '2', 13, 50000, '2', '', '', '', '', '0000-00-00', '1', 1, '', '', '', '', '', '', '', '', '', '', '', '', '', '', '', '2014-10-19', '10', '2014'),
(100, 29, 5, 0, 0, '0000-00-00', '0', 0, '0000-00-00', '0', 0, '0000-00-00', '0', 0, 41600, '2014-07-11', '2014-07-12', '2', 2, 58400, '2', 0, '2', 5, 100000, '1', 'www.servicolombia-online.com', '', '', '', '0000-00-00', '1', 1, '', '', '', '', '', '', '', '', '', '', '', '', '', '', '', '2014-08-01', '8', '2014'),
(101, 47, 16, 0, 0, '0000-00-00', '0', 0, '0000-00-00', '0', 0, '0000-00-00', '0', 0, 0, '2014-10-02', '2014-10-10', '2', 4, 5000, '3', 0, '2', 11, 20000, '2', '', '', '', '', '0000-00-00', '1', 1, '', '', '', '', '', '', '', '', '', '', '', '', '', '', '', '2014-10-17', '10', '2014'),
(102, 47, 16, 0, 0, '0000-00-00', '0', 0, '0000-00-00', '0', 0, '0000-00-00', '0', 0, 0, '2014-10-02', '2014-10-10', '2', 4, 0, '3', 0, '2', 11, 0, '2', '', '', '', '', '0000-00-00', '1', 1, '', '', '', '', '', '', '', '', '', '', '', '', '', '', '', '2014-10-17', '10', '2014'),
(103, 48, 2, 316000, 164000, '2014-11-05', '2', 0, '0000-00-00', '0', 0, '0000-00-00', '0', 0, 79000, '2014-11-05', '2014-12-12', '1', 2, 0, '2', 0, '1', 2, 85000, '1', 'www.psicologiapositiva.com.co', '', '', '', '0000-00-00', '1', 1, '', '', '', '', '', '', '', '', '', '', '', '', '', '', '', '2014-11-06', '11', '2014'),
(104, 48, 10, 88000, 32000, '2014-11-05', '2', 0, '0000-00-00', '0', 0, '0000-00-00', '0', 0, 32000, '2014-11-05', '2014-12-12', '1', 2, 0, '2', 0, '1', 16, 0, '1', '', '', '', '', '0000-00-00', '1', 1, '', '', '', '', '', '', '', '', '', '', '', '', '', '', '', '2014-11-06', '11', '2014'),
(106, 48, 11, 224000, 76000, '2014-11-05', '2', 0, '0000-00-00', '0', 0, '0000-00-00', '0', 0, 76000, '2014-11-05', '2014-12-12', '1', 2, 0, '2', 0, '3', 16, 0, '1', '', '', '', '', '0000-00-00', '1', 1, '', '', '', '', '', '', '', '', '', '', '', '', '', '', '', '2014-11-06', '11', '2014'),
(107, 48, 44, 0, 38000, '2014-11-05', '2', 42000, '2014-12-26', '0', 0, '0000-00-00', '0', 0, 7000, '2014-11-05', '2014-11-19', '1', 8, 0, '2', 25000, '1', 11, 20000, '1', '', '', '', '', '0000-00-00', '1', 1, '', '', '', '', '', '', '', '', '', '', '', '', '', '', '', '2014-11-06', '11', '2014'),
(108, 49, 2, 0, 192000, '2014-11-05', '2', 144000, '2015-04-07', '0', 0, '0000-00-00', '0', 0, 68600, '2014-11-06', '2014-12-06', '1', 1, 38400, '3', 0, '1', 2, 85000, '1', 'www.claudiparracake.com', '', '', '', '0000-00-00', '1', 1, '', '', '', '', '', '', '', '', '', '', '', '', '', '', '', '2014-11-06', '11', '2014'),
(109, 49, 10, 0, 48000, '2014-11-05', '2', 36000, '2015-04-07', '0', 0, '0000-00-00', '0', 0, 28000, '2014-11-06', '2014-12-14', '1', 1, 20000, '3', 0, '1', 16, 0, '1', '', '', '', '', '0000-00-00', '1', 1, '', '', '', '', '', '', '', '', '', '', '', '', '', '', '', '2014-11-06', '11', '2014'),
(110, 50, 45, 0, 100000, '2014-11-06', '2', 0, '0000-00-00', '0', 0, '0000-00-00', '0', 0, 0, '0000-00-00', '0000-00-00', '2', 8, 0, '2', 0, '2', 16, 0, '2', '', '', '', '', '0000-00-00', '1', 1, '', '', '', '', '', '', '', '', '', '', '', '', '', '', '', '2014-07-08', '7', '2014'),
(111, 51, 8, 0, 120000, '2014-11-07', '0', 0, '0000-00-00', '0', 0, '0000-00-00', '0', 0, 112800, '2014-11-12', '2014-12-12', '1', 8, 7200, '3', 0, '2', 16, 0, '1', '', '', '', '', '0000-00-00', '1', 1, 'olartedecoracionescucuta@gmail.com', 'olarte123.', 'olartedecoracionescucuta@gmail.com', 'olarte123.', '@olartedecoraciones', 'cindyelorza', '', '', '', '', '', '', '', '', '', '2014-11-07', '11', '2014'),
(112, 52, 14, 0, 720000, '2014-11-06', '2', 540000, '2015-02-18', '0', 0, '0000-00-00', '0', 540000, 630000, '0000-00-00', '0000-00-00', '1', 4, 90000, '3', 0, '1', 16, 0, '1', '', '', '', '', '0000-00-00', '1', 1, 'laboratorioyaminacumplido@gmail.com', 'laboratorio123.', 'laboratorioyamina@gmail.com', 'laboratorio123.', '@laboratorioyaminacumplido', 'laboratorio123.', '', '', '', '', '', '', '', '', '', '2014-11-06', '11', '2014'),
(113, 53, 17, 0, 100000, '2014-11-15', '2', 0, '0000-00-00', '0', 0, '0000-00-00', '0', 0, 45000, '0000-00-00', '0000-00-00', '2', 3, 5000, '2', 0, '2', 13, 50000, '2', '', '', '', '', '0000-00-00', '1', 1, '', '', '', '', '', '', '', '', '', '', '', '', '', '', '', '2014-11-19', '11', '2014'),
(114, 53, 2, 20000, 230000, '2014-11-19', '0', 230000, '2015-01-29', '0', 0, '0000-00-00', '0', 0, 106600, '2014-11-20', '2014-12-20', '1', 3, 38400, '3', 0, '1', 2, 85000, '1', 'www.hotelbaos.com', '', '', '', '0000-00-00', '1', 1, 'hotelbaossincelejo@gmail.com', 'hotelbaos123.', 'hotelbaos@hotmail.com', '94389146', 'hotelbaos', 'hotelbaos123', '', '', '', '', 'hotelbaos', 'hotelbaos123', '', '', '', '2014-11-19', '11', '2014'),
(115, 54, 10, 0, 60000, '2014-11-19', '2', 60000, '2015-01-30', '0', 0, '0000-00-00', '0', 0, 40000, '2014-11-20', '2014-11-28', '1', 1, 20000, '2', 0, '2', 16, 0, '2', '', '', '', '', '0000-00-00', '1', 1, '', '', '', '', '', '', '', '', '', '', '', '', '', '', '', '2014-11-19', '11', '2014'),
(116, 55, 1, 0, 190000, '2014-11-13', '2', 190000, '2015-01-31', '1', 0, '0000-00-00', '0', 0, 292600, '2014-11-13', '2014-12-11', '1', 1, 30400, '2', 0, '2', 1, 57000, '1', 'www.saulvegaabogadosasociados.com', '', '', '', '0000-00-00', '1', 1, '', '', '', '', '', '', '', '', '', '', '', '', '', '', '', '2014-11-19', '11', '2014'),
(117, 56, 17, 0, 100000, '0000-00-00', '0', 0, '0000-00-00', '0', 0, '0000-00-00', '0', 0, 45000, '0000-00-00', '0000-00-00', '2', 4, 5000, '3', 0, '2', 13, 50000, '0', '', '', '', '', '0000-00-00', '1', 1, '', '', '', '', '', '', '', '', '', '', '', '', '', '', '', '2014-11-20', '11', '2014'),
(118, 3, 8, 20000, 0, '0000-00-00', '0', 100000, '2015-05-01', '0', 0, '0000-00-00', '0', 0, 7200, '0000-00-00', '0000-00-00', '1', 2, 0, '3', 0, '2', 16, 0, '0', '', '', '', '', '0000-00-00', '1', 1, '', '', '', '', '', '', '', '', '', '', '', '', '', '', '', '2014-11-20', '11', '2014'),
(119, 57, 10, 20000, 40000, '0000-00-00', '0', 30000, '2015-06-09', '0', 0, '0000-00-00', '0', 0, 0, '0000-00-00', '0000-00-00', '1', 2, 0, '2', 0, '2', 16, 0, '1', 'www.distribucionesfullgloss.com', 'ftp.distribucionesfullgloss.com', 'distrifg', 'M5O6nPMLhKKlyrd1RC', '0000-00-00', '1', 1, '', '', '', '', '', '', '', '', '', '', '', '', '', '', '', '2014-11-20', '11', '2014'),
(120, 57, 17, 10000, 36000, '0000-00-00', '0', 27000, '2015-06-09', '0', 0, '0000-00-00', '0', 0, 0, '0000-00-00', '0000-00-00', '1', 2, 5000, '2', 0, '2', 13, 50000, '0', '', '', '', '', '0000-00-00', '1', 1, '', '', '', '', '', '', '', '', '', '', '', '', '', '', '', '2014-11-20', '11', '2014'),
(121, 57, 11, 30000, 108000, '0000-00-00', '0', 81000, '2015-06-09', '0', 0, '0000-00-00', '0', 0, 78000, '0000-00-00', '0000-00-00', '1', 2, 30000, '2', 0, '2', 16, 0, '0', '', '', '', '', '0000-00-00', '1', 1, '', '', '', '', '', '', '', '', '', '', '', '', '', '', '', '2014-11-20', '11', '2014'),
(122, 57, 42, 0, 10000, '0000-00-00', '0', 15000, '2015-06-09', '0', 0, '0000-00-00', '0', 0, 18500, '0000-00-00', '0000-00-00', '1', 2, 2500, '2', 0, '2', 22, 26000, '0', '', '', '', '', '0000-00-00', '1', 1, '', '', '', '', '', '', '', '', '', '', '', '', '', '', '', '2014-11-20', '11', '2014'),
(123, 58, 46, 7500, 150000, '0000-00-00', '0', 0, '0000-00-00', '0', 0, '0000-00-00', '0', 0, 47200, '2014-11-18', '0000-00-00', '1', 3, 0, '1', 98600, '1', 27, 98600, '1', '', '', '', '', '0000-00-00', '1', 1, '', '', '', '', '', '', '', '', '', '', '', '', '', '', '', '2014-11-21', '11', '2014'),
(124, 33, 47, 0, 1336000, '0000-00-00', '2', 1500000, '2014-12-30', '0', 0, '0000-00-00', '0', 0, 1336000, '2014-11-13', '2014-11-15', '1', 2, 0, '1', 0, '1', 28, 3000000, '0', '', '', '', '', '0000-00-00', '1', 1, '', '', '', '', '', '', '', '', '', '', '', '', '', '', '', '2014-11-21', '11', '2014'),
(125, 59, 8, 0, 60000, '0000-00-00', '0', 60000, '2014-12-19', '0', 0, '0000-00-00', '0', 0, 52800, '2014-11-28', '2014-12-28', '1', 1, 7200, '3', 0, '1', 16, 0, '0', '', '', '', '', '0000-00-00', '1', 1, '', '', 'fromagerielacavadelosquesos@gmail.com', 'FROMAGERIECARLOS', '', '', '', '', '', '', '', '', '', '', '', '2014-11-25', '11', '2014'),
(126, 60, 8, 0, 120000, '0000-00-00', '0', 0, '0000-00-00', '0', 0, '0000-00-00', '0', 0, 112800, '2014-12-03', '2015-01-03', '1', 6, 7200, '3', 0, '1', 16, 0, '0', '', '', '', '', '0000-00-00', '1', 1, '', '', 'ventas@atododestino.com', 'Excelencia.123', 'atododestino', 'Excelencia.123', '', '', '', '', 'atododestino', 'pamela2012', '', '', '', '2014-11-26', '11', '2014'),
(127, 61, 48, 0, 150000, '0000-00-00', '0', 150000, '2014-12-26', '0', 0, '0000-00-00', '0', 0, 139800, '0014-12-10', '2014-12-20', '1', 2, 10000, '1', 0, '1', 29, 200, '0', '', '', '', '', '0000-00-00', '1', 1, '', '', 'casescovers2@gmail.com', 'cases123.', 'Casescovers', '210415', '', '', '', '', '', '', '', '', '', '2014-12-10', '12', '2014'),
(128, 24, 42, 0, 0, '0000-00-00', '0', 60000, '2014-12-11', '0', 0, '0000-00-00', '0', 0, 23500, '0000-00-00', '0000-00-00', '1', 2, 2500, '3', 0, '1', 22, 26000, '0', '', '', '', '', '0000-00-00', '1', 1, '', '', '', '', '', '', '', '', '', '', '', '', '', '', '', '2014-11-11', '11', '2014'),
(129, 61, 49, 0, 90000, '0000-00-00', '0', 90000, '2014-12-26', '0', 0, '0000-00-00', '0', 0, 65000, '2014-12-10', '2014-12-20', '1', 2, 5000, '3', 0, '1', 30, 150000, '0', '', '', '', '', '0000-00-00', '1', 1, '', '', '', '', '', '', '', '', '', '', '', '', '', '', '', '2014-12-10', '12', '2014'),
(130, 61, 50, 0, 45000, '0000-00-00', '0', 45000, '2014-12-26', '0', 0, '0000-00-00', '0', 0, 15000, '2014-12-11', '2014-12-20', '1', 2, 10000, '3', 0, '1', 13, 50000, '0', '', '', '', '', '0000-00-00', '1', 1, '', '', '', '', '', '', '', '', '', '', '', '', '', '', '', '2014-12-10', '12', '2014'),
(131, 62, 20, 0, 560000, '0000-00-00', '0', 300000, '2014-12-30', '0', 0, '0000-00-00', '0', 0, 428400, '2014-12-11', '2014-12-31', '1', 3, 51600, '3', 0, '1', 4, 80000, '2', 'www.mesamunicipaldevictimascucuta.', '', '', '', '0000-00-00', '1', 1, '', '', '', '', '', '', '', '', '', '', '', '', '', '', '', '2014-12-11', '12', '2014'),
(132, 58, 51, 0, 1160000, '0000-00-00', '0', 870000, '2015-11-10', '0', 0, '0000-00-00', '0', 0, 897000, '2014-12-13', '2015-02-28', '1', 3, 56000, '3', 0, '1', 6, 207000, '0', 'www.losangelesinc.com.co', '', '', '', '0000-00-00', '1', 1, '', '', '', '', '', '', '', '', '', '', '', '', 'http://conaxport.com/angeles/angadm/', 'admin', 'ang123.', '2014-12-13', '12', '2014'),
(133, 63, 10, 0, 48000, '0000-00-00', '0', 0, '0000-00-00', '0', 0, '0000-00-00', '0', 72000, 28000, '2014-12-16', '0000-00-00', '1', 6, 20000, '3', 0, '1', 16, 0, '0', '', '', '', '', '0000-00-00', '1', 1, '', '', '', '', '', '', '', '', '', '', '', '', '', '', '', '2014-12-16', '12', '2014'),
(134, 63, 52, 0, 100000, '0000-00-00', '0', 0, '0000-00-00', '0', 0, '0000-00-00', '0', 150000, 90000, '2014-12-16', '0000-00-00', '1', 6, 10000, '3', 0, '1', 16, 0, '0', '', '', '', '', '0000-00-00', '1', 1, '', '', '', '', '', '', '', '', '', '', '', '', '', '', '', '2014-12-16', '12', '2014'),
(135, 63, 53, 0, 520000, '0000-00-00', '0', 0, '0000-00-00', '0', 0, '0000-00-00', '0', 780000, 403000, '2014-12-16', '0000-00-00', '1', 1, 23000, '3', 0, '1', 31, 900000, '0', '', '', '', '', '0000-00-00', '1', 1, '', '', '', '', '', '', '', '', '', '', '', '', '', '', '', '2014-12-16', '12', '2014'),
(136, 63, 54, 0, 232000, '0000-00-00', '0', 0, '0000-00-00', '0', 0, '0000-00-00', '0', 348000, 141200, '2014-12-16', '0000-00-00', '1', 1, 40800, '3', 0, '1', 3, 50000, '0', '', '', '', '', '0000-00-00', '1', 1, '', '', '', '', '', '', '', '', '', '', '', '', '', '', '', '2014-12-16', '12', '2014'),
(137, 63, 55, 0, 160000, '0000-00-00', '0', 0, '0000-00-00', '0', 0, '0000-00-00', '0', 240000, 50000, '2014-12-16', '0000-00-00', '1', 1, 10000, '3', 0, '1', 32, 200000, '0', '', '', '', '', '0000-00-00', '1', 1, '', '', '', '', '', '', '', '', '', '', '', '', '', '', '', '2014-12-16', '12', '2014'),
(138, 48, 17, 10000, 0, '0000-00-00', '0', 90000, '2014-12-26', '0', 0, '0000-00-00', '0', 0, 45000, '2014-12-25', '2014-12-26', '1', 2, 5000, '3', 0, '1', 13, 50000, '0', '', '', '', '', '0000-00-00', '1', 1, '', '', '', '', '', '', '', '', '', '', '', '', '', '', '', '2014-12-26', '12', '2014'),
(140, 64, 56, 0, 0, '0000-00-00', '0', 30000, '2015-01-02', '0', 0, '0000-00-00', '0', 0, 20000, '0000-00-00', '0000-00-00', '1', 3, 0, '2', 0, '1', 33, 20000, '0', '', '', '', '', '0000-00-00', '1', 1, '', '', '', '', '', '', '', '', '', '', '', '', '', '', '', '2014-12-29', '12', '2014'),
(141, 3, 8, 0, 5000, '0000-00-00', '0', 115000, '2015-07-03', '0', 0, '0000-00-00', '0', 0, 2200, '2014-12-01', '2014-12-01', '1', 2, 7200, '3', 0, '1', 16, 0, '0', '', '', '', '', '0000-00-00', '1', 1, '', '', '', '', '', '', '', '', '', '', '', '', '', '', '', '2014-12-30', '12', '2014'),
(142, 3, 8, 20000, 100000, '0000-00-00', '0', 0, '0000-00-00', '0', 0, '0000-00-00', '0', 0, 92800, '2015-01-15', '2015-02-15', '1', 2, 7200, '3', 0, '1', 16, 0, '0', '', '', '', '', '0000-00-00', '1', 1, '', '', '', '', '', '', '', '', '', '', '', '', '', '', '', '2015-01-15', '01', '2015'),
(143, 60, 8, 0, 120000, '0000-00-00', '0', 0, '0000-00-00', '0', 0, '0000-00-00', '0', 0, 112800, '2015-01-15', '2015-02-15', '1', 1, 7200, '1', 0, '1', 16, 0, '0', '', '', '', '', '0000-00-00', '1', 1, '', '', '', '', '', '', '', '', '', '', '', '', '', '', '', '2015-01-15', '01', '2015'),
(144, 65, 21, 0, 372000, '0000-00-00', '0', 279000, '2015-05-12', '0', 0, '0000-00-00', '0', 279000, -216200, '2015-01-17', '2015-03-17', '1', 1, 55800, '3', 0, '1', 5, 100000, '0', '', '', '', '', '0000-00-00', '1', 1, 'coyotestore9@gmail.com', 'coyote345.', 'coyotestore9@gmail.com', 'coyote456.', 'coyotestoresincelejo', 'coyote456.', '', '', '', '', '', '', 'http://conaxport.com/coyote/coyadm/', 'admin', 'coyote123.', '2015-01-19', '01', '2015'),
(145, 65, 67, 0, 120000, '0000-00-00', '0', 90000, '2015-05-12', '0', 0, '0000-00-00', '0', 90000, 115000, '2015-01-17', '2015-03-17', '1', 1, 5000, '3', 0, '1', 16, 0, '0', '', '', '', '', '0000-00-00', '1', 1, '', '', '', '', '', '', '', '', '', '', '', '', '', '', '', '2015-01-19', '01', '2015'),
(146, 65, 68, 0, 200000, '0000-00-00', '0', 150000, '2015-05-12', '0', 0, '0000-00-00', '0', 150000, 185000, '2015-01-17', '2015-03-17', '1', 1, 15000, '3', 0, '1', 16, 0, '0', '', '', '', '', '0000-00-00', '1', 1, '', '', '', '', '', '', '', '', '', '', '', '', '', '', '', '2015-01-19', '01', '2015'),
(147, 65, 69, 420000, 172000, '0000-00-00', '0', 81000, '2015-05-12', '0', 0, '0000-00-00', '0', 177000, 157000, '2015-01-17', '2015-03-17', '1', 1, 15000, '3', 0, '1', 16, 0, '0', '', '', '', '', '0000-00-00', '1', 1, '', '', '', '', '', '', '', '', '', '', '', '', '', '', '', '2015-01-19', '01', '2015'),
(148, 66, 1, 0, 152000, '0000-00-00', '0', 114000, '2015-06-04', '0', 0, '0000-00-00', '0', 0, 64600, '2015-01-19', '2015-02-17', '1', 2, 30400, '3', 0, '1', 1, 57000, '0', '', '', '', '', '0000-00-00', '1', 1, 'textilesensueno@gmail.com', 'textiles123', 'textilesensueno@gmail.com', 'textiles123', 'textilesdeensueno', 'textiles123', '', '', '', '', '', '', '', '', '', '2015-01-19', '01', '2015'),
(149, 66, 70, 40000, 84000, '0000-00-00', '0', 63000, '2015-06-04', '0', 0, '0000-00-00', '0', 0, 74000, '2015-01-19', '2015-02-19', '1', 2, 10000, '3', 0, '1', 16, 0, '0', '', '', '', '', '0000-00-00', '1', 1, '', '', '', '', '', '', '', '', '', '', '', '', '', '', '', '2015-01-19', '01', '2015'),
(150, 67, 15, 0, 217100, '0000-00-00', '0', 217576, '2015-04-22', '0', 0, '0000-00-00', '0', 648748, 139100, '0215-01-22', '2015-04-02', '1', 1, 78000, '3', 0, '1', 16, 0, '0', '', '', '', '', '0000-00-00', '1', 1, '', '', '', '', '', '', '', '', '', '', '', '', '', '', '', '2015-01-22', '01', '2015'),
(151, 67, 71, 400000, 467600, '0000-00-00', '0', 466424, '2015-04-22', '0', 0, '0000-00-00', '0', 1399552, 387600, '2015-01-22', '2015-05-02', '1', 1, 80000, '3', 0, '1', 16, 0, '0', '', '', '', '', '0000-00-00', '1', 1, 'maxilim4@gmail.com', 'maxilim123', '', '', 'maxilim4', 'maxilim', '', '', '', '', '', '', '', '', '', '2015-01-22', '01', '2015'),
(152, 61, 72, 0, 87000, '0000-00-00', '0', 88000, '2015-02-03', '0', 0, '0000-00-00', '0', 0, 36300, '2015-01-22', '2015-01-30', '1', 2, 3300, '3', 0, '1', 34, 120000, '0', '', '', '', '', '0000-00-00', '1', 1, '', '', '', '', '', '', '', '', '', '', '', '', '', '', '', '2015-01-22', '01', '2015'),
(153, 61, 73, 4000, 30000, '0000-00-00', '0', 30000, '2015-02-03', '0', 0, '0000-00-00', '0', 0, 20000, '2015-01-22', '2015-01-30', '1', 2, 0, '3', 0, '1', 35, 50000, '0', '', '', '', '', '0000-00-00', '1', 1, '', '', '', '', '', '', '', '', '', '', '', '', '', '', '', '2015-01-22', '01', '2015'),
(154, 42, 17, 0, 0, '0000-00-00', '0', 100000, '2015-02-23', '0', 0, '0000-00-00', '0', 0, 45000, '2015-01-26', '2015-02-06', '1', 1, 5000, '1', 0, '1', 13, 50000, '0', '', '', '', '', '0000-00-00', '1', 1, '', '', '', '', '', '', '', '', '', '', '', '', '', '', '', '2015-01-26', '01', '2015'),
(155, 18, 74, 0, 0, '0000-00-00', '0', 70000, '2015-01-28', '0', 0, '0000-00-00', '0', 0, 55000, '2015-01-26', '2015-02-15', '1', 2, 0, '1', 0, '1', 37, 55000, '0', '', '', '', '', '0000-00-00', '1', 1, '', '', '', '', '', '', '', '', '', '', '', '', '', '', '', '2015-01-26', '01', '2015'),
(156, 3, 17, 0, 0, '0000-00-00', '0', 100000, '2015-05-01', '0', 0, '0000-00-00', '0', 0, 45000, '2015-01-26', '2015-02-15', '1', 2, 5000, '3', 0, '1', 13, 50000, '0', '', '', '', '', '0000-00-00', '1', 1, '', '', '', '', '', '', '', '', '', '', '', '', '', '', '', '2015-01-26', '01', '2015'),
(157, 3, 17, 0, 0, '0000-00-00', '0', 100000, '2015-05-01', '0', 0, '0000-00-00', '0', 0, 45000, '2015-01-26', '2015-02-15', '1', 2, 5000, '3', 0, '1', 13, 50000, '0', '', '', '', '', '0000-00-00', '1', 1, '', '', '', '', '', '', '', '', '', '', '', '', '', '', '', '2015-01-26', '01', '2015'),
(158, 18, 75, 25000, 0, '0000-00-00', '0', 225000, '2015-04-17', '0', 0, '0000-00-00', '0', 0, 205000, '2015-01-30', '2015-01-02', '1', 2, 5000, '3', 0, '1', 38, 200000, '0', '', '', '', '', '0000-00-00', '1', 1, '', '', '', '', '', '', '', '', '', '', '', '', '', '', '', '2015-01-31', '01', '2015');
INSERT INTO `seguimiento` (`id_seguimineto`, `empre_id_seg`, `plan_id_seg`, `descuento`, `abono1`, `fecabA`, `estdA`, `abono2`, `fecabB`, `estdB`, `abono3`, `fecabC`, `estdC`, `saldo`, `en_caja`, `fi_plan`, `ff_plan`, `estad_plan`, `redirec_id`, `valor_p_dire`, `estado_pag_dire`, `insumos`, `estado_insumo`, `id_provee`, `precio_t_prove`, `estad_prove`, `dominio`, `ftp`, `usuario`, `pass_usuario_dm`, `fech_r`, `estado_servidor`, `id_servi`, `correo_correo`, `pass_correo`, `usuario_face`, `pass_face`, `usuario_inst`, `pass_inst`, `usuario_pinters`, `pass_pinters`, `usuario_likind`, `pass_likind`, `usuario_twitter`, `pass_twitter`, `link_adm`, `us_adm`, `pass_adm`, `fecha_ingreso`, `mes_in`, `year_in`) VALUES
(159, 44, 24, 300000, 250000, '0000-00-00', '0', 850000, '2015-02-04', '0', 0, '0000-00-00', '0', 250000, 26000, '2015-01-31', '2015-03-21', '1', 2, 76000, '3', 0, '1', 8, 200000, '0', '', '', '', '', '0000-00-00', '1', 1, '', '', '', '', 'wagaleriadearte', 'brendapaternina9', '', '', '', '', '', '', '', '', '', '2015-02-02', '02', '2015'),
(161, 66, 76, 430000, 300000, '0000-00-00', '0', 20000, '2015-02-26', '0', 0, '0000-00-00', '0', 0, 250000, '2015-02-03', '2015-03-20', '1', 2, 0, '3', 0, '1', 39, 550000, '0', '', '', '', '', '0000-00-00', '1', 1, '', '', '', '', '', '', '', '', '', '', '', '', '', '', '', '2015-02-03', '02', '2015'),
(162, 17, 17, 0, 0, '0000-00-00', '0', 100000, '2015-03-09', '0', 0, '0000-00-00', '0', 0, 45000, '2015-02-03', '2015-02-20', '1', 2, 5000, '1', 0, '1', 13, 50000, '0', '', '', '', '', '0000-00-00', '1', 1, '', '', '', '', '', '', '', '', '', '', '', '', '', '', '', '2015-02-04', '02', '2015'),
(163, 58, 46, 0, 150000, '0000-00-00', '0', 0, '0000-00-00', '0', 0, '0000-00-00', '0', 0, 47200, '2015-02-04', '2015-03-04', '1', 3, 0, '3', 98600, '1', 27, 98600, '0', '', '', '', '', '0000-00-00', '1', 1, '', '', '', '', '', '', '', '', '', '', '', '', '', '', '', '2015-02-04', '02', '2015'),
(164, 61, 77, 0, 0, '0000-00-00', '0', 90000, '2015-02-12', '0', 0, '0000-00-00', '0', 0, 60000, '2015-02-05', '2015-02-20', '1', 2, 0, '3', 0, '1', 41, 60000, '0', '', '', '', '', '0000-00-00', '1', 1, '', '', '', '', '', '', '', '', '', '', '', '', '', '', '', '2015-02-05', '02', '2015'),
(165, 68, 78, 300000, 840000, '0000-00-00', '0', 0, '0000-00-00', '0', 0, '0000-00-00', '0', 1260000, 740000, '2015-02-09', '2015-05-09', '1', 2, 100000, '3', 0, '1', 16, 0, '0', '', '', '', '', '0000-00-00', '1', 1, 'sermujer74@gmail.com', 'sermujer123', '', '', 'sermujersincelejo', 'sermujer123', '', '', '', '', '', '', '', '', '', '2015-02-09', '02', '2015'),
(166, 69, 79, 80000, 235000, '0000-00-00', '0', 0, '0000-00-00', '0', 0, '0000-00-00', '0', 235000, 151000, '2015-02-14', '2015-03-14', '1', 2, 27000, '3', 0, '1', 1, 57000, '0', '', '', '', '', '0000-00-00', '1', 1, 'humansafety81@gmail.com', 'human456.', 'humansafety81@gmail.com', 'human456.', 'humansafety', 'humansafety2015', '', '', '', '', '', '', '', '', '', '2015-02-14', '02', '2015'),
(167, 69, 64, 190000, 130000, '0000-00-00', '0', 0, '0000-00-00', '0', 0, '0000-00-00', '0', 130000, 100000, '2015-02-14', '2015-03-14', '1', 2, 30000, '3', 0, '1', 16, 0, '0', '', '', '', '', '0000-00-00', '1', 1, '', '', '', '', '', '', '', '', '', '', '', '', '', '', '', '2015-02-14', '02', '2015'),
(168, 69, 17, 10000, 45000, '0000-00-00', '0', 0, '0000-00-00', '0', 0, '0000-00-00', '0', 45000, 10000, '2015-02-14', '2015-03-14', '1', 2, 5000, '3', 0, '1', 13, 50000, '0', '', '', '', '', '0000-00-00', '1', 1, '', '', '', '', '', '', '', '', '', '', '', '', '', '', '', '2015-02-14', '02', '2015'),
(169, 69, 63, 70000, 90000, '0000-00-00', '0', 0, '0000-00-00', '0', 0, '0000-00-00', '0', 90000, 70000, '2015-02-14', '2015-03-14', '1', 2, 20000, '3', 0, '1', 16, 0, '0', '', '', '', '', '0000-00-00', '1', 1, '', '', '', '', '', '', '', '', '', '', '', '', '', '', '', '2015-02-14', '02', '2015'),
(170, 70, 80, 0, 32000, '0000-00-00', '0', 0, '0000-00-00', '0', 0, '0000-00-00', '0', 0, 10000, '2015-02-16', '2015-02-18', '1', 2, 2000, '1', 0, '1', 42, 20000, '0', '', '', '', '', '0000-00-00', '1', 1, '', '', '', '', '', '', '', '', '', '', '', '', '', '', '', '2015-02-16', '02', '2015'),
(171, 3, 61, 20000, 0, '0000-00-00', '0', 100000, '2015-05-01', '0', 0, '0000-00-00', '0', 0, 55000, '2015-02-16', '2015-02-20', '1', 2, 5000, '3', 0, '1', 13, 50000, '0', '', '', '', '', '0000-00-00', '1', 1, '', '', '', '', '', '', '', '', '', '', '', '', '', '', '', '2015-02-16', '02', '2015'),
(172, 49, 61, 40000, 0, '0000-00-00', '0', 80000, '2015-03-12', '0', 0, '0000-00-00', '0', 0, 55000, '2015-02-16', '2015-02-20', '1', 1, 5000, '3', 0, '1', 13, 50000, '0', '', '', '', '', '0000-00-00', '1', 1, '', '', '', '', '', '', '', '', '', '', '', '', '', '', '', '2015-02-16', '02', '2015'),
(173, 71, 81, 175000, 175000, '0000-00-00', '0', 0, '0000-00-00', '0', 0, '0000-00-00', '0', 0, 127500, '2015-02-17', '2015-02-28', '1', 2, 2500, '3', 0, '1', 43, 300000, '0', '', '', '', '', '0000-00-00', '1', 1, '', '', '', '', '', '', '', '', '', '', '', '', '', '', '', '2015-02-17', '02', '2015'),
(174, 72, 63, 12500, 237500, '0000-00-00', '0', 71250, '2015-03-31', '0', 0, '0000-00-00', '0', 0, -293750, '2015-02-17', '2015-02-28', '1', 11, 15000, '3', 0, '1', 16, 0, '0', '', '', '', '', '0000-00-00', '1', 1, 'insumos.elbufalo@gmail.com', 'insumos123', 'insumos.elbufalo@gmail.com', 'insumos123', '', '', '', '', '', '', 'insumoselbufalo', 'insumos123', '', '', '', '2015-02-18', '02', '2015'),
(175, 72, 65, 285000, 0, '0000-00-00', '0', 85500, '2015-03-31', '0', 0, '0000-00-00', '0', 0, 70500, '2015-02-17', '2015-03-25', '1', 11, 15000, '3', 0, '1', 16, 0, '0', '', '', '', '', '0000-00-00', '1', 1, '', '', '', '', '', '', '', '', '', '', '', '', '', '', '', '2015-02-18', '02', '2015'),
(176, 72, 82, 60000, 926250, '0000-00-00', '0', 213750, '2015-05-22', '0', 0, '0000-00-00', '0', 0, -1084250, '2015-02-17', '2015-04-25', '1', 11, 84000, '3', 0, '1', 5, 100000, '0', '', '', '', '', '0000-00-00', '1', 1, '', '', '', '', '', '', '', '', '', '', '', '', '', '', '', '2015-02-18', '02', '2015'),
(177, 73, 83, 109600, 590400, '0000-00-00', '0', 334000, '2015-04-08', '0', 0, '0000-00-00', '0', 0, 4400, '2015-02-18', '2015-03-05', '1', 1, 20000, '3', 0, '1', 44, 900000, '0', '', '', '', '', '0000-00-00', '1', 1, '', '', '', '', '', '', '', '', '', '', '', '', '', '', '', '2015-02-18', '02', '2015'),
(178, 70, 63, 70000, 68000, '0000-00-00', '0', 100000, '2015-02-24', '0', 0, '0000-00-00', '0', 12000, 48000, '2015-02-14', '2015-02-17', '1', 2, 10000, '3', 0, '1', 16, 0, '0', '', '', '', '', '0000-00-00', '1', 1, '', '', '', '', '', '', '', '', '', '', '', '', '', '', '', '2015-02-21', '02', '2015'),
(179, 70, 62, 30000, 0, '0000-00-00', '0', 0, '0000-00-00', '0', 0, '0000-00-00', '0', 90000, 45000, '2015-02-14', '2015-02-28', '1', 2, 5000, '3', 0, '1', 12, 50000, '0', '', '', '', '', '0000-00-00', '1', 1, '', '', '', '', '', '', '', '', '', '', '', '', '', '', '', '2015-02-21', '02', '2015'),
(180, 70, 64, 190000, 0, '0000-00-00', '0', 0, '0000-00-00', '0', 0, '0000-00-00', '0', 260000, 30000, '2015-02-14', '2015-03-14', '1', 2, 30000, '3', 0, '1', 16, 0, '0', '', '', '', '', '0000-00-00', '1', 1, '', '', '', '', '', '', '', '', '', '', '', '', '', '', '', '2015-02-21', '02', '2015'),
(181, 70, 79, 80000, 0, '0000-00-00', '0', 0, '0000-00-00', '0', 0, '0000-00-00', '0', 470000, 30000, '2015-02-14', '2015-03-14', '1', 2, 27000, '3', 0, '1', 1, 57000, '0', '', '', '', '', '0000-00-00', '1', 1, '', '', '', '', '', '', '', '', '', '', '', '', '', '', '', '2015-02-21', '02', '2015'),
(182, 42, 80, 0, 32000, '0000-00-00', '0', 0, '0000-00-00', '0', 0, '0000-00-00', '0', 0, 10000, '2015-02-23', '2015-02-25', '1', 2, 2000, '3', 0, '1', 42, 20000, '0', '', '', '', '', '0000-00-00', '1', 1, '', '', '', '', '', '', '', '', '', '', '', '', '', '', '', '2015-02-24', '02', '2015'),
(183, 74, 63, 0, 100000, '0000-00-00', '0', 150000, '2015-04-07', '0', 0, '0000-00-00', '0', 0, 80000, '2015-02-26', '2015-03-07', '1', 11, 15000, '3', 0, '1', 16, 0, '0', '', '', '', '', '0000-00-00', '1', 1, '', '', '', '', '', '', '', '', '', '', '', '', '', '', '', '2015-02-26', '02', '2015'),
(184, 75, 120, 0, 0, '0000-00-00', '0', 300000, '2015-10-30', '0', 0, '0000-00-00', '0', 0, 0, '2015-03-04', '2015-03-15', '1', 2, 21000, '1', 0, '1', 16, 0, '0', '', '', '', '', '0000-00-00', '1', 1, '', '', '', '', '', '', '', '', '', '', '', '', '', '', '', '2015-03-04', '03', '2015'),
(185, 76, 84, 200000, 300000, '0000-00-00', '0', 20000, '2015-04-14', '0', 0, '0000-00-00', '0', 0, -150000, '2015-03-06', '2015-06-06', '1', 6, 70000, '3', 0, '1', 4, 80000, '0', '', '', '', '', '0000-00-00', '1', 1, 'confecciones.kyam@gmail.com', 'kyam123.', 'confecciones.kyam@gmail.com', 'kyam123.', 'Confeccioneskyam', 'kyam123', '', '', '', '', '', '', '', '', '', '2015-03-07', '03', '2015'),
(186, 76, 85, 200000, 200000, '0000-00-00', '0', 40000, '2015-04-14', '0', 0, '0000-00-00', '0', 0, 136000, '2015-03-06', '2015-06-06', '1', 6, 64000, '3', 0, '1', 16, 0, '0', '', '', '', '', '0000-00-00', '1', 1, '', '', '', '', '', '', '', '', '', '', '', '', '', '', '', '2015-03-07', '03', '2015'),
(187, 76, 86, 0, 0, '0000-00-00', '0', 240000, '2015-04-14', '0', 0, '0000-00-00', '0', 0, 36000, '2015-03-06', '2015-06-06', '1', 6, 36000, '3', 0, '1', 16, 0, '0', '', '', '', '', '0000-00-00', '1', 1, '', '', '', '', '', '', '', '', '', '', '', '', '', '', '', '2015-03-07', '03', '2015'),
(188, 17, 12, 100000, 50000, '0000-00-00', '0', 0, '0000-00-00', '0', 0, '0000-00-00', '0', 0, 30000, '2015-01-02', '2015-02-10', '1', 2, 0, '1', 0, '1', 16, 0, '0', '', '', '', '', '0000-00-00', '1', 1, '', '', '', '', '', '', '', '', '', '', '', '', '', '', '', '2015-03-09', '03', '2015'),
(189, 77, 63, 0, 150000, '0000-00-00', '0', 100000, '2015-05-19', '0', 0, '0000-00-00', '0', 0, 130000, '2015-03-10', '2015-03-10', '1', 2, 15000, '3', 0, '1', 16, 0, '0', '', '', '', '', '0000-00-00', '1', 1, '', '', '', '', '', '', '', '', '', '', '', '', '', '', '', '2015-03-10', '03', '2015'),
(190, 78, 78, 600000, 300000, '0000-00-00', '0', 0, '0000-00-00', '0', 0, '0000-00-00', '0', 1500000, 200000, '2015-03-12', '2015-06-23', '1', 6, 207000, '3', 0, '1', 16, 0, '0', '', '', '', '', '0000-00-00', '1', 1, 'productos.mapaches@gmail.com', 'mapaches123', 'productosmapache@hotmail.com', ' industrias13499', 'productosmapache', 'mapaches123', '', '', '', '', '@produc_mapaches', 'mapaches123', '', '', '', '2015-03-12', '03', '2015'),
(191, 61, 78, 300000, 735000, '0000-00-00', '0', 735000, '2015-06-26', '0', 0, '0000-00-00', '0', 0, 635000, '2015-03-12', '2015-06-12', '1', 2, 100000, '3', 0, '1', 16, 0, '0', '', '', '', '', '0000-00-00', '1', 1, '', '', '', '', '', '', '', '', '', '', '', '', '', '', '', '2015-03-12', '03', '2015'),
(192, 61, 87, 70000, 0, '0000-00-00', '0', 129000, '2015-08-31', '0', 0, '0000-00-00', '0', 0, 24000, '2015-03-12', '0215-03-12', '1', 2, 33000, '3', 0, '1', 1, 57000, '0', '', '', '', '', '0000-00-00', '1', 1, '', '', '', '', '', '', '', '', '', '', '', '', '', '', '', '2015-03-12', '03', '2015'),
(194, 15, 61, 40000, 50000, '0000-00-00', '0', 30000, '2015-04-21', '0', 0, '0000-00-00', '0', 0, 5000, '2015-03-16', '2015-03-25', '1', 2, 5000, '3', 0, '1', 13, 50000, '0', '', '', '', '', '0000-00-00', '1', 1, '', '', '', '', '', '', '', '', '', '', '', '', '', '', '', '2015-03-17', '03', '2015'),
(195, 79, 63, 0, 125000, '0000-00-00', '0', 125000, '2015-06-03', '0', 0, '0000-00-00', '0', 0, 105000, '2015-03-20', '2015-04-20', '1', 11, 15000, '3', 0, '1', 16, 0, '0', '', '', '', '', '0000-00-00', '1', 1, '', '', '', '', '', '', '', '', '', '', '', '', '', '', '', '2015-03-21', '03', '2015'),
(196, 67, 42, 10000, 0, '0000-00-00', '0', 50000, '2015-04-22', '0', 0, '0000-00-00', '0', 0, 23500, '2015-03-15', '2015-03-15', '1', 2, 0, '3', 0, '1', 22, 26000, '0', '', '', '', '', '0000-00-00', '1', 1, '', '', '', '', '', '', '', '', '', '', '', '', '', '', '', '2015-03-24', '03', '2015'),
(197, 80, 63, 50000, 80000, '0000-00-00', '0', 0, '0000-00-00', '0', 0, '0000-00-00', '0', 120000, 60000, '2015-03-30', '2015-04-30', '1', 11, 12000, '3', 0, '1', 16, 0, '0', '', '', '', '', '0000-00-00', '1', 1, '', '', '', '', '', '', '', '', '', '', '', '', '', '', '', '2015-03-31', '03', '2015'),
(198, 80, 87, 50000, 20000, '0000-00-00', '0', 0, '0000-00-00', '0', 0, '0000-00-00', '0', 480000, 70000, '2015-03-30', '2015-04-30', '1', 11, 30000, '3', 0, '1', 1, 57000, '0', '', '', '', '', '0000-00-00', '1', 1, '', '', '', '', '', '', '', '', '', '', '', '', '', '', '', '2015-03-31', '03', '2015'),
(199, 81, 89, 0, 100000, '0000-00-00', '0', 150000, '2015-05-22', '0', 0, '0000-00-00', '0', 0, 85000, '2015-04-10', '2015-05-10', '1', 11, 15000, '3', 0, '1', 16, 0, '0', '', '', '', '', '0000-00-00', '1', 1, '', '', 'mbermudez0609@hotmail.com', '13462400m', 'j.jtours', 'tours123.', '', '', '', '', '', '', '', '', '', '2015-04-09', '04', '2015'),
(200, 82, 63, 125000, 125000, '0000-00-00', '0', 0, '0000-00-00', '0', 0, '0000-00-00', '0', 0, 105000, '2015-04-09', '2015-05-09', '1', 6, 7500, '3', 0, '1', 16, 0, '0', '', '', '', '', '0000-00-00', '1', 1, '', '', '', '', '', '', '', '', '', '', '', '', '', '', '', '2015-04-09', '04', '2015'),
(201, 82, 90, 0, 350000, '0000-00-00', '0', 0, '0000-00-00', '0', 0, '0000-00-00', '0', 0, 49000, '2015-04-09', '2015-05-09', '1', 6, 21000, '1', 0, '1', 46, 280000, '0', '', '', '', '', '0000-00-00', '1', 1, '', '', '', '', '', '', '', '', '', '', '', '', '', '', '', '2015-04-09', '04', '2015'),
(202, 76, 91, 0, 275000, '0000-00-00', '0', 0, '0000-00-00', '0', 0, '0000-00-00', '0', 0, 181000, '2015-04-14', '2015-05-14', '1', 6, 6000, '3', 0, '1', 47, 450000, '0', '', '', '', '', '0000-00-00', '1', 1, '', '', '', '', '', '', '', '', '', '', '', '', '', '', '', '2015-04-14', '04', '2015'),
(203, 76, 61, 20000, 25000, '0000-00-00', '0', 0, '0000-00-00', '0', 0, '0000-00-00', '0', 0, 30000, '2015-04-14', '2015-05-14', '1', 6, 5000, '1', 0, '1', 13, 50000, '0', '', '', '', '', '0000-00-00', '1', 1, '', '', '', '', '', '', '', '', '', '', '', '', '', '', '', '2015-04-14', '04', '2015'),
(204, 83, 65, 0, 150000, '0000-00-00', '0', 150000, '2015-04-20', '0', 0, '0000-00-00', '0', 0, 135000, '2015-04-14', '2015-04-18', '1', 11, 15000, '1', 0, '1', 16, 0, '0', '', '', '', '', '0000-00-00', '1', 1, '', '', '', '', '', '', '', '', '', '', '', '', '', '', '', '2015-04-14', '04', '2015'),
(205, 84, 92, 0, 470000, '0000-00-00', '0', 470000, '2015-06-25', '0', 0, '0000-00-00', '0', 0, 413600, '2015-04-22', '2015-06-10', '1', 2, 56400, '1', 0, '1', 16, 0, '0', '', '', '', '', '0000-00-00', '1', 1, '', '', '', '', '', '', '', '', '', '', '', '', '', '', '', '2015-04-22', '04', '2015'),
(206, 85, 93, 0, 200000, '0000-00-00', '0', 200000, '2015-06-30', '0', 0, '0000-00-00', '0', 600000, 140000, '2015-04-23', '2015-09-23', '1', 6, 60000, '1', 0, '1', 16, 0, '0', '', '', '', '', '0000-00-00', '1', 1, '', '', 'luardime@hotmail.com', 'nestorcamilodiaz', '', '', '', '', '', '', '', '', '', '', '', '2015-04-23', '04', '2015'),
(207, 86, 94, 0, 1400000, '0000-00-00', '0', 0, '0000-00-00', '0', 0, '0000-00-00', '0', 2100000, 935000, '2015-04-24', '2015-07-15', '1', 1, 245000, '1', 0, '1', 10, 220000, '0', '', '', '', '', '0000-00-00', '1', 1, '', '', '', '', '', '', '', '', '', '', '', '', '', '', '', '2015-04-25', '04', '2015'),
(208, 86, 95, 0, 140000, '0000-00-00', '0', 0, '0000-00-00', '0', 0, '0000-00-00', '0', 210000, 115500, '2015-04-24', '2015-07-15', '1', 1, 24500, '1', 0, '1', 16, 0, '0', '', '', '', '', '0000-00-00', '1', 1, '', '', '', '', '', '', '', '', '', '', '', '', '', '', '', '2015-04-25', '04', '2015'),
(209, 86, 95, 0, 140000, '0000-00-00', '0', 0, '0000-00-00', '0', 0, '0000-00-00', '0', 210000, 115500, '2015-04-24', '2015-07-15', '1', 1, 24500, '1', 0, '1', 16, 0, '0', '', '', '', '', '0000-00-00', '1', 1, '', '', '', '', '', '', '', '', '', '', '', '', '', '', '', '2015-04-25', '04', '2015'),
(210, 86, 85, 0, 320000, '0000-00-00', '0', 0, '0000-00-00', '0', 0, '0000-00-00', '0', 480000, 256000, '2015-04-24', '2015-07-15', '1', 1, 64000, '1', 0, '1', 16, 0, '0', '', '', '', '', '0000-00-00', '1', 1, '', '', '', '', '', '', '', '', '', '', '', '', '', '', '', '2015-04-25', '04', '2015'),
(211, 87, 84, 150000, 0, '0000-00-00', '0', 312500, '2015-09-15', '0', 0, '0000-00-00', '0', 0, 139500, '2015-04-28', '2015-07-28', '1', 6, 59500, '1', 0, '1', 4, 80000, '0', '', '', '', '', '0000-00-00', '1', 1, 'vargasnossa@gmail.com', 'vargasnossa123', 'vargasnossa@gmail.com', 'vargasnossa123', 'vargasnossaasociados', 'vargasnossa123', '', '', '', '', '', '', 'http://www.vargasnossaabogados.com/varadm/', 'admin', 'vargasnossa123.', '2015-04-27', '04', '2015'),
(212, 87, 86, 150000, 0, '0000-00-00', '0', 12500, '2015-09-15', '0', 0, '0000-00-00', '0', 325000, 36000, '2015-04-28', '2015-07-28', '1', 6, 27000, '1', 0, '1', 16, 0, '0', '', '', '', '', '0000-00-00', '1', 1, '', '', '', '', '', '', '', '', '', '', '', '', '', '', '', '2015-04-27', '04', '2015'),
(213, 71, 96, 225000, 1285000, '0000-00-00', '0', 345000, '2015-11-11', '0', 0, '0000-00-00', '0', 0, 931000, '2015-04-29', '2015-07-29', '1', 2, 141750, '1', 0, '1', 8, 200000, '0', 'http://www.celeusgroup.co/', 'ftp.celeusgroup.co', 'celeusgr', 'sLULBiLaihh6TbpcKz', '0000-00-00', '1', 1, '', '', '', '', '', '', '', '', '', '', '', '', '', '', '', '2015-04-29', '04', '2015'),
(214, 71, 97, 0, 0, '0000-00-00', '0', 250000, '2015-11-11', '0', 0, '0000-00-00', '0', 500000, 120000, '2015-04-29', '2015-07-29', '1', 11, 120000, '1', 0, '1', 16, 0, '0', '', '', '', '', '0000-00-00', '1', 1, '', '', '', '', '', '', '', '', '', '', '', '', '', '', '', '2015-04-29', '04', '2015'),
(215, 88, 98, 0, 200000, '0000-00-00', '0', 0, '0000-00-00', '0', 0, '0000-00-00', '0', 1000000, 128000, '2015-04-30', '2015-10-31', '1', 6, 72000, '1', 0, '1', 16, 0, '0', '', '', '', '', '0000-00-00', '1', 1, 'manufacturasstonco@gmail.com', 'manufacturas123', 'stoncon@hotmail.com', 'stoncon05', 'manufacturasstonco', 'manufacturas123', '', '', '', '', '', '', '', '', '', '2015-04-30', '04', '2015'),
(216, 89, 63, 70000, 100000, '0000-00-00', '0', 80000, '2015-05-26', '0', 0, '0000-00-00', '0', 0, 80000, '2015-05-05', '2015-05-20', '1', 11, 10800, '1', 0, '1', 16, 0, '0', '', '', '', '', '0000-00-00', '1', 1, '', '', '', '', '', '', '', '', '', '', '', '', '', '', '', '2015-05-05', '05', '2015'),
(217, 3, 57, 40000, 0, '0000-00-00', '0', 120000, '2015-07-03', '0', 0, '0000-00-00', '0', 0, 9600, '2015-05-01', '2015-05-31', '1', 7, 9600, '1', 0, '1', 16, 0, '0', '', '', '', '', '0000-00-00', '1', 1, '', '', '', '', '', '', '', '', '', '', '', '', '', '', '', '2015-05-06', '05', '2015'),
(218, 90, 89, 50000, 200000, '0000-00-00', '0', 0, '0000-00-00', '0', 0, '0000-00-00', '0', 0, 185000, '2015-05-11', '2015-06-11', '1', 11, 24000, '1', 0, '1', 16, 0, '0', '', '', '', '', '0000-00-00', '1', 1, 'cucuta.verde@gmail.com', 'acicuv2121', 'acicuv@gmail.com', 'acicuv2121', '', '', '', '', '', '', '@ACICUV', 'acicuv2121', '', '', '', '2015-05-07', '05', '2015'),
(219, 90, 82, 0, 480000, '0000-00-00', '0', 0, '0000-00-00', '0', 0, '0000-00-00', '0', 360000, 296000, '2015-05-07', '2015-08-07', '1', 11, 84000, '1', 0, '1', 5, 100000, '0', '', '', '', '', '0000-00-00', '1', 1, '', '', '', '', '', '', '', '', '', '', '', '', '', '', '', '2015-05-07', '05', '2015'),
(220, 15, 61, 40000, 0, '0000-00-00', '0', 70000, '2015-05-22', '0', 0, '0000-00-00', '0', 0, 45000, '2015-05-11', '2015-05-15', '1', 7, 0, '3', 0, '1', 13, 45000, '0', '', '', '', '', '0000-00-00', '1', 1, '', '', '', '', '', '', '', '', '', '', '', '', '', '', '', '2015-05-11', '05', '2015'),
(222, 91, 99, 0, 666000, '0000-00-00', '0', 0, '0000-00-00', '0', 0, '0000-00-00', '0', 1334000, 546000, '2015-05-25', '2015-08-26', '1', 11, 120000, '3', 0, '1', 16, 0, '0', '', '', '', '', '0000-00-00', '1', 1, '', '', '', '', '', '', '', '', '', '', '', '', '', '', '', '2015-05-26', '05', '2015'),
(223, 92, 63, 50000, 0, '0000-00-00', '0', 200000, '2015-05-26', '0', 0, '0000-00-00', '0', 0, 20000, '2015-05-23', '2015-05-11', '1', 11, 20000, '3', 0, '1', 16, 0, '0', '', '', '', '', '0000-00-00', '1', 1, '', '', '', '', '', '', '', '', '', '', '', '', '', '', '', '2015-05-26', '05', '2015'),
(224, 92, 89, 50000, 200000, '0000-00-00', '0', 0, '0000-00-00', '0', 0, '0000-00-00', '0', 0, 185000, '2015-05-23', '2015-06-25', '1', 11, 15000, '1', 0, '1', 16, 0, '0', '', '', '', '', '0000-00-00', '1', 1, '', '', '', '', '', '', '', '', '', '', '', '', '', '', '', '2015-05-26', '05', '2015'),
(225, 93, 94, 0, 0, '0000-00-00', '0', 500000, '2015-11-13', '0', 0, '0000-00-00', '0', 0, 25000, '2015-05-26', '2015-08-26', '1', 11, 210000, '3', 0, '1', 10, 220000, '0', '', '', '', '', '0000-00-00', '1', 1, '', '', '', '', '', '', '', '', '', '', '', '', '', '', '', '2015-05-27', '05', '2015'),
(226, 93, 95, 0, 0, '0000-00-00', '0', 350000, '2015-11-13', '0', 0, '0000-00-00', '0', 0, 24500, '2015-05-26', '2015-08-26', '1', 11, 24500, '3', 0, '1', 16, 0, '0', '', '', '', '', '0000-00-00', '1', 1, '', '', '', '', '', '', '', '', '', '', '', '', '', '', '', '2015-05-27', '05', '2015'),
(227, 93, 95, 200000, 0, '0000-00-00', '0', 150000, '2015-11-13', '0', 0, '0000-00-00', '0', 0, 24500, '2015-05-26', '2015-08-26', '1', 11, 24500, '3', 0, '1', 16, 0, '0', '', '', '', '', '0000-00-00', '1', 1, '', '', '', '', '', '', '', '', '', '', '', '', '', '', '', '2015-05-27', '05', '2015'),
(228, 94, 61, 10000, 110000, '0000-00-00', '0', 0, '0000-00-00', '0', 0, '0000-00-00', '0', 0, 55000, '2015-06-16', '2015-06-20', '1', 7, 5000, '1', 0, '1', 13, 50000, '0', '', '', '', '', '0000-00-00', '1', 1, '', '', '', '', '', '', '', '', '', '', '', '', '', '', '', '2015-06-17', '06', '2015'),
(229, 3, 100, 0, 0, '0000-00-00', '0', 970000, '2015-08-06', '0', 0, '0000-00-00', '0', 0, 10000, '2015-06-18', '2015-06-25', '1', 7, 70000, '3', 0, '1', 4, 80000, '0', '', '', '', '', '0000-00-00', '1', 1, '', '', '', '', '', '', '', '', '', '', '', '', '', '', '', '2015-06-18', '06', '2015'),
(230, 3, 101, 0, 0, '0000-00-00', '0', 40000, '2015-10-09', '0', 0, '0000-00-00', '0', 0, 240000, '2015-06-18', '2015-06-25', '1', 7, 40000, '3', 0, '1', 8, 200000, '0', '', '', '', '', '0000-00-00', '1', 1, '', '', '', '', '', '', '', '', '', '', '', '', '', '', '', '2015-06-18', '06', '2015'),
(231, 3, 63, 0, 0, '0000-00-00', '0', 250000, '2015-08-06', '0', 0, '0000-00-00', '0', 0, 20000, '2015-06-18', '2015-06-26', '1', 7, 20000, '1', 0, '1', 16, 0, '0', '', '', '', '', '0000-00-00', '1', 1, '', '', '', '', '', '', '', '', '', '', '', '', '', '', '', '2015-06-18', '06', '2015'),
(232, 32, 10, 0, 0, '0000-00-00', '0', 0, '0000-00-00', '0', 0, '0000-00-00', '0', 120000, 20000, '2014-09-04', '0000-00-00', '1', 7, 20000, '1', 0, '1', 16, 0, '0', '', '', '', '', '0000-00-00', '1', 1, '', '', '', '', '', '', '', '', '', '', '', '', '', '', '', '2015-06-19', '06', '2015'),
(233, 95, 89, 0, 0, '0000-00-00', '0', 125000, '2015-07-03', '0', 0, '0000-00-00', '0', 0, 110000, '2015-07-02', '2015-07-09', '1', 2, 15000, '1', 0, '1', 16, 0, '1', '', '', '', '', '0000-00-00', '1', 1, 'chuchoexpresscucuta@gmail.com', 'chucho123.', '', '', 'chuchoexpress', 'chucho123.', '', '', '', '', '', '', '', '', '', '2015-07-02', '07', '2015'),
(234, 96, 89, 0, 0, '0000-00-00', '0', 250000, '2015-07-14', '0', 0, '0000-00-00', '0', 0, 15000, '2015-07-14', '2015-08-27', '1', 13, 15000, '3', 0, '1', 16, 0, '0', '', '', '', '', '0000-00-00', '1', 1, 'alianzatourss@gmail.com', 'alianza123.', 'esoj101@hotmail.com', '230376', 'alianzatour', 'alianza123.', '', '', '', '', '', '', '', '', '', '2015-07-14', '07', '2015'),
(235, 96, 63, 0, 0, '0000-00-00', '0', 250000, '2015-07-14', '0', 0, '0000-00-00', '0', 0, 15000, '2015-07-14', '2015-08-28', '1', 13, 15000, '3', 0, '1', 16, 0, '0', '', '', '', '', '0000-00-00', '1', 1, '', '', '', '', '', '', '', '', '', '', '', '', '', '', '', '2015-07-14', '07', '2015'),
(236, 96, 82, 0, 0, '0000-00-00', '0', 600000, '2015-09-01', '0', 0, '0000-00-00', '0', 600000, 16000, '2015-07-14', '2015-08-28', '1', 13, 84000, '3', 0, '1', 5, 100000, '0', '', '', '', '', '0000-00-00', '1', 1, '', '', '', '', '', '', '', '', '', '', '', '', '', '', '', '2015-07-14', '07', '2015'),
(237, 3, 57, 40000, 0, '0000-00-00', '0', 120000, '2015-08-06', '0', 0, '0000-00-00', '0', 0, 9600, '2015-06-01', '2015-06-30', '1', 7, 0, '3', 0, '1', 16, 0, '0', '', '', '', '', '0000-00-00', '1', 1, '', '', '', '', '', '', '', '', '', '', '', '', '', '', '', '2015-07-29', '07', '2015'),
(238, 97, 78, 0, 500000, '0000-00-00', '0', 0, '0000-00-00', '0', 0, '0000-00-00', '0', 1900000, 400000, '2015-08-01', '2015-11-01', '1', 13, 100000, '1', 0, '1', 16, 0, '0', '', '', '', '', '0000-00-00', '1', 1, '', '', '', '', 'gambetaclub', '3158933790pizza', '', '', '', '', '', '', '', '', '', '2015-08-01', '08', '2015'),
(239, 97, 84, 0, 500000, '0000-00-00', '0', 0, '0000-00-00', '0', 0, '0000-00-00', '0', 500000, 350000, '2015-08-01', '2015-08-15', '1', 13, 70000, '1', 0, '1', 4, 80000, '0', '', '', '', '', '0000-00-00', '1', 1, '', '', '', '', '', '', '', '', '', '', '', '', '', '', '', '2015-08-01', '08', '2015'),
(240, 98, 81, 50000, 150000, '0000-00-00', '0', 150000, '2015-09-04', '0', 0, '0000-00-00', '0', 0, 152500, '2015-08-05', '2015-08-15', '1', 13, 18000, '3', 0, '1', 43, 300000, '0', '', '', '', '', '0000-00-00', '1', 1, '', '', '', '', '', '', '', '', '', '', '', '', '', '', '', '2015-08-06', '08', '2015'),
(242, 100, 102, 0, 360000, '0000-00-00', '0', 360000, '2015-09-25', '0', 0, '0000-00-00', '0', 0, 348000, '2015-08-12', '2015-09-15', '1', 2, 12000, '1', 0, '1', 16, 0, '0', '', '', '', '', '0000-00-00', '1', 1, '', '', '', '', '', '', '', '', '', '', '', '', '', '', '', '2015-08-12', '08', '2015'),
(243, 101, 79, 30000, 388000, '0000-00-00', '0', 132000, '2015-10-23', '0', 0, '0000-00-00', '0', 0, 304000, '2015-08-12', '2015-09-27', '1', 2, 31200, '1', 0, '1', 1, 57000, '0', '', '', '', '', '0000-00-00', '1', 1, '', '', 'tolcafe98@gmail.com', 'cafetol123.', 'cafetol', 'cafetol123.', '', '', '', '', 'cafetolcolombia', 'cafetol123.', '', '', '', '2015-08-12', '08', '2015'),
(244, 101, 61, 20000, 0, '0000-00-00', '0', 100000, '2015-10-23', '0', 0, '0000-00-00', '0', 0, 45000, '2015-08-12', '2015-09-27', '1', 2, 6000, '1', 0, '1', 13, 50000, '0', '', '', '', '', '0000-00-00', '1', 1, '', '', '', '', '', '', '', '', '', '', '', '', '', '', '', '2015-08-12', '08', '2015'),
(245, 101, 64, 65000, 0, '0000-00-00', '0', 94000, '2015-10-23', '0', 0, '0000-00-00', '0', 0, 261000, '2015-08-12', '2015-09-27', '1', 2, 30000, '1', 0, '1', 16, 0, '0', '', '', '', '', '0000-00-00', '1', 1, '', '', '', '', '', '', '', '', '', '', '', '', '', '', '', '2015-08-12', '08', '2015'),
(246, 99, 81, 50000, 150000, '0000-00-00', '0', 150000, '2015-09-10', '0', 0, '0000-00-00', '0', 0, 152500, '2015-08-12', '2015-08-29', '1', 13, 18000, '1', 0, '1', 43, 300000, '0', '', '', '', '', '0000-00-00', '1', 1, '', '', '', '', '', '', '', '', '', '', '', '', '', '', '', '2015-08-13', '08', '2015'),
(247, 3, 8, 0, 0, '0000-00-00', '0', 120000, '2015-10-09', '0', 0, '0000-00-00', '0', 0, 7200, '2015-08-01', '2015-08-31', '1', 2, 7200, '1', 0, '1', 16, 0, '0', '', '', '', '', '0000-00-00', '1', 1, '', '', '', '', '', '', '', '', '', '', '', '', '', '', '', '2015-08-15', '08', '2015'),
(248, 102, 103, 200000, 300000, '0000-00-00', '0', 0, '0000-00-00', '0', 0, '0000-00-00', '0', 0, 282000, '2015-08-21', '2015-08-10', '1', 13, 18000, '1', 0, '1', 16, 0, '0', '', '', '', '', '0000-00-00', '1', 1, '', '', '', '', '', '', '', '', '', '', '', '', '', '', '', '2015-08-24', '08', '2015'),
(249, 102, 84, 0, 0, '0000-00-00', '0', 0, '0000-00-00', '0', 0, '0000-00-00', '0', 1000000, 10000, '2015-08-21', '2015-10-05', '1', 13, 70000, '1', 0, '1', 4, 80000, '0', '', '', '', '', '0000-00-00', '1', 1, '', '', '', '', '', '', '', '', '', '', '', '', '', '', '', '2015-08-24', '08', '2015'),
(250, 103, 103, 0, 500000, '0000-00-00', '0', 0, '0000-00-00', '0', 0, '0000-00-00', '0', 0, 482000, '2015-08-27', '2015-08-15', '1', 13, 30000, '3', 0, '1', 16, 0, '0', '', '', '', '', '0000-00-00', '1', 1, '', '', '', '', '', '', '', '', '', '', '', '', '', '', '', '2015-08-27', '08', '2015'),
(251, 103, 84, 0, 0, '0000-00-00', '0', 500000, '2015-10-28', '0', 0, '0000-00-00', '0', 500000, 10000, '2015-08-27', '2015-10-15', '1', 13, 70000, '1', 0, '1', 4, 80000, '0', '', '', '', '', '0000-00-00', '1', 1, '', '', '', '', '', '', '', '', '', '', '', '', '', '', '', '2015-08-27', '08', '2015'),
(252, 63, 78, 0, 800000, '0000-00-00', '0', 800000, '2015-10-20', '0', 0, '0000-00-00', '0', 800000, 700000, '2015-08-31', '0000-00-00', '1', 2, 100000, '3', 0, '1', 16, 0, '0', '', '', '', '', '0000-00-00', '1', 1, '', '', '', '', '', '', '', '', '', '', '', '', '', '', '', '2015-08-31', '08', '2015'),
(253, 104, 116, 100000, 700000, '0000-00-00', '0', 700000, '2015-09-10', '0', 0, '0000-00-00', '0', 0, 595000, '2015-09-02', '2015-09-07', '1', 2, 98000, '1', 0, '1', 16, 0, '0', '', '', '', '', '0000-00-00', '1', 1, '', '', 'carolinarugeles9@gmail.com', 'carorugeles123.', 'soycarolinarugeles', 'carolinarugeles123.', '', '', '', '', '', '', '', '', '', '2015-09-02', '09', '2015'),
(254, 104, 107, 0, 0, '0000-00-00', '0', 500000, '2015-09-10', '0', 0, '0000-00-00', '0', 0, 70000, '2015-09-02', '2015-09-23', '1', 2, 70000, '1', 0, '1', 16, 0, '0', '', '', '', '', '0000-00-00', '1', 1, '', '', '', '', '', '', '', '', '', '', '', '', '', '', '', '2015-09-02', '09', '2015'),
(255, 104, 121, 0, 0, '0000-00-00', '0', 450000, '2015-09-10', '0', 0, '0000-00-00', '0', 0, 31500, '2015-09-02', '2015-09-16', '1', 2, 31500, '1', 0, '1', 16, 0, '0', '', '', '', '', '0000-00-00', '1', 1, '', '', '', '', '', '', '', '', '', '', '', '', '', '', '', '2015-09-02', '09', '2015'),
(256, 61, 118, 1800000, 1400000, '0000-00-00', '0', 0, '0000-00-00', '0', 0, '0000-00-00', '0', 0, 920000, '2015-07-01', '2015-12-31', '1', 2, 480000, '1', 0, '1', 16, 0, '0', '', '', '', '', '0000-00-00', '1', 1, '', '', '', '', '', '', '', '', '', '', '', '', '', '', '', '2015-09-03', '09', '2015'),
(257, 3, 122, 150000, 0, '0000-00-00', '0', 150000, '2015-10-09', '0', 0, '0000-00-00', '0', 0, 18000, '2015-09-01', '2015-09-30', '1', 2, 0, '1', 0, '1', 16, 0, '0', '', '', '', '', '0000-00-00', '1', 1, '', '', '', '', '', '', '', '', '', '', '', '', '', '', '', '2015-09-03', '09', '2015'),
(258, 105, 117, 1500000, 800000, '0000-00-00', '0', 300000, '2015-10-21', '0', 0, '0000-00-00', '0', 1000000, 512000, '2015-09-04', '2015-11-11', '1', 13, 147000, '1', 0, '1', 16, 0, '0', '', '', '', '', '0000-00-00', '1', 1, '', '', 'esbeltmedical@gmail.com', 'medicalspa123.', 'esbeltmedicalspa', 'medicalspa123.', '', '', '', '', '', '', '', '', '', '2015-09-04', '09', '2015'),
(259, 105, 105, 0, 0, '0000-00-00', '0', 700000, '2015-10-21', '0', 0, '0000-00-00', '0', 0, 49000, '2015-10-16', '0000-00-00', '1', 13, 49000, '1', 0, '1', 16, 0, '0', '', '', '', '', '0000-00-00', '1', 1, '', '', '', '', '', '', '', '', '', '', '', '', '', '', '', '2015-09-04', '09', '2015'),
(260, 58, 105, 0, 650000, '0000-00-00', '0', 50000, '2015-10-05', '0', 0, '0000-00-00', '0', 0, 601000, '2015-09-01', '2015-09-16', '1', 7, 49000, '3', 0, '1', 16, 0, '0', '', '', '', '', '0000-00-00', '1', 1, '', '', '', '', '', '', '', '', '', '', '', '', '', '', '', '2015-09-07', '09', '2015'),
(261, 106, 120, 0, 300000, '0000-00-00', '0', 0, '0000-00-00', '0', 0, '0000-00-00', '0', 0, 279000, '2015-09-08', '2015-09-15', '1', 7, 21000, '1', 0, '1', 16, 0, '0', '', '', '', '', '0000-00-00', '1', 1, '', '', '', '', '', '', '', '', '', '', '', '', '', '', '', '2015-09-08', '09', '2015'),
(262, 96, 120, 250000, 50000, '0000-00-00', '0', 0, '0000-00-00', '0', 0, '0000-00-00', '0', 0, 29000, '2015-09-23', '2015-09-23', '1', 7, 0, '1', 0, '1', 16, 0, '2', 'Cancelaron CapacitaciÃ³n de Etiqueta y Protocolo ', '', '', '', '0000-00-00', '1', 1, '', '', '', '', '', '', '', '', '', '', '', '', '', '', '', '2015-09-24', '09', '2015'),
(263, 107, 122, 0, 300000, '0000-00-00', '0', 0, '0000-00-00', '0', 0, '0000-00-00', '0', 0, 282000, '2015-09-24', '2015-10-24', '1', 2, 18000, '1', 0, '1', 16, 0, '0', '', '', '', '', '0000-00-00', '1', 1, 'millaromerosoto@gmail.com', 'millasoto123.', '', '', 'millagobernadora', 'millasoto123.', '', '', '', '', '', '', '', '', '', '2015-09-24', '09', '2015'),
(264, 107, 122, 0, 300000, '0000-00-00', '0', 0, '0000-00-00', '0', 0, '0000-00-00', '0', 0, 0, '2015-09-24', '2015-10-24', '1', 2, 0, '1', 0, '1', 16, 0, '0', '', '', '', '', '0000-00-00', '1', 1, '', '', '', '', '', '', '', '', '', '', '', '', '', '', '', '2015-09-24', '09', '2015'),
(265, 107, 122, 0, 300000, '0000-00-00', '0', 0, '0000-00-00', '0', 0, '0000-00-00', '0', 0, 0, '2015-09-24', '2015-10-24', '1', 2, 0, '1', 0, '1', 16, 0, '0', '', '', '', '', '0000-00-00', '1', 1, '', '', '', '', '', '', '', '', '', '', '', '', '', '', '', '2015-09-24', '09', '2015'),
(266, 107, 122, 0, 0, '0000-00-00', '0', 300000, '0000-00-00', '0', 0, '0000-00-00', '0', 0, 18000, '2015-09-24', '2015-10-24', '1', 2, 18000, '1', 0, '1', 16, 0, '0', '', '', '', '', '0000-00-00', '1', 1, '', '', '', '', '', '', '', '', '', '', '', '', '', '', '', '2015-09-24', '09', '2015'),
(267, 107, 122, 0, 0, '0000-00-00', '0', 300000, '2015-11-05', '0', 0, '0000-00-00', '0', 0, 0, '2015-09-24', '2015-10-24', '1', 2, 0, '1', 0, '1', 16, 0, '0', '', '', '', '', '0000-00-00', '1', 1, '', '', '', '', '', '', '', '', '', '', '', '', '', '', '', '2015-09-24', '09', '2015'),
(268, 58, 105, 100000, 0, '0000-00-00', '0', 600000, '2015-10-05', '0', 0, '0000-00-00', '0', 0, 49000, '0000-00-00', '0000-00-00', '1', 7, 49000, '1', 0, '1', 16, 0, '0', '', '', '', '', '0000-00-00', '1', 1, '', '', '', '', '', '', '', '', '', '', '', '', '', '', '', '2015-09-30', '09', '2015'),
(269, 98, 116, 800000, 400000, '0000-00-00', '0', 300000, '2015-10-05', '0', 0, '0000-00-00', '0', 0, 295000, '2015-10-03', '2015-10-05', '1', 13, 105000, '1', 0, '1', 16, 0, '0', '', '', '', '', '0000-00-00', '1', 1, '', '', '', '', '', '', '', '', '', '', '', '', '', '', '', '2015-10-03', '10', '2015'),
(270, 98, 120, 100000, 0, '0000-00-00', '0', 0, '0000-00-00', '0', 0, '0000-00-00', '0', 200000, 21000, '2015-10-03', '2015-10-15', '1', 13, 21000, '1', 0, '1', 16, 0, '0', '', '', '', '', '0000-00-00', '1', 1, '', '', '', '', '', '', '', '', '', '', '', '', '', '', '', '2015-10-03', '10', '2015'),
(271, 4, 126, 20000, 0, '0000-00-00', '0', 0, '0000-00-00', '0', 0, '0000-00-00', '0', 140000, 10000, '0000-00-00', '0000-00-00', '1', 7, 10000, '1', 0, '1', 16, 0, '0', '', '', '', '', '0000-00-00', '1', 1, '', '', '', '', '', '', '', '', '', '', '', '', '', '', '', '2015-10-06', '10', '2015'),
(272, 3, 122, 150000, 0, '0000-00-00', '0', 150000, '2015-10-09', '0', 0, '0000-00-00', '0', 0, 18000, '2015-10-01', '2015-10-30', '1', 7, 18000, '1', 0, '1', 16, 0, '0', '', '', '', '', '0000-00-00', '1', 1, '', '', '', '', '', '', '', '', '', '', '', '', '', '', '', '2015-10-06', '10', '2015'),
(273, 108, 120, 0, 150000, '0000-00-00', '0', 0, '0000-00-00', '0', 0, '0000-00-00', '0', 150000, 129000, '2015-10-08', '2015-10-29', '1', 13, 21000, '1', 0, '1', 16, 0, '0', '', '', '', '', '0000-00-00', '1', 1, '', '', '', '', '', '', '', '', '', '', '', '', '', '', '', '2015-10-08', '10', '2015'),
(274, 46, 105, 0, 350000, '0000-00-00', '0', 0, '0000-00-00', '0', 0, '0000-00-00', '0', 350000, 301000, '2015-10-13', '2015-11-05', '1', 13, 49000, '1', 0, '1', 16, 0, '0', '', '', '', '', '0000-00-00', '1', 1, '', '', '', '', '', '', '', '', '', '', '', '', '', '', '', '2015-10-13', '10', '2015'),
(275, 109, 121, 100000, 300000, '0000-00-00', '0', 0, '0000-00-00', '0', 0, '0000-00-00', '0', 50000, 268500, '0000-00-00', '0000-00-00', '1', 13, 31500, '1', 0, '1', 16, 0, '0', '', '', '', '', '0000-00-00', '1', 1, '', '', '', '', '', '', '', '', '', '', '', '', '', '', '', '2015-10-15', '10', '2015'),
(276, 109, 123, 50000, 0, '0000-00-00', '0', 0, '0000-00-00', '0', 0, '0000-00-00', '0', 350000, 28000, '2015-10-15', '2015-11-05', '1', 13, 28000, '1', 0, '1', 16, 0, '0', '', '', '', '', '0000-00-00', '1', 1, '', '', '', '', '', '', '', '', '', '', '', '', '', '', '', '2015-10-16', '10', '2015'),
(277, 110, 116, 500000, 520000, '0000-00-00', '0', 0, '0000-00-00', '0', 0, '0000-00-00', '0', 480000, -415000, '2015-10-21', '2015-12-14', '1', 13, 105000, '1', 0, '1', 16, 0, '0', '', '', '', '', '0000-00-00', '1', 1, '', '', '', '', '', '', '', '', '', '', '', '', '', '', '', '2015-10-22', '10', '2015'),
(278, 110, 120, 0, 0, '0000-00-00', '0', 0, '0000-00-00', '0', 0, '0000-00-00', '0', 300000, 21000, '2015-10-21', '2015-11-21', '1', 13, 21000, '1', 0, '1', 16, 0, '0', '', '', '', '', '0000-00-00', '1', 1, '', '', '', '', '', '', '', '', '', '', '', '', '', '', '', '2015-10-22', '10', '2015'),
(279, 71, 124, 200000, 0, '0000-00-00', '0', 150000, '2015-11-11', '0', 0, '0000-00-00', '0', 0, 24500, '2015-10-23', '2015-10-30', '1', 7, 24500, '1', 0, '1', 16, 0, '0', '', '', '', '', '0000-00-00', '1', 1, '', '', '', '', '', '', '', '', '', '', '', '', '', '', '', '2015-10-23', '10', '2015'),
(280, 104, 120, 40000, 130000, '0000-00-00', '0', 130000, '2015-11-18', '0', 0, '0000-00-00', '0', 0, 109000, '2015-11-04', '0000-00-00', '1', 13, 0, '1', 0, '1', 16, 0, '0', '', '', '', '', '0000-00-00', '1', 1, '', '', '', '', '', '', '', '', '', '', '', '', '', '', '', '2015-11-05', '11', '2015'),
(281, 104, 112, 50000, 150000, '0000-00-00', '0', 150000, '2015-11-18', '0', 0, '0000-00-00', '0', 0, 122000, '2015-11-05', '0000-00-00', '1', 13, 28000, '1', 0, '1', 16, 0, '0', '', '', '', '', '0000-00-00', '1', 1, '', '', '', '', '', '', '', '', '', '', '', '', '', '', '', '2015-11-05', '11', '2015'),
(282, 104, 121, 10000, 220000, '0000-00-00', '0', 20000, '2015-11-18', '0', 0, '0000-00-00', '0', 200000, 188500, '2015-11-05', '0000-00-00', '1', 13, 31500, '1', 0, '1', 16, 0, '0', '', '', '', '', '0000-00-00', '1', 1, '', '', '', '', '', '', '', '', '', '', '', '', '', '', '', '2015-11-05', '11', '2015'),
(283, 111, 121, 50000, 200000, '0000-00-00', '0', 0, '0000-00-00', '0', 0, '0000-00-00', '0', 200000, 168500, '2015-11-06', '2015-11-30', '1', 13, 31500, '1', 0, '1', 16, 0, '0', '', '', '', '', '0000-00-00', '1', 1, '', '', '', '', '', '', '', '', '', '', '', '', '', '', '', '2015-11-07', '11', '2015'),
(284, 3, 122, 150000, 0, '0000-00-00', '0', 0, '0000-00-00', '0', 0, '0000-00-00', '0', 150000, 18000, '2015-11-01', '2015-11-30', '1', 7, 18000, '1', 0, '1', 16, 0, '0', '', '', '', '', '0000-00-00', '1', 1, '', '', '', '', '', '', '', '', '', '', '', '', '', '', '', '2015-11-09', '11', '2015'),
(285, 111, 106, 0, 250000, '0000-00-00', '0', 0, '0000-00-00', '0', 0, '0000-00-00', '0', 550000, 194000, '2015-11-20', '2015-12-20', '1', 13, 56000, '1', 0, '1', 5, 0, '0', '', '', '', '', '0000-00-00', '1', 1, '', '', '', '', '', '', '', '', '', '', '', '', '', '', '', '2015-11-20', '11', '2015'),
(286, 111, 122, 0, 200000, '0000-00-00', '0', 0, '0000-00-00', '0', 0, '0000-00-00', '0', 100000, 182000, '2015-11-20', '2015-12-20', '1', 13, 18000, '1', 0, '1', 16, 0, '0', '', '', '', '', '0000-00-00', '1', 1, '', '', '', '', '', '', '', '', '', '', '', '', '', '', '', '2015-11-20', '11', '2015'),
(287, 112, 122, -50000, 210000, '0000-00-00', '0', 0, '0000-00-00', '0', 0, '0000-00-00', '0', 140000, 192000, '2015-11-26', '2015-12-26', '1', 2, 18000, '1', 0, '1', 16, 0, '0', '', '', '', '', '0000-00-00', '1', 1, '', '', '', '', '', '', '', '', '', '', '', '', '', '', '', '2015-11-20', '11', '2015'),
(288, 112, 124, 0, 210000, '0000-00-00', '0', 0, '0000-00-00', '0', 0, '0000-00-00', '0', 140000, 185500, '2015-11-20', '2015-12-03', '1', 2, 24500, '1', 0, '1', 16, 0, '0', '', '', '', '', '0000-00-00', '1', 1, '', '', '', '', '', '', '', '', '', '', '', '', '', '', '', '2015-11-20', '11', '2015'),
(289, 112, 120, 100000, 120000, '0000-00-00', '0', 0, '0000-00-00', '0', 0, '0000-00-00', '0', 80000, 99000, '0000-00-00', '0000-00-00', '1', 2, 21000, '1', 0, '1', 16, 0, '0', '', '', '', '', '0000-00-00', '1', 1, '', '', '', '', '', '', '', '', '', '', '', '', '', '', '', '2015-11-20', '11', '2015');

-- --------------------------------------------------------

--
-- Estructura de tabla para la tabla `servidores`
--

CREATE TABLE IF NOT EXISTS `servidores` (
  `id_servidor` int(11) NOT NULL AUTO_INCREMENT,
  `proveedor_id` int(11) NOT NULL,
  `dominio` varchar(500) COLLATE utf8_spanish_ci NOT NULL,
  `ftp` varchar(500) COLLATE utf8_spanish_ci NOT NULL,
  `usuario` varchar(255) COLLATE utf8_spanish_ci NOT NULL,
  `password` varchar(500) COLLATE utf8_spanish_ci NOT NULL,
  `fecha_renov` date NOT NULL,
  PRIMARY KEY (`id_servidor`),
  KEY `proveedor_id` (`proveedor_id`)
) ENGINE=InnoDB DEFAULT CHARSET=utf8 COLLATE=utf8_spanish_ci AUTO_INCREMENT=1 ;

-- --------------------------------------------------------

--
-- Estructura de tabla para la tabla `tareas`
--

CREATE TABLE IF NOT EXISTS `tareas` (
  `id_tarea` int(11) NOT NULL AUTO_INCREMENT,
  `segui_id` int(11) NOT NULL,
  `admin_id` int(11) NOT NULL,
  `tare_nam` varchar(300) COLLATE utf8_spanish_ci NOT NULL,
  `DI` varchar(100) COLLATE utf8_spanish_ci NOT NULL,
  `MI` varchar(100) COLLATE utf8_spanish_ci NOT NULL,
  `AI` varchar(100) COLLATE utf8_spanish_ci NOT NULL,
  `fechain_tar` date NOT NULL,
  `DF` varchar(100) COLLATE utf8_spanish_ci NOT NULL,
  `MF` varchar(100) COLLATE utf8_spanish_ci NOT NULL,
  `AF` varchar(100) COLLATE utf8_spanish_ci NOT NULL,
  `fechafin_tar` date NOT NULL,
  `area_tarea` varchar(10) COLLATE utf8_spanish_ci NOT NULL,
  `fecha_ing` date NOT NULL,
  `descrip_tarea` text COLLATE utf8_spanish_ci NOT NULL,
  `esta_tar` varchar(10) COLLATE utf8_spanish_ci NOT NULL,
  PRIMARY KEY (`id_tarea`),
  KEY `plan_id` (`segui_id`,`admin_id`),
  KEY `admin_id` (`admin_id`)
) ENGINE=InnoDB  DEFAULT CHARSET=utf8 COLLATE=utf8_spanish_ci AUTO_INCREMENT=728 ;

--
-- Volcado de datos para la tabla `tareas`
--

INSERT INTO `tareas` (`id_tarea`, `segui_id`, `admin_id`, `tare_nam`, `DI`, `MI`, `AI`, `fechain_tar`, `DF`, `MF`, `AF`, `fechafin_tar`, `area_tarea`, `fecha_ing`, `descrip_tarea`, `esta_tar`) VALUES
(1, 96, 6, 'Ajustes de la Pagina Web', '14', '4', '2015', '2015-04-14', '1', '1', '2015', '0000-00-00', '2', '2015-04-08', 'Tema de PÃ¡gina web de La tertulia ', '3'),
(2, 96, 3, 'Cobro restante PÃ¡gina Web', '1', '1', '2015', '2015-04-22', '1', '1', '2015', '2015-04-29', '3', '2015-04-08', 'Johan debe hacer modificaciones para cancelar dicho Saldo', '3'),
(3, 97, 6, 'Banners de comida ( 6 banners)', '1', '1', '2015', '2015-04-30', '1', '1', '2015', '0020-04-15', '2', '2015-04-08', '', '3'),
(4, 62, 6, 'Realizar 3 banners  ', '1', '1', '2015', '2015-04-30', '1', '1', '2015', '0000-00-00', '2', '2015-04-08', '3 banner\n', '3'),
(5, 62, 14, 'Publicaciones de Ropa en redes Sociales', '4', '6', '2015', '2015-09-04', '1', '1', '2015', '0000-00-00', '5', '2015-04-08', '', '3'),
(6, 84, 15, 'Preparar Diapositivas CafÃ© Galavis', '1', '1', '2015', '2015-04-11', '1', '1', '2015', '2015-04-10', '5', '2015-04-08', 'Entregar diapositivas ', '3'),
(7, 84, 15, 'TerminaciÃ³n de Carpeta entrega Cafe Galvis', '1', '1', '2015', '2015-04-11', '1', '1', '2015', '0000-00-00', '5', '2015-04-08', 'Terminar formatos y carpeta de plan de mercadeo', '3'),
(9, 108, 3, 'Cobro Restante', '1', '1', '2015', '2015-04-11', '1', '1', '2015', '2015-04-07', '3', '2015-04-08', '', '3'),
(10, 20, 6, 'Terminar Fotos colecciÃ³n', '1', '1', '2015', '2015-04-19', '1', '1', '2015', '0000-00-00', '2', '2015-04-08', '', '3'),
(12, 21, 2, 'Subir FotografÃ­as  a Sitio web ', '1', '6', '2015', '2015-06-01', '1', '1', '2015', '0000-00-00', '6', '2015-04-08', 'A la espera de Johan, por fotos.', '3'),
(13, 121, 6, 'Cerrar el tema de Catalogo', '1', '1', '2015', '2015-04-11', '1', '1', '2015', '0000-00-00', '2', '2015-04-08', 'terminar el catalogo de full Gloss', '3'),
(15, 57, 2, 'Definir entrega y CapacitaciÃ³n Final ', '1', '1', '2015', '2015-04-19', '1', '1', '2015', '0000-00-00', '5', '2015-04-08', '', '3'),
(16, 114, 2, 'Correcciones  Mapa', '1', '1', '2015', '2015-04-12', '1', '1', '2015', '0000-00-00', '6', '2015-04-08', '', '3'),
(17, 55, 3, 'Definir Tema Cobro', '3', '6', '2015', '2015-07-03', '1', '1', '2015', '2015-04-16', '3', '2015-04-08', 'Se EnviÃ³ Cuenta de cobro ', '3'),
(18, 40, 6, 'Cerrar Tema Fotografias', '1', '1', '2015', '2015-04-15', '1', '1', '2015', '0000-00-00', '2', '2015-04-08', '', '3'),
(19, 40, 2, 'TerminaciÃ³n del Sitio web', '6', '6', '2015', '2015-06-06', '1', '1', '2015', '0000-00-00', '6', '2015-04-08', 'Proceso a la espera de Mileidy ', '3'),
(20, 112, 14, 'Publicaciones en Redes Sociales ', '8', '6', '2015', '2015-09-08', '1', '1', '2015', '0000-00-00', '5', '2015-04-08', '', '3'),
(21, 112, 6, 'Realizar 4 banners del laboratorio', '5', '6', '2015', '2015-09-05', '1', '1', '2015', '0000-00-00', '2', '2015-04-09', '', '3'),
(22, 28, 13, 'Presentar DiseÃ±o de Pagina Web', '1', '1', '2015', '2015-04-11', '1', '1', '2015', '0000-00-00', '2', '2015-04-09', '\n', '3'),
(23, 28, 6, 'Cerrar tema de las FotografÃ­as Zapatos', '1', '1', '2015', '2015-04-15', '1', '1', '2015', '0000-00-00', '2', '2015-04-09', '', '3'),
(24, 132, 9, 'Cerrar tema Pagina Web ', '5', '6', '2015', '2015-08-05', '1', '1', '2015', '0000-00-00', '6', '2015-04-09', '3 diseÃ±o cambiado', '3'),
(25, 133, 6, 'definir logo-manual Corporativo', '1', '1', '2015', '2015-04-11', '1', '1', '2015', '0000-00-00', '2', '2015-04-09', '', '3'),
(26, 116, 2, 'Modificaciones Sitio Web', '1', '1', '2015', '2015-04-12', '1', '1', '2015', '0000-00-00', '6', '2015-04-09', '', '3'),
(27, 100, 3, 'Definir tema del Pago', '5', '6', '2015', '2015-09-05', '1', '1', '2015', '0000-00-00', '3', '2015-04-09', 'Imposible ComunicaciÃ³n con la Empresa.', '3'),
(28, 72, 3, 'Definir estado del contrato de la empresa', '7', '6', '2015', '2015-06-07', '1', '1', '2015', '0020-04-10', '3', '2015-04-09', 'Se HablÃ³ con el Sr Oswaldo. Se Definio seguir con el proceso.', '3'),
(29, 48, 6, 'Arreglar fotografÃ­as nuevas', '1', '1', '2015', '2015-04-11', '1', '1', '2015', '0000-00-00', '2', '2015-04-09', 'Para subir en la PÃ¡gina web', '3'),
(30, 48, 2, 'TerminaciÃ³n del sitio web', '1', '1', '2015', '0000-00-00', '1', '1', '2015', '0000-00-00', '6', '2015-04-09', 'A la espera de las fotografias', '1'),
(31, 50, 3, 'Definir tema de la alcaldia', '1', '1', '2015', '2015-04-30', '1', '1', '2015', '0020-04-15', '3', '2015-04-09', 'Placa', '3'),
(32, 150, 15, 'Presentar Diapositivas Estudio Competencia', '1', '1', '2015', '2015-04-18', '1', '1', '2015', '0000-00-00', '5', '2015-04-09', '', '3'),
(33, 151, 15, 'Seguimiento al 1er Evento', '1', '1', '2015', '2015-04-18', '1', '1', '2015', '0000-00-00', '5', '2015-04-09', '', '3'),
(34, 159, 9, 'Cerrar tema de PÃ¡gina Web', '1', '1', '2015', '2015-04-18', '1', '1', '2015', '2015-04-13', '6', '2015-04-09', '', '3'),
(35, 159, 14, 'Ayuda en Arreglo de fotografÃ­as ', '1', '1', '2015', '2015-04-15', '1', '1', '2015', '0000-00-00', '5', '2015-04-09', '', '3'),
(36, 65, 6, 'Toma de FotografÃ­as Colecciones 3 al mes', '1', '1', '2015', '2015-04-30', '1', '1', '2015', '0000-00-00', '2', '2015-04-09', '', '3'),
(38, 194, 6, 'Presentar diseÃ±o ', '1', '1', '2015', '2015-04-11', '1', '1', '2015', '0000-00-00', '2', '2015-04-09', 'Enviar propuestas al correo electronico', '3'),
(39, 93, 2, 'Cerrar modificaciones Sitio WEb', '1', '1', '2015', '2015-04-11', '1', '1', '2015', '0000-00-00', '6', '2015-04-09', '', '3'),
(40, 95, 2, 'CreaciÃ³n de Firmas', '1', '1', '2015', '2015-04-11', '1', '1', '2015', '2015-04-10', '6', '2015-04-09', 'Firmas de la Gram y Ci', '3'),
(41, 93, 3, 'Realizar Cobro Final', '1', '1', '2015', '2015-04-14', '1', '1', '2015', '0201-04-16', '3', '2015-04-09', 'Esperar a modificar pagina y enviar firmas ( FabiÃ¡n )', '3'),
(42, 45, 9, 'Cambiar nombre de la pagina web', '1', '1', '2015', '2015-04-13', '1', '1', '2015', '2015-04-10', '6', '2015-04-09', '.', '3'),
(44, 191, 2, 'Presentar Plan de EjecuciÃ³n del Plan ', '1', '1', '2015', '2015-04-13', '1', '1', '2015', '0000-00-00', '5', '2015-04-09', 'Para reuniÃ³n ', '3'),
(45, 191, 6, 'arreglar fotografÃ­as de productos', '10', '5', '2015', '2015-09-10', '1', '1', '2015', '0000-00-00', '2', '2015-04-09', 'Arreglar 2  diseÃ±os en Blanco de productos ', '3'),
(46, 191, 14, 'Realizar  marketing Online Constante', '19', '5', '2015', '2015-09-19', '1', '1', '2015', '0000-00-00', '5', '2015-04-09', '', '3'),
(47, 192, 13, 'Definir DiseÃ±o de Pagina Web ', '1', '1', '2015', '2015-04-11', '1', '1', '2015', '0000-00-00', '2', '2015-04-09', '', '3'),
(48, 61, 3, 'RenovaciÃ³n del Domino', '1', '1', '2015', '2015-04-14', '1', '1', '2015', '0201-04-21', '3', '2015-04-09', 'Se EnviÃ³ Carta, se llamÃ³ .', '3'),
(49, 76, 13, 'DiseÃ±o Plantilla web', '1', '1', '2015', '2015-04-11', '1', '1', '2015', '0000-00-00', '2', '2015-04-09', '', '3'),
(50, 76, 9, 'Ajustes Sitio web ', '1', '1', '2015', '2015-04-11', '1', '1', '2015', '2015-04-11', '6', '2015-04-09', '', '3'),
(51, 144, 13, 'DiseÃ±o Plantilla sitio web', '1', '1', '2015', '2015-04-20', '1', '1', '2015', '0000-00-00', '2', '2015-04-09', '', '3'),
(52, 4, 3, 'RenovaciÃ³n Dominio ', '1', '1', '2015', '2015-04-14', '1', '1', '2015', '0201-04-16', '3', '2015-04-09', 'Se Informo sobre RenovaciÃ³n, de Dominio.', '3'),
(53, 50, 15, 'Crear formato de Area', '1', '1', '2015', '2015-04-06', '1', '1', '2015', '2015-04-07', '5', '2015-04-09', '', '3'),
(54, 12, 3, 'RenovaciÃ³n Dominio', '1', '1', '2015', '2015-04-14', '1', '1', '2015', '2015-04-10', '3', '2015-04-09', '', '3'),
(55, 12, 6, 'Toma de FotografÃ­as Nuevas Habitaciones ', '1', '1', '2015', '2015-04-14', '1', '1', '2015', '2015-04-10', '2', '2015-04-09', '', '3'),
(58, 190, 6, 'CreaciÃ³n de Banners * 4', '15', '5', '2015', '2015-09-15', '1', '1', '2015', '0000-00-00', '2', '2015-04-09', '', '3'),
(59, 191, 13, 'Presentar PrediseÃ±o de Portafolio', '1', '1', '2015', '2015-04-11', '1', '1', '2015', '0000-00-00', '2', '2015-04-09', 'hacer 2 0 3 paginas de como se debe ver el portafolio de la empresa\n', '3'),
(60, 190, 14, 'Marketing Online Productos Mapaches', '12', '5', '2015', '2015-09-12', '1', '1', '2015', '0000-00-00', '5', '2015-04-09', 'No hay nuevos productos, busque seguidores (facebook y instagram)\n', '3'),
(61, 108, 3, 'Cobro Final Contrato', '1', '1', '2015', '2015-04-11', '1', '1', '2015', '2015-04-07', '3', '2015-04-09', '', '3'),
(63, 176, 13, 'DiseÃ±o Plantilla Sitio web ', '1', '1', '2015', '2015-04-16', '1', '1', '2015', '0000-00-00', '2', '2015-04-09', '', '3'),
(64, 17, 3, 'RenovaciÃ³n Dominio', '1', '1', '2015', '2015-04-23', '1', '1', '2015', '0020-04-27', '3', '2015-04-09', '', '3'),
(65, 26, 9, 'Modificaciones PÃ¡gina web', '1', '1', '2015', '2015-04-04', '1', '1', '2015', '2015-04-10', '6', '2015-04-09', '', '3'),
(66, 179, 3, 'Definir Tema', '20', '11', '2015', '2015-11-20', '1', '1', '2015', '2015-09-30', '3', '2015-04-09', 'Me he intentado comunicar, y un telefono fuera de servicio, y al otro NÃºmero no contesta. Se envio Correo ', '2'),
(67, 178, 13, 'Crear Manual de Marca', '12', '5', '2015', '2015-09-12', '1', '1', '2015', '0000-00-00', '2', '2015-04-09', 'Esperar que la empresa Consigne para continuar', '3'),
(68, 189, 13, 'Cerrar tema de logo', '1', '1', '2015', '2015-04-11', '1', '1', '2015', '0000-00-00', '2', '2015-04-10', '', '3'),
(69, 189, 3, 'Cobro Final ', '15', '5', '2015', '2015-05-15', '1', '1', '2015', '0000-00-00', '3', '2015-04-10', 'Esperar entrega total', '3'),
(70, 177, 4, 'Cerrar Tema Uniformes', '1', '1', '2015', '2015-04-10', '1', '1', '2015', '0000-00-00', '4', '2015-04-10', '', '3'),
(72, 135, 13, 'Presentar DiseÃ±o de carpetas', '12', '5', '2015', '2015-07-12', '1', '1', '2015', '0000-00-00', '2', '2015-04-10', 'esperando confirmaciÃ³n\nlogo.__', '3'),
(73, 148, 3, 'Cobro del 30%', '1', '1', '2015', '2015-04-10', '1', '1', '2015', '2015-04-08', '3', '2015-04-10', 'Se LlamÃ³ Para Verificar.El Proceso ', '3'),
(74, 165, 2, 'Presentar analisis Interno', '11', '5', '2015', '2015-09-11', '1', '1', '2015', '0000-00-00', '5', '2015-04-10', '', '3'),
(75, 165, 15, 'Presentar investigaciÃ³n analisis', '1', '1', '2015', '2015-04-17', '1', '1', '2015', '0000-00-00', '5', '2015-04-10', '', '3'),
(76, 197, 6, 'DiseÃ±o de logo y manual de marca', '1', '1', '2015', '2015-04-13', '1', '1', '2015', '0000-00-00', '2', '2015-04-10', '', '3'),
(77, 198, 13, 'PrediseÃ±o Plantilla sitio web ', '8', '5', '2015', '2015-09-08', '1', '1', '2015', '0000-00-00', '2', '2015-04-10', 'esperar pago de la empresa\n', '3'),
(78, 150, 15, 'Seguimiento a uniforme para eventos', '1', '1', '2015', '2015-04-15', '1', '1', '2015', '0000-00-00', '5', '2015-04-10', '', '3'),
(79, 151, 13, 'CraciÃ³n de Etiquetas Mejoradas', '1', '1', '2015', '2015-04-10', '1', '1', '2015', '2015-04-10', '2', '2015-04-10', '', '3'),
(81, 12, 2, 'Realizar Modificaciones PÃ¡gina Web', '1', '1', '2015', '2015-04-15', '1', '1', '2015', '0000-00-00', '6', '2015-04-10', '', '3'),
(83, 199, 6, 'CreaciÃ³n de Banners', '1', '1', '2015', '2015-04-30', '1', '1', '2015', '0000-00-00', '2', '2015-04-10', 'se realizaron todos los banners que se encuentran en el folleto.', '3'),
(84, 199, 14, 'Seguimiento Marketing Online', '9', '5', '2015', '2015-09-09', '1', '1', '2015', '0000-00-00', '5', '2015-04-10', '', '3'),
(85, 50, 9, 'CreaciÃ³n de Indicadores en plataforma ', '1', '1', '2015', '2015-04-15', '1', '1', '2015', '2015-04-17', '6', '2015-04-10', '', '3'),
(86, 50, 15, 'PresentaciÃ³n InvestigaciÃ³n Competencia', '8', '5', '2015', '2015-06-08', '1', '1', '2015', '0000-00-00', '5', '2015-04-10', 'Preparar lugar para el evento. \n', '3'),
(87, 77, 13, 'Modificar Portafolio Corpoces', '1', '1', '2015', '2015-04-25', '1', '1', '2015', '0000-00-00', '2', '2015-04-11', '', '3'),
(88, 148, 14, 'Subir Fotos a las Redes Sociales', '1', '1', '2015', '2015-04-06', '1', '1', '2015', '0000-00-00', '5', '2015-04-11', 'Subirt todas las fotos y contenidos a ( fan Page - Instagram y Twitter)', '3'),
(89, 176, 6, 'Toma de Fotografias', '1', '1', '2015', '2015-04-15', '1', '1', '2015', '0000-00-00', '2', '2015-04-13', 'llamar al Bufalo y cuadrar toma de fotos, para que preparen los productos', '3'),
(90, 50, 3, 'Inventario de Activos de Conaxport', '15', '5', '2015', '2015-05-15', '1', '1', '2015', '2015-04-30', '3', '2015-04-13', 'Inventario FÃ­sico de Los bienes Muebles, y Equipo de ComputaciÃ³n e Oficina', '3'),
(91, 192, 9, 'DiseÃ±ar Sitio Web ', '1', '1', '2015', '2015-05-05', '1', '1', '2015', '2015-05-06', '6', '2015-04-14', 'Falta InformaciÃ³n de mision vision, valores y contacto en iede pagina del la pagina', '3'),
(92, 191, 13, 'CreaciÃ³n Manual de identidad', '1', '1', '2015', '2015-04-30', '1', '1', '2015', '0000-00-00', '2', '2015-04-14', '', '3'),
(93, 50, 3, 'OrganizaciÃ³n de Datos', '1', '1', '2015', '2015-04-13', '1', '1', '2015', '2015-04-16', '3', '2015-04-14', 'OrganizaciÃ³n de Datos Para ElaboraciÃ³n de Estados Financieros ', '3'),
(94, 50, 7, 'Seguimiento a clientes - Cumplir metas', '12', '5', '2015', '2015-09-12', '1', '1', '2015', '0000-00-00', '1', '2015-04-15', '', '4'),
(96, 50, 2, 'Seguimiento a Meta', '1', '1', '2015', '2015-04-30', '1', '1', '2015', '0000-00-00', '1', '2015-04-15', '', '3'),
(97, 191, 2, 'Preparar presentaciÃ³n de plan Secretarias', '1', '1', '2015', '2015-04-17', '1', '1', '2015', '0000-00-00', '5', '2015-04-15', 'Se cambio a secretarias por el mes de Mayo ', '3'),
(98, 50, 3, 'RealizaciÃ³n de DeclaraciÃ³n de Industria Y comercio ', '12', '5', '2015', '2015-05-12', '1', '1', '2015', '2015-05-05', '3', '2015-04-15', '', '3'),
(99, 50, 2, 'Enviar InformaciÃ³n de PÃ¡gina Web. La flor del lirio', '1', '1', '2015', '2015-04-16', '1', '1', '2015', '2015-04-18', '4', '2015-04-16', ' Correo: laflordellirio-1@hotmail.com\nWhatsapp: ', '3'),
(101, 20, 3, 'RenovaciÃ³n Dominio Calzado Rudins', '15', '5', '2015', '2015-05-15', '1', '1', '2015', '2015-04-28', '3', '2015-04-16', 'Notificar RenovaciÃ³n de Dominio ', '3'),
(102, 173, 3, 'Realizar y Enviar Cuenta de Cobro . Constructora Viviendas ', '1', '1', '2015', '2015-04-16', '1', '1', '2015', '2015-04-18', '3', '2015-04-16', 'Se EnviÃ³ Cuenta de Cobro por Correo. ', '3'),
(103, 35, 3, 'Cobro a Opita Shoes', '1', '1', '2015', '2015-04-17', '1', '1', '2015', '2015-04-17', '3', '2015-04-17', 'Se llamÃ³ que a las 2: 30 de la Tarde.', '3'),
(104, 50, 2, 'Crear CotizaciÃ³n para PEPE', '1', '1', '2015', '2015-04-19', '1', '1', '2015', '0000-00-00', '4', '2015-04-17', 'Pendiente a respuesta de CotizaciÃ³n\n', '3'),
(105, 50, 2, 'Crear CotizaciÃ³n Para Dra Marcela Garcia-Herreros', '1', '1', '2015', '2015-04-19', '1', '1', '2015', '0000-00-00', '4', '2015-04-17', '', '3'),
(106, 191, 2, 'Mandar a hacer Factureros', '1', '1', '2015', '2015-04-20', '1', '1', '2015', '0000-00-00', '4', '2015-04-17', 'Se entregaron factureros', '3'),
(107, 130, 2, 'Seguimiento a Bono Regalo -', '1', '1', '2015', '2015-04-20', '1', '1', '2015', '2015-05-09', '5', '2015-04-17', 'Se entrego Bono regalo en Bucaramanga', '3'),
(108, 15, 9, 'CreaciÃ³n de tareas en adminitracion', '1', '1', '2015', '2015-04-17', '1', '1', '2015', '2015-04-20', '6', '2015-04-21', '', '3'),
(109, 203, 13, 'DiseÃ±o de Tarjetas', '1', '1', '2015', '2015-04-23', '1', '1', '2015', '0000-00-00', '2', '2015-04-23', '', '3'),
(110, 205, 15, 'Analisis demografico de la zona Jugos', '5', '5', '2015', '2015-05-05', '1', '1', '2015', '0000-00-00', '5', '2015-04-23', '4 puntos a investigar', '3'),
(111, 205, 15, 'AnÃ¡lisis Previo de la competencia ', '3', '5', '2015', '2015-05-03', '1', '1', '2015', '0000-00-00', '5', '2015-04-23', '2 puntos a evaluar', '3'),
(112, 205, 15, 'Cuadrar ReuniÃ³n para entrega de Avances', '1', '1', '2015', '2015-05-17', '1', '1', '2015', '0000-00-00', '5', '2015-04-23', 'antes del 17 de mayo ', '3'),
(113, 205, 15, 'MediciÃ³n del Producto', '1', '1', '2015', '2015-05-17', '1', '1', '2015', '0000-00-00', '5', '2015-04-23', 'Degustacion del producto', '3'),
(114, 205, 15, 'AnÃ¡lisis de tendencias  e InnovaciÃ³n ', '1', '1', '2015', '2015-09-24', '1', '1', '2015', '0000-00-00', '5', '2015-04-23', '4 puntos para tocar.', '3'),
(115, 50, 2, 'Crear CotizaciÃ³n Pedro Venezuela', '1', '1', '2015', '2015-04-27', '1', '1', '2015', '0000-00-00', '4', '2015-04-27', 'Enviada hacer Seguimiento', '3'),
(116, 151, 15, 'Seguimiento 2do Evento', '1', '1', '2015', '2015-05-16', '1', '1', '2015', '0000-00-00', '5', '2015-04-27', '', '3'),
(117, 50, 14, 'Presentar plan de Fechas de Publicaciones Especiales', '1', '1', '2015', '2015-04-28', '1', '1', '2015', '0000-00-00', '5', '2015-04-27', '', '3'),
(118, 144, 9, 'Modificaciones del sitio web y darle DiseÃ±o ', '1', '1', '2015', '2015-04-27', '1', '1', '2015', '2015-04-29', '6', '2015-04-27', '', '3'),
(119, 165, 13, 'Modificaciones del Portafolio Ser Mujer - Ser  Papas', '1', '1', '2015', '2015-04-30', '1', '1', '2015', '0000-00-00', '2', '2015-04-27', '0\n', '3'),
(120, 50, 13, 'CreaciÃ³n Banner Dia del DiseÃ±ador', '1', '1', '2015', '2015-04-27', '1', '1', '2015', '0000-00-00', '2', '2015-04-27', '', '3'),
(121, 112, 13, 'CreaciÃ³n Banner dÃ­a del Bacteriologo', '1', '1', '2015', '2015-04-28', '1', '1', '2015', '0000-00-00', '2', '2015-04-27', '', '3'),
(122, 50, 13, 'CreaciÃ³n Banner DÃ­a del trabajador', '1', '1', '2015', '2015-04-01', '1', '1', '2015', '0000-00-00', '2', '2015-04-27', 'para - Conaxport - La Tertulia - Ser Mujer - Maxilim - Lab. Yamina - Cases Covers - jjtours - aleisa', '3'),
(123, 50, 13, 'Banners de mes de Madres', '1', '1', '2015', '2015-05-04', '1', '1', '2015', '0000-00-00', '2', '2015-04-27', 'Cases Covers - Aleisa Jeans - Maxilim - Ser Mujer - Laboratorio Yamina- la tertulia-USAboutique- Mapache', '3'),
(124, 159, 14, 'Subir fotos a la pÃ¡gina web', '1', '1', '2015', '0000-00-00', '1', '1', '2015', '0000-00-00', '5', '2015-04-28', '', '1'),
(125, 28, 9, 'Modificacion lady cerasy', '1', '1', '2015', '2015-05-02', '1', '1', '2015', '2015-05-02', '6', '2015-04-30', '.', '3'),
(126, 210, 2, 'Correo de InformaciÃ³n ', '1', '1', '2015', '2015-05-02', '1', '1', '2015', '2015-05-23', '4', '2015-05-02', 'Enviar informaciÃ³n- Correo ya enviado - InformaciÃ³n Entregada a juan David', '3'),
(127, 215, 14, 'crear cuenta instagram', '1', '1', '2015', '2015-05-02', '1', '1', '2015', '2015-05-04', '5', '2015-05-02', 'Ya estÃ¡n creadas.', '3'),
(128, 206, 13, 'baners publicitario ', '1', '1', '2015', '2015-05-02', '1', '1', '2015', '2015-05-03', '2', '2015-05-02', 'baners publicitario para dar inicio a su campaÃ±a politica crear un slogan', '3'),
(129, 212, 14, 'crer cuentas facebook y instagran', '1', '1', '2015', '2015-05-02', '1', '1', '2015', '2015-05-03', '5', '2015-05-02', 'Ya estÃ¡n creadas.', '3'),
(130, 213, 9, 'creaciÃ³n de plataforma', '20', '5', '2015', '2015-09-20', '1', '1', '2015', '2015-05-20', '6', '2015-05-02', '(3 proyectos ingresados con svg)\nFalta los planos de los proyectos y la pestaÃ±a de usuarios cuando ingresan', '3'),
(131, 213, 13, 'diseÃ±o de la pagina ', '15', '5', '2015', '2015-06-15', '1', '1', '2015', '2015-05-20', '2', '2015-05-02', 'diseÃ±o de la pagina de inicio_\nesperando imagen corporativa', '3'),
(132, 40, 9, 'pagina administrable', '1', '1', '2015', '2015-05-08', '1', '1', '2015', '2015-05-08', '6', '2015-05-02', 'tomar en cuenta www.conaxport.com/joyeria hacer las modificaciones ', '3'),
(133, 40, 13, 'diseÃ±o pagina web 1 gb administrable', '1', '1', '2015', '2015-05-06', '1', '1', '2015', '2015-05-06', '2', '2015-05-02', 'terner encuenta la plataforma www.conaxport.com/joyeria los colores corporativos son dorado y negro mejorar el color del logo el dorado hacer mas visible el logo quela pagina no se vea oscura mejorar el fondo con un blanco un color mas claro ', '3'),
(134, 40, 6, 'entrega de fotografÃ­as editadas', '1', '1', '2015', '2015-05-09', '1', '1', '2015', '2015-05-09', '2', '2015-05-02', 'entrega de fotografÃ­as editadas', '3'),
(135, 50, 13, 'diseÃ±o tirillas de pago', '1', '1', '2015', '2015-08-28', '1', '1', '2015', '2015-05-28', '2', '2015-05-02', 'realizar el nuevo diseÃ±o de las tirillas de pago', '3'),
(136, 174, 6, 'entrega fotografÃ­as editadas', '1', '1', '2015', '2015-05-09', '1', '1', '2015', '2015-05-09', '2', '2015-05-02', 'entrega fotografÃ­as editadas', '3'),
(137, 210, 13, 'Presentar PrediseÃ±o de la Pagina web', '1', '1', '2015', '2015-07-12', '1', '1', '2015', '0000-00-00', '2', '2015-05-04', 'AMWAY', '3'),
(138, 191, 6, 'Toma de Fotografias Mayo', '1', '1', '2015', '2015-05-09', '1', '1', '2015', '0000-00-00', '2', '2015-05-04', 'Asistir a tomar fotos de los siguientes tipos de productos: \n1. Conectividad ( cables)\n2. Mofi\n3. baterias inalambricas\n4. lifeproof\n5. other box\n6. Bose\n7. line ihealth ( line salud)\n8. Equipos', '3'),
(139, 191, 13, 'CreaciÃ³n de Firmas', '1', '1', '2015', '2015-05-07', '1', '1', '2015', '0000-00-00', '2', '2015-05-04', 'Se envÃ­o informaciÃ³n al correo Electronico', '3'),
(140, 191, 15, 'Entrega de Bonos En CÃºcuta', '1', '1', '2015', '2015-06-09', '1', '1', '2015', '0000-00-00', '5', '2015-05-04', 'Seguimiento a la entrega de bonos en CÃºcuta - A la espera de la llegada de los bonos', '3'),
(141, 216, 13, 'DiseÃ±o de Imagen Corporativa ', '1', '1', '2015', '2015-05-05', '1', '1', '2015', '2015-05-15', '2', '2015-05-05', 'El Brief se Encuentra en la Az de Clientes  ', '3'),
(143, 15, 9, 'Resolver problema tiempo Caducidad', '1', '1', '2015', '2015-09-09', '1', '1', '2015', '2015-05-11', '6', '2015-05-05', 'El proveedor godady no permite quitar permisos de aumentar caducidad de $_SESSION[] y permitir el plugin CREDITOR.js, solo cuando es un servido vps', '3'),
(144, 218, 14, 'CreaciÃ³n de Redes Sociales, y Postear seguidores 3.000', '1', '1', '2015', '2015-09-09', '1', '1', '2015', '2015-06-11', '5', '2015-05-07', 'Crear Twitter, Canal de Youtube.\nContactarse con el Sr . Ronald Peterson para el facebook', '3'),
(145, 219, 13, 'Crear prediseÃ±o de PÃ¡gina Web', '1', '1', '2015', '2015-07-09', '1', '1', '2015', '2015-05-26', '2', '2015-05-09', '', '3'),
(146, 194, 3, 'Enviar a Imprimir Tarjetas', '1', '1', '2015', '2015-05-09', '1', '1', '2015', '2015-05-11', '3', '2015-05-09', '', '3'),
(147, 218, 13, 'RealizaciÃ³n de Banners', '1', '1', '2015', '2015-05-09', '1', '1', '2015', '2015-05-11', '2', '2015-05-09', '', '3'),
(148, 40, 14, 'Enviar a Albert Link de Redes sociales', '1', '1', '2015', '2015-05-09', '1', '1', '2015', '2015-05-11', '5', '2015-05-09', '', '3'),
(149, 118, 13, 'crear banner', '1', '1', '2015', '2015-05-15', '1', '1', '2015', '0000-00-00', '2', '2015-05-11', '', '3'),
(150, 22, 9, 'Crear pestaÃ±a de Blog ', '1', '1', '2015', '2015-05-15', '1', '1', '2015', '0000-00-00', '2', '2015-05-12', 'Pagina subida\n', '3'),
(151, 184, 6, 'PresentaciÃ³n Propuesta de Logo ', '1', '1', '2015', '2015-07-16', '1', '1', '2015', '0000-00-00', '2', '2015-05-12', 'lalmativo, simple y con una iconografia ', '3'),
(152, 151, 15, 'Convocatoria Maxilim ', '1', '1', '2015', '0000-00-00', '1', '1', '2015', '0000-00-00', '5', '2015-05-12', 'Realizar convocatoria de trabajo(Computrabajo) para estrategia P.A.P ', '3'),
(153, 151, 13, 'Bono sorteo desprendible ', '1', '1', '2015', '2015-05-14', '1', '1', '2015', '0000-00-00', '2', '2015-05-12', '', '3'),
(154, 165, 6, 'Banner de las Instalaciones ', '1', '1', '2015', '2015-09-15', '1', '1', '2015', '0000-00-00', '2', '2015-05-12', '', '3'),
(155, 165, 6, 'Banner de las Instalaciones ', '1', '1', '2015', '2015-06-15', '1', '1', '2015', '0000-00-00', '2', '2015-05-12', '', '3'),
(156, 165, 6, 'Banner de las Instalaciones ', '1', '1', '2015', '2015-06-15', '1', '1', '2015', '0000-00-00', '2', '2015-05-12', '', '3'),
(157, 50, 15, 'Conferencia a Empresarios ', '1', '1', '2015', '2015-09-18', '1', '1', '2015', '0000-00-00', '5', '2015-05-12', 'Investigar base de datos de empresarios para invitaciÃ³n a Conferencia sobre la importancia de estar en la WEB ', '3'),
(158, 50, 15, 'Cotizar lugares para CapacitaciÃ³n a Empresarios ', '1', '1', '2015', '2015-06-18', '1', '1', '2015', '0000-00-00', '5', '2015-05-12', 'Investigar sitios para capacitar a los empresarios sobre el tema de la importancia en la Red', '3'),
(159, 151, 2, 'Portafolio institucional Maxilim ', '1', '1', '2015', '2015-09-22', '1', '1', '2015', '0000-00-00', '5', '2015-05-12', 'DiseÃ±ar portafolio institucional virtual de los productos Maxilim - cliente cancelado', '3'),
(160, 151, 6, 'DiseÃ±o de etiquetas Maxilim ', '1', '1', '2015', '2015-09-15', '1', '1', '2015', '0000-00-00', '2', '2015-05-12', '', '3'),
(161, 219, 13, 'Re-diseÃ±o imagen corporativa', '1', '1', '2015', '2015-05-01', '1', '1', '2015', '0000-00-00', '2', '2015-05-14', '', '3'),
(162, 211, 13, 'diseÃ±o de la plataforma para presentar ', '1', '1', '2015', '2015-06-26', '1', '1', '2015', '2015-05-26', '2', '2015-05-14', '26/05/2015 LlAMÃ‰ Y QUEDARON EN ENVIARME EL LOGO', '3'),
(163, 204, 2, 'preparar charla ', '1', '1', '2015', '2015-09-30', '1', '1', '2015', '2015-05-30', '4', '2015-05-14', 'Oratoria. lenguaje corporal 30/05/2015 oficinas credi cars a las 2pm - Se le dio caso a Juol Campos', '3'),
(164, 47, 2, 'InstalaciÃ³n de Formato de Factura ', '1', '1', '2015', '2015-09-14', '1', '1', '2015', '2015-05-30', '4', '2015-05-14', '', '3'),
(165, 15, 13, 'Firma de Heylin para Inquilino.', '1', '1', '2015', '2015-05-15', '1', '1', '2015', '2015-05-16', '2', '2015-05-15', '', '3'),
(166, 219, 13, 'Propuestas de logo', '1', '1', '2015', '2015-05-19', '1', '1', '2015', '0000-00-00', '2', '2015-05-19', 'Enviar propuesta de logo', '3'),
(167, 142, 15, 'Seguimiento Macrorrueda Alianza del pacifico', '1', '1', '2015', '2015-05-31', '1', '1', '2015', '0000-00-00', '5', '2015-05-19', 'Hacer seguimiento diario ', '3'),
(168, 65, 2, 'Seguimiento agenda Comercial Guatemala', '1', '1', '2015', '2015-06-21', '1', '1', '2015', '0000-00-00', '5', '2015-05-19', 'Se compraron ticketes -  Espera', '3'),
(169, 218, 13, 'Creacion de Banners para Marketing ', '1', '1', '2015', '2015-07-23', '1', '1', '2015', '0000-00-00', '2', '2015-05-19', '', '3'),
(170, 219, 9, 'Programar Sitio Web ', '1', '1', '2015', '2015-07-30', '1', '1', '2015', '0000-00-00', '6', '2015-05-19', 'Sitio web creada', '3'),
(171, 218, 14, 'Seguimiento a Seguidores', '1', '1', '2015', '2015-09-20', '1', '1', '2015', '0000-00-00', '5', '2015-05-19', 'Meta: alcanzar en redes sociales durante un mes  mas de 2000 Seguidores', '3'),
(172, 118, 2, 'Seguimiento a Colombia Moda', '1', '1', '2015', '2015-08-30', '1', '1', '2015', '0000-00-00', '5', '2015-05-19', 'DiseÃ±o de Stand, pago de Stand, temÃ¡tica, muestras ', '3'),
(173, 141, 6, 'Toma de Fotografias', '1', '1', '2015', '2015-06-21', '1', '1', '2015', '0000-00-00', '2', '2015-05-19', 'Cuadrar FotografÃ­as para Nueva colecciÃ³n ', '3'),
(175, 62, 6, 'Crear Banners de BEST', '1', '1', '2015', '2015-08-24', '1', '1', '2015', '0000-00-00', '2', '2015-05-19', 'Se termino el Marketing Online', '3'),
(176, 93, 2, 'Seguimiento y limpieza de Correos ', '1', '1', '2015', '2015-07-21', '1', '1', '2015', '0000-00-00', '6', '2015-05-19', '', '3'),
(177, 95, 2, 'Firmas para correos Electronicos', '1', '1', '2015', '2015-09-30', '1', '1', '2015', '0000-00-00', '6', '2015-05-19', 'Convertilas en TXT.', '3'),
(178, 21, 3, 'RenovaciÃ³n del Dominio', '1', '1', '2015', '2015-09-22', '1', '1', '2015', '0000-00-00', '3', '2015-05-19', 'No renovÃ³ Dominio ', '3'),
(179, 191, 15, 'Propuestas de Nueva Marca', '1', '1', '2015', '2015-09-21', '1', '1', '2015', '0000-00-00', '5', '2015-05-19', 'Reunir al equipo de DiseÃ±o y mercadeo para presentaciÃ³n de Nombres y nueva marca empresarial', '3'),
(180, 191, 6, 'Banners De productos ', '1', '1', '2015', '2015-07-23', '1', '1', '2015', '0000-00-00', '2', '2015-05-19', 'Crear banner de productos para cases covers', '3'),
(181, 191, 2, 'DefiniciÃ³n de Correo ElectrÃ³nicos', '1', '1', '2015', '2015-08-21', '1', '1', '2015', '0000-00-00', '5', '2015-05-19', '', '3'),
(182, 191, 15, 'Seguimiento a Bonos ', '1', '1', '2015', '2015-06-30', '1', '1', '2015', '0000-00-00', '5', '2015-05-19', 'Hacer seguimiento a Bonos (entrega-repartir-cange)', '3'),
(183, 191, 15, 'Nuevas Estrategias Cases ', '1', '1', '2015', '2015-09-21', '1', '1', '2015', '0000-00-00', '5', '2015-05-19', 'Reunir al equipo de Mercadeo - DiseÃ±o para presentar nuevas estrategias a empresa.', '3'),
(184, 192, 9, 'Subir sitio web al domino', '1', '1', '2015', '2015-09-22', '1', '1', '2015', '0000-00-00', '6', '2015-05-19', 'Error version php codigo no soportado array[], ejemplo: $variable["texto1","texto2"]; ', '3'),
(186, 91, 6, 'FotografÃ­as de Pagina web - Cerrar tema Pagina ', '1', '1', '2015', '2015-09-23', '1', '1', '2015', '0000-00-00', '2', '2015-05-20', '', '3'),
(188, 50, 15, 'Presentar InvestigaciÃ³n de mercadeo Empresa', '1', '1', '2015', '2015-06-23', '1', '1', '2015', '0000-00-00', '5', '2015-05-20', '6 de Junio de 2015 ', '3'),
(190, 185, 6, 'Toma de Fotografias ( URGENTE)', '1', '1', '2015', '2015-09-23', '1', '1', '2015', '0000-00-00', '2', '2015-05-20', 'Definir tema de fotografÃ­as con la empresa', '3'),
(191, 187, 13, 'Realizar banners de empresa', '1', '1', '2015', '2015-05-23', '1', '1', '2015', '0000-00-00', '2', '2015-05-20', 'para marketing Online ', '3'),
(192, 187, 14, 'Seguimiento a redes sociales', '1', '1', '2015', '2015-09-25', '1', '1', '2015', '0000-00-00', '5', '2015-05-20', 'Activar redes sociales - publicar Banners ', '3'),
(193, 185, 9, 'Programar sitio web de KYAM', '1', '1', '2015', '2015-09-21', '1', '1', '2015', '0000-00-00', '6', '2015-05-20', 'Web creada, falta informacion y contacto', '3'),
(194, 202, 6, 'Hacer seguimiento a etiquetas', '1', '1', '2015', '2015-09-22', '1', '1', '2015', '0000-00-00', '2', '2015-05-20', 'Tomar tema de la etiquetas de dicha empresa- ( llamar a Publicidad RincÃ³n para definir tema de entrega y pendiente). preguntar antes en que va este proceso\n', '3'),
(195, 213, 2, 'Definir Tema de Correos ElectrÃ³nicos ', '1', '1', '2015', '2015-08-01', '1', '1', '2015', '0000-00-00', '6', '2015-05-20', '', '3'),
(196, 76, 13, 'Banners de Inicio', '1', '1', '2015', '2015-05-23', '1', '1', '2015', '0000-00-00', '2', '2015-05-20', 'Realizar dos Banners de inicio para pagina de Corpoces. ', '3'),
(197, 144, 9, 'Realizar modificaciones ', '1', '1', '2015', '2015-06-23', '1', '1', '2015', '0000-00-00', '6', '2015-05-20', 'a la espera de pequeÃ±as mopdificaciones que enviara el Sr. Ricardo Modificacion de filtros con tamaÃ±os o tallas (checkbox-array[]-split(,)-checkbox selecionado [jquery{javascriopt}[.each(),for(),if()])', '3'),
(198, 144, 2, 'CreaciÃ³n de manual ', '1', '1', '2015', '2015-09-20', '1', '1', '2015', '0000-00-00', '6', '2015-05-20', 'Realizar manual de entrega de Plataforma web ', '3'),
(199, 144, 14, 'Marketing online - Posicionamiento', '26', '11', '2015', '2015-11-26', '1', '1', '2015', '0000-00-00', '5', '2015-05-20', 'Iniciar mes de MK-O para la empresa- se envÃ­o correo- estamos a la espera de claves y demÃ¡s informaciÃ³n ', '1'),
(200, 150, 6, 'Etiquetas', '1', '1', '2015', '2015-07-22', '1', '1', '2015', '0000-00-00', '2', '2015-05-20', 'Seguimiento a etiquetas ya realizadas y etiquetas por realizar -  ( ayuda de  Jhorman para gestionar el proceso) ', '3'),
(201, 150, 15, 'Definir tema de Merchandising', '1', '1', '2015', '2015-09-22', '1', '1', '2015', '0000-00-00', '5', '2015-05-20', 'Definir junto con FabiÃ¡n tema de Merchandising para productos de limpieza (CapacitaciÃ³n a impulsadora) ', '3'),
(202, 150, 15, 'Entrada a entidades', '1', '1', '2015', '2015-09-24', '1', '1', '2015', '0000-00-00', '5', '2015-05-20', 'Crear plan para entrar a entidades corporativas- plantear estrategia de vinculaciÃ³n\n', '3'),
(203, 150, 14, 'seguimiento a Mk online', '1', '1', '2015', '2015-09-22', '1', '1', '2015', '0000-00-00', '5', '2015-05-20', 'aumentar el mk online de la empresa', '3'),
(204, 150, 13, 'Plantilla Consejos Limpieza', '1', '1', '2015', '2015-05-23', '1', '1', '2015', '0000-00-00', '2', '2015-05-20', 'Crear plantilla de consejos de limpieza ', '3'),
(205, 216, 13, 'Logo', '1', '1', '2015', '2015-05-21', '1', '1', '2015', '0000-00-00', '2', '2015-05-20', 'Terminar ajustes del logo ( Letra L) - hacer manual de identidad__manual y logos enviados.', '3'),
(206, 216, 3, 'Cobro Final', '1', '1', '2015', '2015-05-23', '1', '1', '2015', '0000-00-00', '3', '2015-05-20', 'a la espera de que Juan David  entrege el manual de marca y defina el logo al 100% (PRESIONAR)', '3'),
(207, 210, 13, 'Digitalizar y Mejorar Logo', '1', '1', '2015', '2015-06-23', '1', '1', '2015', '0000-00-00', '2', '2015-05-20', 'Conservar logo, pero darle un poco mas de  diseÃ±o', '3'),
(208, 210, 2, 'Crear presentaciÃ³n del negocio', '1', '1', '2015', '2015-08-30', '1', '1', '2015', '0000-00-00', '6', '2015-05-20', 'esperar a logo de Juan David-plantilla diapositivas', '3'),
(209, 121, 2, 'Convertir Portafolio', '1', '1', '2015', '2015-07-21', '1', '1', '2015', '0000-00-00', '5', '2015-05-20', 'convertir virtualmente portafolio de productos.', '3'),
(210, 121, 3, 'Realizar Cobro Final', '1', '1', '2015', '2015-06-22', '1', '1', '2015', '0000-00-00', '3', '2015-05-20', 'Se llamÃ³ a la Sra Jenny. A la espera de que ella suba a la empresa', '3'),
(211, 114, 2, 'CotizaciÃ³n de talonarios', '1', '1', '2015', '2015-07-22', '1', '1', '2015', '0000-00-00', '4', '2015-05-20', 'Yesica lo realizo\n', '3'),
(212, 195, 6, 'RealizaciÃ³n de Manual de Identidad', '1', '1', '2015', '2015-07-22', '1', '1', '2015', '0000-00-00', '2', '2015-05-20', '', '3'),
(213, 195, 3, 'cobro Final', '1', '1', '2015', '2015-06-23', '1', '1', '2015', '0000-00-00', '3', '2015-05-20', 'A la espera de JOHAN DUARTE: Envie Manual', '3'),
(214, 62, 13, 'CreaciÃ³n de banner DÃ­a de la Madre', '1', '1', '2015', '0000-00-00', '1', '1', '2015', '0000-00-00', '2', '2015-05-20', 'Para todas las empresas de CÃºcuta.', '3'),
(215, 62, 13, 'Banner dÃ­a del comerciante ', '1', '1', '2015', '2015-05-20', '1', '1', '2015', '2015-05-23', '2', '2015-05-20', 'Best of usa Boutique, Conaxport y Maxilim ', '3'),
(216, 168, 13, 'Crear Tarjetas de presentaciÃ³n ', '1', '1', '2015', '2015-06-25', '1', '1', '2015', '0000-00-00', '2', '2015-05-20', 'Crear diseÃ±o de tarjetas- presentaciÃ³n (si la empresa no define logo-crearlas con la tipografia que mas consideren necesaria) NECESITAMOS AVANZAR', '3'),
(217, 166, 13, 'Crear diseÃ±o web ', '9', '6', '2015', '2015-09-09', '1', '1', '2015', '0000-00-00', '2', '2015-05-20', 'Crear diseÃ±o web para empresa: ', '3'),
(218, 167, 6, 'Portafolio', '1', '1', '2015', '2015-09-02', '1', '1', '2015', '0000-00-00', '2', '2015-05-20', 'Crear portafolio de servicios de acuerdo a imagen ', '3'),
(219, 15, 13, 'Imagen Corporativa de Inquilino', '1', '1', '2015', '2015-08-24', '1', '1', '2015', '0000-00-00', '2', '2015-05-20', 'Crear imagen corporativa- firmas - Sello ', '3'),
(221, 15, 2, 'Crear correos ElectrÃ³nicos pertinente', '6', '6', '2015', '2015-09-06', '1', '1', '2015', '0000-00-00', '6', '2015-05-20', 'Correos pertinentes ', '3'),
(222, 176, 2, 'Manual de Usabilidad ', '1', '1', '2015', '2015-05-21', '1', '1', '2015', '0000-00-00', '6', '2015-05-20', 'Crear manual de usabilidad web, para entrega.', '3'),
(223, 174, 3, 'Cobro Final ', '1', '1', '2015', '2015-05-23', '1', '1', '2015', '0000-00-00', '3', '2015-05-20', 'Cobro restante de empresa.', '3'),
(224, 199, 3, 'Cobro restante', '1', '1', '2015', '2015-05-23', '1', '1', '2015', '0000-00-00', '3', '2015-05-20', '', '3'),
(225, 40, 9, 'Subir Pagina Web ', '1', '1', '2015', '2015-05-23', '1', '1', '2015', '0000-00-00', '6', '2015-05-20', 'Actulizacion servidor php array no soportado array[]; versiÃ³n cambiada de php 5.2 a 5.4', '3'),
(226, 40, 14, 'Alimentar Web', '9', '6', '2015', '2015-09-09', '1', '1', '2015', '0000-00-00', '5', '2015-05-20', 'alimentar sitio web de joyerÃ­a melissa', '3'),
(227, 40, 3, 'Cobro Final', '11', '6', '2015', '2015-06-11', '1', '1', '2015', '0000-00-00', '3', '2015-05-20', 'cobro final- a la espera de la entrega del sitio web', '3'),
(228, 108, 14, 'Alimentar Redes ', '1', '1', '2015', '2015-09-23', '1', '1', '2015', '0000-00-00', '5', '2015-05-20', 'alimentar redes sociales ', '3'),
(229, 108, 2, 'Actualizar Pagina', '1', '1', '2015', '2015-05-24', '1', '1', '2015', '0000-00-00', '6', '2015-05-20', 'Actualizar Sitio web .', '3'),
(232, 112, 2, 'Capacitacion Final', '12', '6', '2015', '2015-09-12', '1', '1', '2015', '0000-00-00', '5', '2015-05-20', 'Preparar Jornada de capacitaciones - Jhorman', '3'),
(233, 28, 14, 'Alimentar Sitio Web', '7', '6', '2015', '2015-09-07', '1', '1', '2015', '0000-00-00', '5', '2015-05-20', '', '3'),
(234, 28, 2, 'Manual de entrega ', '1', '1', '2015', '2015-05-23', '1', '1', '2015', '0000-00-00', '6', '2015-05-20', 'Manual de entrega del sitio web.', '3'),
(236, 28, 3, 'Cobro final', '9', '6', '2015', '2015-06-09', '1', '1', '2015', '0000-00-00', '3', '2015-05-20', 'Presionar a entrega para hacer cobro', '3'),
(237, 132, 2, 'Manual Pagina', '8', '6', '2015', '2015-09-08', '1', '1', '2015', '0000-00-00', '6', '2015-05-20', 'Crear manual de sitio web ', '3'),
(238, 206, 13, 'DiseÃ±o de Banners', '7', '6', '2015', '2015-07-07', '1', '1', '2015', '0000-00-00', '2', '2015-05-20', 'CreaciÃ³n de Banners', '3'),
(240, 179, 13, 'CreaciÃ³n de Tarjetas', '1', '1', '2015', '2015-09-01', '1', '1', '2015', '0000-00-00', '2', '2015-05-20', 'Presentar propuesta de tarjetas - a la espera que yesica de  orden de iniciaciÃ³n__PENDIENTE INFORMACIÃ“N.', '3'),
(241, 180, 13, 'Portafolio creacion', '1', '1', '2015', '2015-09-04', '1', '1', '2015', '0000-00-00', '2', '2015-05-20', 'Crear portafolio de servicios - ( pedir InformaciÃ³n a la empresa)', '3'),
(242, 181, 13, 'DiseÃ±o Web', '1', '1', '2015', '2015-09-04', '1', '1', '2015', '0000-00-00', '2', '2015-05-20', 'Presentar diseÃ±o web- Pagina informativa sencilla', '3'),
(243, 181, 9, 'programar sitio web', '1', '1', '2015', '2015-09-05', '1', '1', '2015', '0000-00-00', '6', '2015-05-20', 'pagina informativa - Sencilla - sin administrador de contenido', '3'),
(244, 215, 6, 'Toma de Fotografias', '4', '6', '2015', '2015-09-04', '1', '1', '2015', '0000-00-00', '2', '2015-05-20', 'Cuadrar reuniÃ³n con empresa para toma de fotografÃ­as ', '3'),
(245, 215, 6, 'CreaciÃ³n de Banners', '11', '6', '2015', '2015-09-11', '1', '1', '2015', '0000-00-00', '2', '2015-05-20', 'Crear banners para publicaciones - despuÃ©s de fotografiasd', '3'),
(246, 215, 14, 'Seguimiento a Marketing', '8', '6', '2015', '2015-09-08', '1', '1', '2015', '0000-00-00', '5', '2015-05-20', 'Seguimiento a marketing online', '3'),
(247, 205, 15, 'Presentar informe Final', '7', '6', '2015', '2015-07-07', '1', '1', '2015', '0000-00-00', '5', '2015-05-20', 'Cuadrar propuesta con FabiÃ¡n ', '3'),
(249, 190, 15, 'Definir tema ', '1', '1', '2015', '2015-05-23', '1', '1', '2015', '0000-00-00', '5', '2015-05-20', 'Cerrar tema de empresa - que vamos a hacer?', '3'),
(250, 136, 13, 'Crear diseÃ±o web', '1', '1', '2015', '2015-05-30', '1', '1', '2015', '0000-00-00', '2', '2015-05-20', 'crear plantilla web__26/05/2015 jhohan llamÃ³, a la espera.', '3'),
(251, 136, 13, 'DiseÃ±o web', '1', '1', '2015', '2015-09-05', '1', '1', '2015', '0000-00-00', '2', '2015-05-20', 'crear diseÃ±o del sitio web__26/05/2015 jhohan llamÃ³, a la espera.', '3'),
(252, 136, 9, 'Programar sitio web', '14', '6', '2015', '2015-09-14', '1', '1', '2015', '0000-00-00', '6', '2015-05-20', 'Sitio sin administrador de contenido- sencillo e informativo', '3'),
(253, 149, 3, 'Cobro final', '10', '6', '2015', '2015-06-10', '1', '1', '2015', '0000-00-00', '3', '2015-05-20', 'Cobro final - Incluir Modificaciones ', '3'),
(254, 191, 15, 'CotizaciÃ³n de elementos ', '1', '1', '2015', '0000-00-00', '1', '1', '2015', '0000-00-00', '5', '2015-05-20', 'Seguimiento a cotizaciones para cases and covers ', '2'),
(255, 112, 2, 'Analisis de persona', '24', '5', '2015', '0000-00-00', '0', '0', '', '0000-00-00', '', '2015-05-21', '', '1'),
(256, 112, 2, 'Analisis del personal', '8', '6', '2015', '2015-09-08', '1', '1', '2015', '0000-00-00', '5', '2015-05-21', 'A la espera de la informaciÃ³n de Lista - Jhorman', '3'),
(257, 112, 2, 'Analisis Externo ', '1', '1', '2015', '2015-05-24', '1', '1', '2015', '2015-05-27', '5', '2015-05-21', '', '3'),
(258, 205, 15, 'Reforzar evaluaciÃ³n de frecuencia en la zona ', '1', '1', '2015', '0000-00-00', '1', '1', '2015', '0000-00-00', '5', '2015-05-22', 'Realizar un ronda por el sector, identificar lugares donde se pueda ejecutar la idea de negocio y pedir a inquilino nos contrate el lugar ', '3'),
(259, 205, 15, 'Viabilidad del producto en la zona ', '1', '1', '2015', '2015-06-05', '1', '1', '2015', '0000-00-00', '5', '2015-05-22', 'Grabar vÃ­deos en la zona, indagando informaciÃ³n ', '3'),
(260, 112, 15, 'Informe Yamina Cumplido ', '6', '6', '2015', '2015-06-06', '1', '1', '2015', '0000-00-00', '5', '2015-05-22', 'Pedir lista de empleados, falencias que se han detectado, preparar diapositivas  ', '3'),
(261, 191, 15, 'Seguimiento estrategia bonos ', '6', '6', '2015', '2015-06-06', '1', '1', '2015', '0000-00-00', '5', '2015-05-22', 'Llamar a las sedes de Bucaramanga para ver como se ha recibido dicha estrategia ', '3'),
(263, 211, 13, 'DiseÃ±o Banners', '4', '6', '2015', '2015-07-04', '1', '1', '2015', '0000-00-00', '2', '2015-05-22', 'DiseÃ±ar banners de Vargas Nossa  con los servicios- uno por servicios- ( pedir servicios a paola Gomez) - Ver el BRIEF\n', '3'),
(269, 211, 13, 'diseÃ±o pagina web', '5', '6', '2015', '2015-06-05', '1', '1', '2015', '0000-00-00', '2', '2015-05-22', 'se envio un correo electronico solicitando el logo para realizar el diseÃ±o,la entrega del diseÃ±o de la plataforma principal es para el dia 10/05/2015 el cual debera programar una reunion para enseÃ±arle el diseÃ±o, los datos del cliente estan en la plataforma por favor como encargado del area realizar dicho seguimiento para que la culminacion de la tarea  sea efectiva, despues de realizada la tarea el direccionamiento sera con albert para la programacion y el diseÃ±o del resto de la paguina como cliente la solicito el cual me encarge de presentarle el dia de la entrega del brif  la programacion solicitada por este cliente, albert y ud estan notificados el diseÃ±o y direccionamiento de la pagina el cliente solicito  propuestas las cuales como ya mensione deberan presentarce el dia 10/05/2015 __\nESPERANDO LOGO___26/05/2015 llamÃ© y quedaron en enviarme logo.', '3'),
(270, 211, 9, 'programacion de la plataforma', '11', '6', '2015', '2015-09-11', '1', '1', '2015', '0000-00-00', '6', '2015-05-22', 'Siti web creada, falta contacto, numeros de telefono, direcciÃ³n, pestaÃ±a quienes somos', '3'),
(274, 223, 13, 'DiseÃ±o de Imagen Corporativa', '16', '6', '2015', '2015-08-16', '1', '1', '2015', '2015-05-04', '2', '2015-05-26', '\n', '3'),
(275, 224, 14, 'Marketing On Line', '16', '6', '2015', '2015-09-16', '1', '1', '2015', '2015-06-26', '5', '2015-05-26', '', '3'),
(276, 222, 15, 'RecopilaciÃ³n de informaciÃ³n', '3', '6', '2015', '2015-07-03', '1', '1', '2015', '2015-05-30', '5', '2015-05-26', '', '3'),
(277, 191, 2, 'Cliente oculto', '8', '6', '2015', '2015-08-08', '1', '1', '2015', '2015-05-29', '5', '2015-05-26', 'Enviar personas para infiltraciÃ³n de confianza ', '3'),
(278, 191, 2, 'Protocolo de servicio', '1', '1', '2015', '2015-05-29', '1', '1', '2015', '0000-00-00', '5', '2015-05-26', 'Se envÃ­o protocolo de servicios, dicho protocolo se debe hacer experimental con el grupo', '3'),
(279, 191, 2, 'Protocolo de redes sociales ', '10', '6', '2015', '2015-06-10', '1', '1', '2015', '0000-00-00', '5', '2015-05-26', '', '3'),
(280, 191, 2, 'Propuesta centro comercial ', '1', '1', '2015', '2015-05-30', '1', '1', '2015', '0000-00-00', '5', '2015-05-26', 'ter', '3'),
(281, 191, 13, 'diseÃ±o de hablador ', '1', '1', '2015', '2015-05-30', '1', '1', '2015', '0000-00-00', '2', '2015-05-26', 'Si no le entregamos la factura su producto sera gratis ', '3'),
(282, 256, 15, 'investigar locales en centros comerciales de Barranquilla', '7', '6', '2015', '2015-09-07', '1', '1', '2015', '0000-00-00', '5', '2015-05-26', '', '3'),
(283, 191, 13, 'diseÃ±o de BuzÃ³n ', '1', '1', '2015', '2015-05-30', '1', '1', '2015', '0000-00-00', '2', '2015-05-26', 'DiseÃ±ar buzÃ³n de sugerencias en forma de Iphone', '3'),
(284, 191, 15, 'Cotizar ', '1', '1', '2015', '2015-05-30', '1', '1', '2015', '0000-00-00', '5', '2015-05-26', 'Cotizar 1000 y 2000 baterÃ­as portÃ¡tiles para celulares 3000 mili amperios ', '3'),
(286, 191, 2, 'Plan ', '7', '6', '2015', '2015-08-07', '1', '1', '2015', '0000-00-00', '5', '2015-05-26', 'Plan de incentivos para empleados', '3'),
(287, 191, 2, 'Propuesta ', '1', '1', '2015', '2015-05-30', '1', '1', '2015', '2015-05-28', '5', '2015-05-26', 'Propuesta UNISIMON', '3'),
(288, 187, 6, 'Banner marketing online', '12', '6', '2015', '2015-09-12', '1', '1', '2015', '0000-00-00', '2', '2015-05-26', '', '3'),
(289, 55, 13, 'RediseÃ±o de PÃ¡gina Web ', '5', '6', '2015', '2015-06-05', '1', '1', '2015', '2015-05-03', '2', '2015-05-26', '   Verificar pÃ¡gina existente en este enlace, y rediseÃ±ar.                                                            http://inmobiliariaprovase.com.co/cerrado_guard_12031545/___MARELSA', '3'),
(290, 151, 13, 'Afiche ', '1', '1', '2015', '2015-05-28', '1', '1', '2015', '0000-00-00', '2', '2015-05-27', 'Afiche publicitario MAXILIM: 60 cm alto- 40 cm ancho', '3'),
(291, 151, 13, 'Hablador Maxilim ', '1', '1', '2015', '2015-05-28', '1', '1', '2015', '0000-00-00', '2', '2015-05-27', 'Hablador modelo lavanda azul MAXILIM: 25 de alto- 15 ancho', '3'),
(292, 151, 13, 'Pliego logo ', '1', '1', '2015', '2015-05-28', '1', '1', '2015', '0000-00-00', '2', '2015-05-27', 'Pliego de papel con logos consecutivos Maxilim ', '3'),
(294, 225, 13, 'diseÃ±o de la plataforma ', '1', '1', '2015', '2015-06-11', '1', '1', '2015', '2015-06-11', '2', '2015-05-28', 'la informaciÃ³n que solicite para realizar el diseÃ±o se lo puede pedir a la ingeniera Mari luz la cual la puede comunicar en el siguiente numero telefonico 5836464 solicite el logo de ifinorte y lo que necesite con ella nosotros presentamos una plantilla ya se la envio al correo con el brif ', '3'),
(295, 225, 9, 'programacion de la pagina web ifinorte', '1', '1', '2015', '2015-09-19', '1', '1', '2015', '2015-06-11', '6', '2015-05-28', 'Creada, falta  como sera el proceso de sitio administrador de creditos y sitio de usuarios como visualizarlos, etiquetas a sin href (footer)  [ ingeniera Mary luz al numero 5836464]', '3'),
(297, 222, 13, 'Valla publicitaria ', '1', '1', '2015', '2015-06-02', '1', '1', '2015', '0000-00-00', '2', '2015-06-02', 'Medidas 1.40 alto - 2.20 ancho.   Que lleve el logo de Zree a un lado, y que diga algo como "Pronto algo cambiara tu vida" #ViveZree (imagen)', '3'),
(298, 50, 2, 'Crear Contrato Albert Arias ', '1', '1', '2015', '2015-09-06', '1', '1', '2015', '0000-00-00', '4', '2015-06-02', 'Formalizar contrato de PrestaciÃ³n de Servicios Albert', '3'),
(299, 213, 2, 'CapacitaciÃ³n Correos ', '1', '1', '2015', '2015-06-04', '1', '1', '2015', '0000-00-00', '4', '2015-06-03', 'Preparar CapacitaciÃ³n de correo electronicos', '3'),
(301, 50, 17, 'Diligenciar formato de estrategia ', '1', '1', '2015', '2015-05-04', '1', '1', '2015', '0000-00-00', '5', '2015-06-03', 'Preguntarle a Heylin cuanto vale el alquiler del Video Beam, refrigerio y el resto de costos de logÃ­stica.', '3'),
(303, 50, 9, 'Poner Barra Conaxport ', '1', '1', '2015', '2015-06-12', '1', '1', '2015', '0000-00-00', '6', '2015-06-04', 'Poner la Barra de Conaxport a todas las paginas web Hechas,', '3'),
(305, 191, 13, 'Banner Tienda Florida ', '1', '1', '2015', '2015-06-09', '1', '1', '2015', '0000-00-00', '2', '2015-06-09', 'Crear banner del centro comercial LA FLORIDA en Bucaramanga\n', '3'),
(306, 31, 3, 'RenovaciÃ³n de Dominio', '1', '1', '2015', '2015-06-10', '1', '1', '2015', '2015-06-10', '3', '2015-06-11', 'Cobro de RenovaciÃ³n', '3'),
(307, 22, 3, 'Cobro de RenovaciÃ³n de Dominio ', '1', '1', '2015', '2015-06-09', '1', '1', '2015', '2015-06-10', '3', '2015-06-16', '', '3'),
(308, 65, 2, 'Enviar Correos electrÃ³nicos de agradecimiento Guatemala ', '1', '1', '2015', '2015-07-19', '1', '1', '2015', '2015-06-27', '4', '2015-06-18', '', '3'),
(309, 77, 13, 'ModificaciÃ³n de Brochure ', '1', '1', '2015', '2015-06-18', '1', '1', '2015', '2015-06-20', '2', '2015-06-18', 'Por correo ElectrÃ³nico se enviÃ³ solicitud de Corpoces, de agregar el Objeto Social al Brochure', '3'),
(310, 228, 3, 'Enviar a Imprimir Tarjetas', '1', '1', '2015', '2015-06-18', '1', '1', '2015', '2015-06-20', '3', '2015-06-18', '', '3'),
(311, 55, 9, 'Recrear plataforma web', '1', '1', '2015', '2015-07-05', '1', '1', '2015', '0000-00-00', '6', '2015-06-19', '', '3'),
(312, 213, 3, 'Enviar Cuenta de Cobro del Mes ', '1', '1', '2015', '2015-06-20', '1', '1', '2015', '2015-06-19', '3', '2015-06-20', '', '3'),
(313, 206, 3, 'GestiÃ³n de Cobro de Mes de Marketing On Line ', '1', '1', '2015', '2015-07-22', '1', '1', '2015', '0000-00-00', '3', '2015-06-20', '', '3'),
(314, 205, 3, 'Cobro Final ', '1', '1', '2015', '2015-06-24', '1', '1', '2015', '2015-06-28', '3', '2015-06-25', '', '3'),
(315, 225, 3, 'Cobro a Ifinorte ', '1', '1', '2015', '2015-06-24', '1', '1', '2015', '2015-06-27', '3', '2015-06-27', '', '3'),
(316, 128, 9, 'Limpiar pagina desde cero', '1', '1', '2015', '2015-07-15', '1', '1', '2015', '0000-00-00', '6', '2015-07-02', '', '3'),
(317, 45, 2, ' correos y contraseÃ±as', '1', '1', '2015', '2015-07-04', '1', '1', '2015', '0000-00-00', '4', '2015-07-02', '', '3'),
(318, 128, 2, 'Ligar productos', '1', '1', '2015', '2015-09-10', '1', '1', '2015', '0000-00-00', '4', '2015-07-02', 'No se ligaron los producto debido a que la Srta Carolina no envÃ­o en PDF Complero', '3');
INSERT INTO `tareas` (`id_tarea`, `segui_id`, `admin_id`, `tare_nam`, `DI`, `MI`, `AI`, `fechain_tar`, `DF`, `MF`, `AF`, `fechafin_tar`, `area_tarea`, `fecha_ing`, `descrip_tarea`, `esta_tar`) VALUES
(320, 191, 2, 'Enviar Correo de Bose ', '1', '1', '2015', '2015-07-10', '1', '1', '2015', '2015-07-13', '5', '2015-07-04', 'Enviar publicaciones y concurso Bose.', '3'),
(321, 191, 2, 'Compra Dominio Cases ', '1', '1', '2015', '2015-07-07', '1', '1', '2015', '0000-00-00', '4', '2015-07-04', 'dominio comprado a la espera de ligarlo', '3'),
(322, 191, 9, 'Cambiar Hosting de Cases Covers', '1', '1', '2015', '2015-08-08', '1', '1', '2015', '0000-00-00', '6', '2015-07-04', 'Esperar que FabiÃ¡n Compre el nuevo hosting', '3'),
(324, 191, 15, 'Crear plan Pasarela Tecnologica', '1', '1', '2015', '2015-09-11', '1', '1', '2015', '0000-00-00', '5', '2015-07-04', 'Cuadrar Con FabiÃ¡n ', '3'),
(325, 191, 13, 'Banner Soluciones Tecnicas', '1', '1', '2015', '2015-07-08', '1', '1', '2015', '0000-00-00', '2', '2015-07-04', 'Crear un banner de soluciones tÃ©cnicas ( soporte tÃ©cnico) dando a conocer el servicio en la tienda\n', '3'),
(326, 219, 13, 'Reajustar DiseÃ±o Web', '1', '1', '2015', '2015-07-09', '1', '1', '2015', '0000-00-00', '2', '2015-07-04', 'Hacer ciertos cambios en el diseÃ±o ( preguntar a FabiÃ¡n)', '3'),
(327, 222, 2, 'Plan Organizacional', '1', '1', '2015', '2015-07-12', '1', '1', '2015', '0000-00-00', '4', '2015-07-04', 'Crear plan Organizacional para el Exito de Cepyn ', '3'),
(328, 222, 17, 'Seguimiento Registro de Marca', '1', '1', '2015', '2015-09-11', '1', '1', '2015', '0000-00-00', '5', '2015-07-04', 'Realizar seguimiento de registro de marca', '3'),
(329, 231, 13, 'Crear Hoja Membrete', '1', '1', '2015', '2015-07-07', '1', '1', '2015', '0000-00-00', '2', '2015-07-04', '', '3'),
(330, 231, 6, 'Vectorizar logo', '1', '1', '2015', '2015-07-07', '1', '1', '2015', '0000-00-00', '2', '2015-07-04', 'Vectorizar logo de ALEISA JEANS y colocar simbolo de marca registrada', '3'),
(331, 113, 6, 'DiseÃ±o de facturero y cotizaciÃ³n ', '1', '1', '2015', '2105-07-11', '1', '1', '2015', '0000-00-00', '2', '2015-07-10', '', '2'),
(332, 133, 6, 'ElaboraciÃ³n de manual de marca11', '1', '1', '2015', '2015-07-11', '1', '1', '2015', '0000-00-00', '2', '2015-07-10', '', '3'),
(333, 113, 6, 'DiseÃ±o de facturero y cotizaciÃ³n', '1', '1', '2015', '2015-07-11', '1', '1', '2015', '0000-00-00', '2', '2015-07-10', 'diseÃ±o aprovado por parte del Sr Raul Bareiro', '3'),
(334, 222, 6, 'DiseÃ±o de tarjetas  ', '1', '1', '2015', '2015-09-13', '1', '1', '2015', '0000-00-00', '2', '2015-07-10', '1 DiseÃ±o de tarjetas para CEPYN y 1 DiseÃ±o de tarjetas personales para FRANCISCO ', '3'),
(335, 50, 13, 'Banners Marketing Online', '1', '1', '2015', '2015-09-18', '1', '1', '2015', '0000-00-00', '2', '2015-07-17', ' TurÃ­n - Acicuv - Vargas Nossa - Maxilim - Cases Covers - Aleisa jeans', '3'),
(336, 235, 6, 'DiseÃ±o de Imagen Corporativa', '1', '1', '2015', '2015-08-24', '1', '1', '2015', '0000-00-00', '2', '2015-07-17', 'DiseÃ±ar Logo de empresa- basarse en Brief y recomendaciones de Jhorman ', '3'),
(337, 236, 13, 'DiseÃ±o de Plataforma web 		', '1', '1', '2015', '2015-08-31', '1', '1', '2015', '0000-00-00', '2', '2015-07-17', 'DiseÃ±ar Sitio Web Personalizado', '3'),
(338, 234, 14, 'Redeso sociales: Marketing online ', '1', '1', '2015', '2015-09-24', '1', '1', '2015', '0000-00-00', '5', '2015-07-17', 'Creacion de redes sociales: \nAbrir correo:\nInstagram:\n\nesperar logo para iniciar Marketing', '3'),
(339, 230, 9, 'Terminar DiseÃ±o del Sitio Web', '1', '1', '2015', '2015-07-23', '1', '1', '2015', '0000-00-00', '6', '2015-07-17', 'Subir el  sitio web a la pagina principal, preguntar modificaciones', '3'),
(340, 225, 3, 'Realizar Cuenta de Cobro', '1', '1', '2015', '2015-07-20', '1', '1', '2015', '2015-07-24', '3', '2015-07-24', '', '3'),
(341, 206, 3, 'Realizar 3 Cobro', '1', '1', '2015', '0000-00-00', '1', '1', '2015', '2015-07-30', '3', '2015-07-25', '', '1'),
(342, 211, 3, 'Realizar Cuenta de Cobro, del 2 Abono', '1', '1', '2015', '2015-08-20', '1', '1', '2015', '2015-07-30', '3', '2015-07-25', 'Se enviÃ³ por correo electronico,  realizar seguimiento telefonico', '3'),
(343, 185, 3, 'Realizar Cuenta de Cobro del 2 Pago', '28', '9', '2015', '2015-09-28', '1', '1', '2015', '2015-07-30', '3', '2015-07-25', 'Se RealizÃ³ CancelaciÃ³n de algunos servicios y se procediÃ³ a cobrar precio Unitario ', '3'),
(344, 50, 3, 'Preparar InformaciÃ³n Contable', '1', '1', '2015', '2015-10-23', '1', '1', '2015', '2015-07-30', '3', '2015-07-25', '', '3'),
(345, 72, 2, 'Cambios en pagina Web ', '1', '1', '2015', '2015-09-29', '1', '1', '2015', '0000-00-00', '6', '2015-07-27', 'Realizar cambios a la pagina web - proceso enviado a albert', '3'),
(346, 184, 6, 'ElaboraciÃ³n de Manual de Marca', '1', '1', '2015', '2015-07-27', '1', '1', '2015', '0000-00-00', '2', '2015-07-27', '', '3'),
(347, 48, 2, 'Cambios a la pÃ¡gina web VERZAD ', '1', '1', '2015', '2015-08-29', '1', '1', '2015', '0000-00-00', '6', '2015-07-27', 'Realizar cambios a pagina web ', '3'),
(348, 121, 2, 'Portafolio Full Gloss ', '1', '1', '2015', '2015-08-29', '1', '1', '2015', '0000-00-00', '6', '2015-07-27', 'Subir a la web el portafolio actualizado. ', '3'),
(349, 235, 6, 'Propuesta de logo ', '1', '1', '2015', '2015-08-28', '1', '1', '2015', '0000-00-00', '2', '2015-07-27', 'Realizar propuestas de logo.', '3'),
(350, 219, 9, 'ProgramaciÃ³n plataforma Web', '1', '1', '2015', '2015-09-01', '1', '1', '2015', '0000-00-00', '6', '2015-07-27', 'Presentar Avances de plataforme', '3'),
(351, 145, 9, 'Cambios a la plataforma', '1', '1', '2015', '2015-09-28', '1', '1', '2015', '0000-00-00', '6', '2015-07-27', 'Realizar cambios solicitados a la plataforma web ', '3'),
(352, 136, 13, 'Propuesta de diseÃ±o ', '1', '1', '2015', '2015-07-30', '1', '1', '2015', '0000-00-00', '2', '2015-07-27', 'Realizar propuesta de diseÃ±o de pagina web ', '3'),
(353, 132, 13, 'RediseÃ±o de plataforma', '1', '1', '2015', '2015-08-03', '1', '1', '2015', '0000-00-00', '2', '2015-07-27', 'Presentar propuesta de diseÃ±o de plataforma web ', '3'),
(354, 213, 13, 'Planos ', '1', '1', '2015', '2015-08-27', '1', '1', '2015', '0000-00-00', '2', '2015-07-27', 'Planos pagina web de Celeus', '3'),
(355, 205, 2, 'Presentar propuesta', '1', '1', '2015', '2015-09-03', '1', '1', '2015', '0000-00-00', '5', '2015-07-27', 'Realizar propuesta formal de la actividad que se va a realizar (Encuesta disfrazada)', '3'),
(356, 185, 15, 'Realizar seguimiento ', '1', '1', '2015', '2015-09-28', '1', '1', '2015', '0000-00-00', '5', '2015-07-27', 'Seguimiento a los servicios de KYAM (Etiquetas, tarjetas, pagina web)', '3'),
(358, 235, 13, 'Propuesta de logo', '1', '1', '2015', '2015-08-03', '1', '1', '2015', '0000-00-00', '2', '2015-08-01', 'Propuesta de logo para la empresa Alianza Jeans', '3'),
(359, 205, 2, 'Propuesta', '1', '1', '2015', '2015-08-06', '1', '1', '2015', '0000-00-00', '5', '2015-08-03', 'Presentar propuesta de encuesta oculta, sobre viabilidad de cambio de sede de AQUÃ ENTRE NIÃ‘OS. ', '3'),
(360, 211, 9, 'Agregar menÃº de procesos ', '1', '1', '2015', '2015-08-06', '1', '1', '2015', '0000-00-00', '6', '2015-08-03', 'Agregar menÃº de procesos a la pagina de Vargas Nossa y asociados. ', '3'),
(361, 225, 13, 'Fotos ', '1', '1', '2015', '2015-08-06', '1', '1', '2015', '0000-00-00', '2', '2015-08-03', 'Editar fotos de IFINORTE ', '3'),
(362, 238, 13, 'Realizar Banner ', '1', '1', '2015', '2015-08-04', '1', '1', '2015', '0000-00-00', '2', '2015-08-04', 'DiseÃ±ar Banner de promociÃ³n de Pizza Mega-Pizza Cancha ', '3'),
(363, 93, 2, 'Propuesta de plataforma ', '1', '1', '2015', '2015-09-05', '1', '1', '2015', '0000-00-00', '4', '2015-08-04', 'Se paso solicitud al area pertinente de NEGOCIOS', '3'),
(364, 235, 13, 'Manual de Marca ', '1', '1', '2015', '2015-08-06', '1', '1', '2015', '0000-00-00', '2', '2015-08-05', 'Realizar Manual de marca.', '3'),
(365, 235, 3, 'Realizar Cuenta de Cobro de 2do Pago ', '1', '1', '2015', '2015-09-12', '1', '1', '2015', '0000-00-00', '3', '2015-08-11', 'Por valor de $600.000', '3'),
(367, 48, 3, 'Cuenta de Cobro Final ', '1', '1', '2015', '2015-09-13', '1', '1', '2015', '0000-00-00', '3', '2015-08-11', '', '3'),
(368, 3, 3, 'Cuenta de Cobro Aleisa', '30', '10', '2015', '2015-10-30', '1', '1', '2015', '2015-10-30', '3', '2015-08-11', 'Se enviÃ³ Correo aL Sr. FabiÃ¡n Morales.', '3'),
(369, 235, 6, 'Manual de marca ', '1', '1', '2015', '2015-08-13', '1', '1', '2015', '0000-00-00', '2', '2015-08-12', 'Realizar Manual de marca de la empresa, Tarjetas, membretes (Urgente)', '3'),
(370, 246, 6, 'Logo ', '1', '1', '2015', '2015-09-19', '1', '1', '2015', '0000-00-00', '2', '2015-08-13', 'Realizar propuestas de logo. 1 Propuesta con el logo existente y 2 propuestas de logo nuevo (Solicitar Brieff a Jhorman) ', '3'),
(371, 240, 13, 'Manual de marca ', '1', '1', '2015', '2015-08-17', '1', '1', '2015', '0000-00-00', '2', '2015-08-13', 'Realizar manual de marca ', '3'),
(372, 56, 14, 'Manual de usabilidad de plataforma ', '1', '1', '2015', '2015-09-19', '1', '1', '2015', '0000-00-00', '5', '2015-08-18', '', '3'),
(373, 167, 6, 'Brochure ', '1', '1', '2015', '2015-09-20', '1', '1', '2015', '0000-00-00', '2', '2015-08-18', 'Realizar propuesta de Brochure (Solicitar informaciÃ³n a FABIAN)', '3'),
(374, 235, 6, 'Tarjetas ', '1', '1', '2015', '2015-09-24', '1', '1', '2015', '0000-00-00', '2', '2015-08-20', 'DiseÃ±ar tarjetas personales con las sugerencias plantadas ', '3'),
(375, 235, 13, 'DiseÃ±o de fachada ALIANZA TOUR ', '1', '1', '2015', '2015-08-26', '1', '1', '2015', '0000-00-00', '2', '2015-08-20', 'Realizar diseÃ±o para fachada de oficina de la empresa Alianza Tour (Pedir informaciÃ³n a Jhorman)', '3'),
(376, 91, 9, 'Pagina Chekos ', '1', '1', '2015', '2015-08-24', '1', '1', '2015', '0000-00-00', '6', '2015-08-20', 'Realizar los cambios sugeridos a la pagina de Chekos ', '3'),
(379, 236, 13, 'DiseÃ±o de plataforma ', '1', '1', '2015', '2015-08-28', '1', '1', '2015', '0000-00-00', '2', '2015-08-22', 'Realizar diseÃ±o de plataforma (Solicitar informaciÃ³n a Jhorman)', '3'),
(380, 251, 13, 'DiseÃ±o de logo ', '1', '1', '2015', '2015-09-04', '1', '1', '2015', '0000-00-00', '2', '2015-08-31', 'Realizar propuestas d e Logo. ', '3'),
(381, 243, 13, 'diseÃ±o de pagina web', '1', '1', '2015', '2015-09-01', '1', '1', '2015', '0000-00-00', '2', '2015-09-01', 'realizar diseÃ±o pagina web bÃ¡sica cafetol', '3'),
(382, 50, 13, 'DiseÃ±ar Hoja de negociaciÃ³n ', '1', '1', '2015', '0000-00-00', '1', '1', '2015', '2015-09-03', '2', '2015-09-01', '', '3'),
(383, 50, 13, 'Hoja de NegociaciÃ³n ', '18', '9', '2015', '2015-09-18', '1', '1', '2015', '0000-00-00', '2', '2015-09-01', '', '3'),
(385, 244, 6, 'Tarjetas ', '17', '9', '2015', '2015-10-17', '1', '1', '2015', '0000-00-00', '2', '2015-09-01', 'Realizar diseÃ±o de tarjetas para Cafetol (Solicito informaciÃ³n a Jhorman)', '3'),
(386, 243, 9, 'Pagina web ', '1', '1', '2015', '2015-09-11', '1', '1', '2015', '0000-00-00', '6', '2015-09-01', 'Programar pagina web ', '3'),
(387, 245, 6, 'DiseÃ±o de Triptico ', '17', '9', '2015', '2015-10-17', '1', '1', '2015', '0000-00-00', '2', '2015-09-01', 'DiseÃ±ar triptico (Solicitar informaciÃ³n a Jhorman)', '3'),
(390, 239, 13, 'DiseÃ±o de plataforma Gambeta ', '1', '1', '2015', '2015-09-09', '1', '1', '2015', '0000-00-00', '2', '2015-09-02', 'Solicitar informaciÃ³n a Jhorman', '3'),
(391, 69, 14, 'Realizar Manual de usabilidad de plataforma ', '1', '1', '2015', '2015-07-08', '1', '1', '2015', '0000-00-00', '5', '2015-09-04', '', '1'),
(392, 50, 6, 'Realizar invitaciÃ³n de Etiqueta y Protocolo a empresarios ', '1', '1', '2015', '2015-09-08', '1', '1', '2015', '0000-00-00', '2', '2015-09-07', 'Solicitar informaciÃ³n a Jhorman ', '3'),
(393, 255, 13, 'DiseÃ±o de fachada CAROLINA RUGELES ', '1', '1', '2015', '2015-09-07', '1', '1', '2015', '0000-00-00', '2', '2015-09-07', '', '3'),
(395, 50, 6, 'Membrete ', '1', '1', '2015', '2015-09-07', '1', '1', '2015', '0000-00-00', '2', '2015-09-07', 'Realizar Membrete con los siguientes datos: direcciÃ³n de pagina web, iconos de redes sociales, Logo. ', '3'),
(396, 15, 6, 'Carnets Inquilino ', '1', '1', '2015', '2015-09-08', '1', '1', '2015', '0000-00-00', '2', '2015-09-07', 'Realizar diseÃ±o de Carnets para Inquilino ', '3'),
(397, 69, 14, 'Manual de usabilidad ', '1', '1', '2015', '2015-09-09', '1', '1', '2015', '0000-00-00', '5', '2015-09-08', '', '3'),
(398, 144, 14, 'Manual de usabilidad', '1', '1', '2015', '2015-09-09', '1', '1', '2015', '0000-00-00', '5', '2015-09-08', '', '3'),
(399, 48, 14, 'Manual de usabilidad ', '1', '1', '2015', '2015-09-09', '1', '1', '2015', '0000-00-00', '5', '2015-09-08', '', '3'),
(400, 132, 14, 'Manual de usabilidad ', '1', '1', '2015', '2015-09-11', '1', '1', '2015', '0000-00-00', '5', '2015-09-08', '', '3'),
(402, 260, 13, 'Realizar diseÃ±o de nueva pagina (pastillas)', '1', '1', '2015', '2015-09-09', '1', '1', '2015', '0000-00-00', '2', '2015-09-08', '', '3'),
(403, 255, 13, 'Realizar Manual de marca', '1', '1', '2015', '2015-09-10', '1', '1', '2015', '0000-00-00', '2', '2015-09-09', 'Tarjetas, bolsas, lapiceros. ', '3'),
(404, 254, 13, 'Realizar diseÃ±o de pagina web ', '17', '9', '2015', '2015-10-17', '1', '1', '2015', '0000-00-00', '2', '2015-09-10', 'Solicitar informaciÃ³n a Jhorman ', '3'),
(405, 261, 6, 'Propuestas de logo ', '1', '1', '2015', '2015-10-16', '1', '1', '2015', '0000-00-00', '2', '2015-09-10', 'Presentar 3 propuestas de logo ', '3'),
(406, 243, 6, 'Realizar mapa de ubicaciÃ³n en Norte de Santander de Toledo y Labateca.', '1', '1', '2015', '2015-09-14', '1', '1', '2015', '0000-00-00', '2', '2015-09-11', 'Solicitar informaciÃ³n a Jhorman ', '3'),
(407, 252, 2, 'EsquematizaciÃ³n Canvas', '1', '1', '2015', '2015-09-13', '1', '1', '2015', '0000-00-00', '5', '2015-09-11', 'esquematizar virtualmente, Canvas y organigrama de la organizaciÃ³n\n', '3'),
(408, 55, 3, 'Cobro de RenovaciÃ³n de Dominio ', '29', '9', '2015', '2015-10-29', '1', '1', '2015', '2015-09-14', '3', '2015-09-14', '', '3'),
(409, 76, 3, 'RenovaciÃ³n de Dominio ', '26', '9', '2015', '2015-10-26', '1', '1', '2015', '2015-09-29', '3', '2015-09-14', '', '3'),
(410, 243, 3, 'Cobro de 2do Abono', '1', '1', '2015', '2015-09-07', '1', '1', '2015', '2015-09-12', '3', '2015-09-14', '', '3'),
(411, 242, 2, 'Informe Final', '1', '1', '2015', '2015-09-14', '1', '1', '2015', '0000-00-00', '5', '2015-09-14', 'plantear informe final ', '3'),
(412, 242, 2, 'Sustentar Informe Final', '1', '1', '2015', '2015-09-15', '1', '1', '2015', '0000-00-00', '5', '2015-09-14', 'se sustento con la Dra. Marcela Queda pendiente pago final', '3'),
(413, 252, 2, 'Crear formato de Manual de funciones ', '1', '1', '2015', '2015-09-15', '1', '1', '2015', '0000-00-00', '5', '2015-09-14', 'plantear formato para manual de funciones de cargos de la empresa', '3'),
(417, 72, 9, 'Plataforma web', '6', '10', '2015', '2015-10-06', '1', '1', '2015', '0000-00-00', '6', '2015-09-15', '', '3'),
(418, 225, 14, 'Alimentar la plataforma ', '1', '1', '2015', '2015-09-16', '1', '1', '2015', '0000-00-00', '5', '2015-09-15', 'Solicitar informaciÃ³n a Jhorman.', '3'),
(419, 252, 2, 'Primera capacitaciÃ³n', '1', '1', '2015', '2015-10-17', '1', '1', '2015', '0000-00-00', '5', '2015-09-15', 'Prepara capacitaciÃ³n y charla', '3'),
(420, 242, 3, 'Cobro Final de Estudio de viabilidad', '1', '1', '2015', '2015-10-19', '1', '1', '2015', '0000-00-00', '3', '2015-09-15', 'Espera al Jueves que se comunique la Dra.  Marcela que quedo pendiente', '3'),
(421, 50, 20, 'Enviar invitaciones a 1er CapacitaciÃ³n', '1', '1', '2015', '2015-09-16', '1', '1', '2015', '2015-09-16', '5', '2015-09-15', 'Enviar InvitaciÃ³n de CapacitaciÃ³n a todos los clientes Conaxport', '3'),
(422, 50, 3, 'RenovaciÃ³n de Dominio Conaxport ', '1', '1', '2015', '2015-10-24', '1', '1', '2015', '0000-00-00', '3', '2015-09-15', '', '3'),
(424, 243, 13, 'DiseÃ±o de los menÃºs internos de la pagina ', '1', '1', '2015', '2015-09-17', '1', '1', '2015', '0000-00-00', '2', '2015-09-17', '', '3'),
(425, 260, 13, 'DiseÃ±o de menÃºs interno de la pagina ', '1', '1', '2015', '2015-09-17', '1', '1', '2015', '0000-00-00', '2', '2015-09-17', '', '3'),
(428, 243, 14, 'Crear redes sociales ', '1', '1', '2015', '2015-10-22', '1', '1', '2015', '0000-00-00', '5', '2015-09-21', 'Facebook instagram Twitter', '3'),
(429, 234, 14, 'Crear redes ', '1', '1', '2015', '2015-10-22', '1', '1', '2015', '0000-00-00', '5', '2015-09-21', 'Facebook Instagram Twitter ', '3'),
(430, 50, 18, 'Seguimiento Clientes Contactados.', '1', '1', '2015', '2015-09-21', '1', '1', '2015', '2015-09-21', '1', '2015-09-21', 'Contacto a cada cliente potencial visitado (con  reuniones llevadas a cabo  y cotizaciones enviadas). Solo a la espera de confirmaciÃ³n. ', '3'),
(431, 50, 20, 'Confirmar Asistencia a CapacitaciÃ³n', '1', '1', '2015', '2015-09-21', '1', '1', '2015', '2015-09-23', '5', '2015-09-21', 'Llamar a las empresas para verificar la asistencia a nuestra Capacitacion ', '3'),
(432, 3, 9, 'CorrecciÃ³n de Pedidos', '1', '1', '2015', '2015-09-23', '1', '1', '2015', '2015-09-21', '5', '2015-09-21', 'RecepciÃ³n de correo electrÃ³nico sugiriendo eliminar unos pedidos que se ingresaron mal', '3'),
(434, 254, 6, 'Fotografias ', '1', '1', '2015', '2015-10-24', '1', '1', '2015', '0000-00-00', '2', '2015-09-23', 'SesiÃ³n de fotografÃ­as de los productos ', '3'),
(435, 121, 6, 'Fotografias ', '1', '1', '2015', '2015-09-24', '1', '1', '2015', '0000-00-00', '2', '2015-09-23', 'Toma de fotografÃ­as a los productos', '3'),
(436, 258, 21, 'recopilacion de informacion', '1', '1', '2015', '2015-09-21', '1', '1', '2015', '2015-09-23', '5', '2015-09-24', 'buscar competencia, llenar matriz, incluir formatos a la carpeta...', '3'),
(437, 50, 20, 'ConfirmaciÃ³n de empresas Conaxport', '1', '1', '2015', '2015-10-22', '1', '1', '2015', '2015-09-24', '5', '2015-09-24', 'Realizar llamadas telefÃ³nicas confirmando participaciÃ³n del cliente a la capacitaciÃ³n.', '3'),
(438, 50, 20, 'RecepciÃ³n y realizaciÃ³n de Llamadas corporativas', '1', '1', '2015', '2015-10-22', '1', '1', '2015', '0000-00-00', '5', '2015-09-24', 'Atender y realizar llamadas a los clientes conaxport.', '3'),
(439, 50, 20, 'RecepciÃ³n de Correos', '1', '1', '2015', '2015-10-21', '1', '1', '2015', '2015-09-25', '5', '2015-09-24', 'Verificar correos enviados por las gerencias de la empresa y sus posibles confirmaciones.', '3'),
(440, 50, 20, 'RecepciÃ³n Paginas Web', '1', '1', '2015', '2015-10-23', '1', '1', '2015', '0000-00-00', '5', '2015-09-24', 'RecibÃ­ por parte de la Gerencia de Proyectos algunas paginas web para realizar el seguimiento y ayudar de apoyo en el debido proceso', '3'),
(441, 50, 18, 'Seguimiento de Clientes Potenciales', '1', '1', '2015', '2015-09-23', '1', '1', '2015', '2015-09-22', '1', '2015-09-24', 'Seguimiento Clientes Potenciales. Llamadas y envÃ­o de cotizaciones.', '3'),
(442, 50, 18, 'Visita a Cliente Potencial', '1', '1', '2015', '2015-09-23', '1', '1', '2015', '2015-09-23', '1', '2015-09-24', 'Reunion con "CLINICA STELLA MARIS". Cliente potencial para Plan Organizacional.\nSeminario: Etiqueta y Protocolo Empresarial', '3'),
(443, 91, 6, 'Arreglar fotos ', '1', '1', '2015', '2015-10-25', '1', '1', '2015', '0000-00-00', '2', '2015-09-24', 'Arreglar fotos y sacar la cantidad total ', '3'),
(445, 261, 13, 'Nueva propuesta ', '1', '1', '2015', '2015-09-25', '1', '1', '2015', '0000-00-00', '2', '2015-09-24', '', '3'),
(446, 121, 6, 'Editar fotos ', '1', '1', '2015', '2015-10-30', '1', '1', '2015', '0000-00-00', '2', '2015-09-24', 'Editar fotos y subir al catalogo segÃºn lo sugerido por la Sra. Yenny ', '3'),
(447, 254, 14, 'CreaciÃ³n de redes ', '1', '1', '2015', '2015-09-24', '1', '1', '2015', '0000-00-00', '5', '2015-09-24', 'Facebook, Instagram. ', '3'),
(448, 50, 18, 'SEGUIMIENTO Y VISITA A CLIENTES', '1', '1', '2015', '2015-09-24', '1', '1', '2015', '2015-09-24', '1', '2015-09-24', 'REUNION CON "CI  MANUECABRALES" (SEGUIMIENTO SOLICITUDDE COTIZACION).\nREUNION ASISTENTE DE "M &MP CONSTRUCTORA INMOBILIARIA".\nENTREVISTA A POSTULANTE AL CARGO DE ASESOR COMERCIAL.\n', '3'),
(449, 91, 6, 'Entrega de Fotos ', '1', '1', '2015', '2015-10-30', '1', '1', '2015', '0000-00-00', '2', '2015-09-25', '', '3'),
(450, 50, 18, 'CAPTACION CLIENTES POTENCIALES/ REUNION', '1', '1', '2015', '2015-09-25', '1', '1', '2015', '2015-09-25', '1', '2015-09-28', 'EVENTO "MUJERES EMPRENDEDORAS" CÃMARA DE COMERCIO. REUNIÃ“N CLIENTES PREVIAMENTE CONTACTADO.', '3'),
(451, 50, 18, 'REUNION CENTRO DEMOCRATICO/ CALL CENTER', '1', '1', '2015', '2015-09-28', '1', '1', '2015', '2015-09-28', '1', '2015-09-29', 'REUNION CENTRO DEMOCRATICO ESTRATEGIAS POLITICAS MILLA. CALL CENTER AGENDAR REUNIONES.', '3'),
(452, 50, 18, 'CALL CENTER / REUNION', '1', '1', '2015', '2015-09-29', '1', '1', '2015', '2015-09-29', '1', '2015-09-29', 'LLAMADAS PARA AGENDAR REUNIONES. REUNION "OPTICA VISION" (NO POR AHORA). ', '3'),
(453, 211, 6, 'Editar fotos Vargas Nossa ', '1', '1', '2015', '2015-10-01', '1', '1', '2015', '0000-00-00', '2', '2015-09-30', '', '3'),
(454, 236, 13, 'DiseÃ±o de menÃºs internos ', '14', '11', '2015', '2015-11-14', '1', '1', '2015', '0000-00-00', '2', '2015-09-30', 'Solicitar informaciÃ³n a Jhorman ', '3'),
(455, 248, 13, 'Presentar nueva propuesta ', '1', '1', '2015', '2015-10-02', '1', '1', '2015', '0000-00-00', '2', '2015-09-30', '', '3'),
(456, 261, 6, 'Realizar manual de marca ', '1', '1', '2015', '2015-10-03', '1', '1', '2015', '0000-00-00', '2', '2015-09-30', 'falta aprobaciÃ³n de logo\n', '3'),
(457, 73, 6, 'Realizar Brochure ', '17', '11', '2015', '2015-11-17', '1', '1', '2015', '0000-00-00', '2', '2015-10-03', 'No se a terminado por falta de informaciÃ³n del cliente', '2'),
(460, 268, 3, 'Cobro 50% Final', '1', '1', '2015', '2015-10-01', '1', '1', '2015', '2015-10-05', '3', '2015-10-09', 'PÃ¡gina Power ', '3'),
(461, 75, 3, 'RenovaciÃ³n de Dominio ', '1', '1', '2015', '2015-10-19', '1', '1', '2015', '0000-00-00', '3', '2015-10-09', '', '3'),
(463, 273, 13, 'Propuestas de logo ', '1', '1', '2015', '2015-10-12', '1', '1', '2015', '0000-00-00', '2', '2015-10-09', 'La informaciÃ³n fue enviada vÃ­a telegram ', '3'),
(466, 273, 6, 'DiseÃ±ar logo', '1', '1', '2015', '2015-10-22', '1', '1', '2015', '0000-00-00', '2', '2015-10-19', 'Presentar propuestas de logo', '3'),
(468, 94, 18, 'Seguimiento a CotizaciÃ³n ', '30', '11', '2015', '2015-11-30', '1', '1', '2015', '0002-10-22', '1', '2015-10-21', 'Realizar seguimiento pertinente a cotizaciÃ³n y comunicar a gerencia. / Se encuentra de viaje.\n', '2'),
(469, 255, 18, 'Cerrar Nuevo Contrato y Anticipo', '7', '11', '2015', '2015-11-07', '1', '1', '2015', '0000-00-00', '1', '2015-10-21', ' Cerrar Contrato de Fotografias, recibir anticipo y lograr contrato de estrategia de Marketing en red para Bolivia / No se ubico al cliente.\n', '3'),
(470, 127, 20, 'Enviar Correo de redes', '1', '1', '2015', '2015-10-22', '1', '1', '2015', '0000-00-00', '5', '2015-10-21', 'Enviar correo con fanpage y demas ', '3'),
(471, 14, 18, 'Lograr Nuevo Contrato', '17', '11', '2015', '2015-11-17', '1', '1', '2015', '0000-00-00', '1', '2015-10-21', 'Tratar de Conseguir nuevo contrato/ Se contacto al cliente y se agendara reunion en La Riviera.', '3'),
(472, 259, 3, 'Segundo Cobro ', '1', '1', '2015', '2015-10-16', '1', '1', '2015', '2015-10-21', '3', '2015-10-22', '', '3'),
(474, 258, 6, 'Crear Bono', '10', '12', '2015', '2015-12-10', '1', '1', '2015', '0000-00-00', '2', '2015-10-22', 'Crear estrategia de bono- para regalar a clientes', '1'),
(475, 236, 13, 'DiseÃ±o menus', '10', '11', '2015', '2015-11-10', '1', '1', '2015', '0000-00-00', '2', '2015-10-22', 'diseÃ±ar menÃºs internos', '3'),
(476, 251, 13, 'DiseÃ±o sitio web', '19', '11', '2015', '2015-11-19', '1', '1', '2015', '0000-00-00', '2', '2015-10-22', 'DiseÃ±ar sitio web', '2'),
(478, 50, 13, 'Hoja negociacion', '21', '11', '2015', '2015-11-21', '1', '1', '2015', '0000-00-00', '2', '2015-10-22', 'DiseÃ±ar hoja de negociacion ', '3'),
(479, 91, 6, 'TerminaciÃ³n de Fotos', '1', '1', '2015', '2015-10-26', '1', '1', '2015', '0000-00-00', '2', '2015-10-22', 'Finalizar proyectos de imÃ¡genes y fotografias', '3'),
(480, 251, 13, 'Manual de imagen corporativa', '4', '11', '2015', '2015-11-04', '1', '1', '2015', '0000-00-00', '2', '2015-10-22', 'DiseÃ±ar manual de imagen corporativa', '3'),
(481, 137, 6, 'DiseÃ±ar Portafolio ', '19', '11', '2015', '2015-11-19', '1', '1', '2015', '0000-00-00', '2', '2015-10-22', 'Crear portafolio de servicios de empresa Quimiandes ', '2'),
(482, 50, 6, 'DiseÃ±o de Firmas Corporativas', '1', '1', '2015', '2015-10-29', '1', '1', '2015', '0000-00-00', '2', '2015-10-22', 'Crear nuevas firmas para correos electronicos', '3'),
(484, 121, 6, 'Modificar Portafolio Productos', '1', '1', '2015', '2015-10-31', '1', '1', '2015', '0000-00-00', '2', '2015-10-22', 'Terminar modificaciones Portafolio', '3'),
(485, 15, 6, 'Banner Semanal', '1', '1', '2015', '2015-10-23', '1', '1', '2015', '0000-00-00', '2', '2015-10-22', 'Realizar banner lo fÃ¡cil de arrendar con inquilino es muy fÃ¡cil.', '3'),
(486, 261, 13, 'Imagen Corporativa', '17', '11', '2015', '2015-11-17', '1', '1', '2015', '0000-00-00', '2', '2015-10-22', 'se presentaron cambios en las propuestas_ prÃ³xima reuniÃ³n 17/11/15', '3'),
(487, 133, 13, 'Logo', '1', '1', '2015', '2015-10-23', '1', '1', '2015', '0000-00-00', '2', '2015-10-22', 'AdecuaciÃ³n del logo ', '3'),
(488, 278, 13, 'Logo', '18', '11', '2015', '2015-11-18', '1', '1', '2015', '0000-00-00', '2', '2015-10-22', 'DiseÃ±ar logo', '3'),
(489, 275, 13, 'Logo', '29', '10', '2015', '2015-10-29', '1', '1', '2015', '0000-00-00', '2', '2015-10-22', 'DiseÃ±ar logo', '3'),
(490, 96, 13, 'Menu Tablet', '11', '11', '2015', '2015-11-11', '1', '1', '2015', '0000-00-00', '2', '2015-10-22', 'DiseÃ±ar menu para la tablet.\n', '3'),
(491, 275, 13, 'Logo', '29', '10', '2015', '2015-10-29', '1', '1', '2015', '0000-00-00', '2', '2015-10-22', 'diseÃ±ar (Sublogo)', '3'),
(492, 263, 13, 'Banner', '1', '1', '2015', '2015-10-24', '1', '1', '2015', '0000-00-00', '2', '2015-10-22', 'DiseÃ±ar banner, invitando a votar el domingo 25 de octubre por Milla', '3'),
(493, 136, 13, 'Pagina web', '27', '11', '2015', '2015-11-27', '1', '1', '2015', '0000-00-00', '2', '2015-10-22', 'diseÃ±ar pagina web', '1'),
(494, 135, 13, 'Carpetas', '20', '11', '2015', '2015-11-20', '1', '1', '2015', '0000-00-00', '2', '2015-10-22', 'diseÃ±ar carpetas', '1'),
(495, 251, 3, '2do Cobro', '1', '1', '2015', '2015-10-30', '1', '1', '2015', '2015-10-28', '3', '2015-10-23', '27/10/2015 Se HablÃ³ con la Srita Rudy , no me he podido comunicar con el Gerente.', '3'),
(496, 15, 13, 'Pagina Web', '1', '1', '2015', '2015-12-01', '1', '1', '2015', '0000-00-00', '3', '2015-10-23', 'Reestructuracion sitio web', '1'),
(497, 222, 13, 'pagina web', '1', '1', '2015', '2015-12-11', '1', '1', '2015', '0000-00-00', '2', '2015-10-23', 'diseÃ±ar pagina web', '1'),
(498, 3, 9, 'Modulo Cobros', '28', '10', '2015', '2015-10-28', '1', '1', '2015', '0000-00-00', '6', '2015-10-23', 'Programar Los modulos de cobro para sitio web.', '3'),
(499, 50, 13, 'Pagina web', '1', '1', '2015', '2015-12-18', '1', '1', '2015', '0000-00-00', '2', '2015-10-23', 'Reestructuracion pagina web', '1'),
(500, 251, 9, 'Programar Sitio Web', '1', '1', '2015', '2015-11-23', '1', '1', '2015', '0000-00-00', '6', '2015-10-23', 'Realizar sitio web de la empresa con un tiempo estimado de ejecuciÃ³n de 15 dias', '1'),
(501, 50, 13, 'Cambio de imagen', '1', '1', '2015', '2015-12-31', '1', '1', '2015', '0000-00-00', '2', '2015-10-23', 'Cambio de imagen', '1'),
(502, 50, 13, 'Bref', '21', '11', '2015', '2015-11-21', '1', '1', '2015', '0000-00-00', '2', '2015-10-23', 'Replantear preguntas bref___\nB R I E F', '1'),
(503, 159, 9, 'Modulos Cuadros ', '1', '1', '2015', '2015-11-20', '1', '1', '2015', '0000-00-00', '6', '2015-10-23', 'Crear los mÃ³dulos para los cuadros en el sitio web', '1'),
(504, 203, 9, 'Subir Sitio Web', '29', '10', '2015', '2015-10-29', '1', '1', '2015', '0000-00-00', '6', '2015-10-23', 'Subir sitio web ', '3'),
(505, 78, 9, 'Limpiar Hosting', '1', '1', '2015', '2015-10-26', '1', '1', '2015', '0000-00-00', '6', '2015-10-23', 'Limpiar Hosting', '3'),
(506, 173, 9, 'ProgramaciÃ³n Sitio Web', '9', '12', '2015', '2015-12-09', '1', '1', '2015', '0000-00-00', '6', '2015-10-23', 'TerminaciÃ³n pÃ¡gina prinicipal - falta parte de usarios de pagos de proyectos y modulo de contabilidad pestaÃ±a administrador', '2'),
(507, 144, 9, 'Terminar Sitio Web', '30', '11', '2015', '2015-11-30', '1', '1', '2015', '0000-00-00', '6', '2015-10-23', 'Terminar Sitio Web', '1'),
(508, 96, 9, 'Programar Sitio Web', '1', '1', '2015', '2015-11-07', '1', '1', '2015', '0000-00-00', '6', '2015-10-23', 'Realizar la programacin del sitio web', '3'),
(509, 123, 3, 'Cobro', '1', '1', '2015', '2015-11-13', '1', '1', '2015', '0000-00-00', '3', '2015-10-23', 'Se enviÃ³ Cuenta de Cobro. Se hablÃ³ con la Srita. Monica , que esta en proceso de pasar la cuenta con la Sra. Jimena .', '3'),
(510, 244, 3, 'Cobro', '1', '1', '2015', '2015-10-23', '1', '1', '2015', '0000-00-00', '3', '2015-10-23', 'realizar cobro final', '3'),
(511, 259, 9, 'Programar Sitio Web', '10', '12', '2015', '2015-12-10', '1', '1', '2015', '0000-00-00', '6', '2015-10-23', 'Realizar Programacion Sitio Web', '1'),
(512, 133, 9, 'Programar sitio web', '30', '11', '2015', '2015-11-30', '1', '1', '2015', '0000-00-00', '6', '2015-10-23', 'Programar sitio web', '1'),
(513, 24, 3, 'Cobro', '17', '11', '2015', '2015-11-17', '1', '1', '2015', '0000-00-00', '3', '2015-10-23', 'Se enviÃ³ correo.', '2'),
(514, 15, 9, 'Programar sitio Web', '12', '12', '2015', '2015-12-12', '1', '1', '2015', '0000-00-00', '6', '2015-10-23', 'ProgramaciÃ³n del Sitio Web', '1'),
(515, 79, 3, 'Cobro', '6', '11', '2015', '2015-11-06', '1', '1', '2015', '2015-11-10', '3', '2015-10-23', 'Cerrar tema de pago', '3'),
(516, 222, 9, 'Programar Sitio Web', '20', '12', '2015', '2015-12-20', '1', '1', '2015', '0000-00-00', '6', '2015-10-23', 'ProgramaciÃ³n del sitio web', '1'),
(517, 219, 3, 'Cobro', '19', '11', '2015', '2015-11-19', '1', '1', '2015', '0000-00-00', '3', '2015-10-23', 'Realizar cobro final', '1'),
(518, 254, 9, 'Programar sitio web', '14', '11', '2015', '2015-11-14', '1', '1', '2015', '0000-00-00', '6', '2015-10-23', 'ProgramaciÃ³n del sitio web', '3'),
(519, 235, 3, 'Cobro', '17', '11', '2015', '2015-11-17', '1', '1', '2015', '0000-00-00', '3', '2015-10-23', 'Realizar cobro final', '1'),
(521, 251, 3, 'Cobro', '1', '1', '2015', '0000-00-00', '1', '1', '2015', '0000-00-00', '3', '2015-10-23', 'Realizar cobro final', '1'),
(522, 255, 3, 'Cobro', '1', '1', '2015', '2015-11-17', '1', '1', '2015', '2015-11-05', '3', '2015-10-23', 'Realizar cobro de fotografias', '3'),
(523, 222, 3, 'Devolucion', '20', '11', '2015', '2015-11-20', '1', '1', '2015', '0000-00-00', '3', '2015-10-23', 'Realizar devoluciÃ³n de dinero', '1'),
(524, 50, 3, 'Incluir Cobros', '1', '1', '2015', '2015-10-23', '1', '1', '2015', '0000-00-00', '3', '2015-10-23', 'Incluir cobro de revista Celeus', '3'),
(525, 144, 3, 'Cobro', '19', '11', '2015', '2015-11-19', '1', '1', '2015', '0000-00-00', '3', '2015-10-23', 'Realizar cobro final', '1'),
(526, 168, 3, 'Cobro', '19', '11', '2015', '2015-11-19', '1', '1', '2015', '0000-00-00', '3', '2015-10-23', 'No se ha podido establecer comunicaciÃ³n Con la Srita Jessica , ni con el Sr. Martin Kanedo', '1'),
(527, 225, 3, 'Cobro', '13', '11', '2015', '2015-11-13', '1', '1', '2015', '0000-00-00', '3', '2015-10-23', 'Se enviÃ³ Cuenta de Cobro.', '3'),
(529, 263, 3, 'Cobro', '7', '11', '2015', '2015-11-07', '1', '1', '2015', '2015-11-05', '3', '2015-10-23', 'Se LlamÃ³ en 3 Oportunidades, y la Srita. Estefany , y nego a la Sra Teresa. ', '3'),
(530, 50, 3, 'Pago de Bono', '1', '1', '2015', '2015-10-30', '1', '1', '2015', '0000-00-00', '3', '2015-10-23', 'Realizar pago de Bono #Millistas', '3'),
(531, 50, 3, 'Pago traducciÃ³n paginas', '1', '1', '2015', '2015-10-30', '1', '1', '2015', '0000-00-00', '3', '2015-10-23', 'Realizar pago de traducciÃ³n de paginas', '3'),
(533, 232, 3, 'Cobro', '17', '11', '2015', '2015-11-17', '1', '1', '2015', '0000-00-00', '3', '2015-10-23', 'Realizar cobro final', '1'),
(534, 50, 14, 'Reporte Marketin On Line', '1', '1', '2015', '2015-10-28', '1', '1', '2015', '0000-00-00', '5', '2015-10-23', 'Realizar el reporte correspondiente a las tareas asignadas cada 28 de mes para llevar control de los procesos', '3'),
(535, 219, 14, 'Alimentar Sitio Web', '3', '11', '2015', '2015-11-03', '1', '1', '2015', '0000-00-00', '5', '2015-10-23', 'Realizar alimentaciÃ³n del sitio web.', '3'),
(536, 6, 3, 'Cobro', '17', '11', '2015', '2015-11-17', '3', '11', '2015', '2015-11-03', '3', '2015-10-23', '  09/11/ 2015 Se llamÃ³ , La Sra . Dolly que asiste en el transcurso del dÃ­a. 13/11/15 se llamÃ³ celular apagado.\n', '2'),
(537, 3, 14, 'Presentar Propuesta Marketing On Line', '1', '1', '2015', '2015-11-05', '1', '1', '2015', '0000-00-00', '5', '2015-10-23', 'Realizar una propuesta estrategica bien estructurada para fortalecer el marketin online ', '3'),
(538, 211, 3, 'Cobro', '20', '11', '2015', '2015-11-20', '1', '1', '2015', '0000-00-00', '3', '2015-10-23', 'Se enviÃ³ Cuenta de Cobro . 10/11/2015 se hablÃ³ con el Sr. Jhon Jairo.  13/11/2015se llamÃ³ la Srita Katherine , dice que llamar en la terde que no se encuentra el Sr. JHoan Jairo. ', '2'),
(539, 259, 3, 'Cobro', '30', '11', '2015', '2015-11-30', '1', '1', '2015', '0000-00-00', '3', '2015-10-23', 'No se ha enviado Cuenta de Cobro. A la Espera de fecha , por parte de FabiÃ¡n Morales.', '1'),
(541, 235, 14, 'Manual de Usabilidad', '28', '11', '2015', '2015-11-28', '1', '1', '2015', '2015-11-10', '5', '2015-10-23', 'Realizar Manual de Usabilidad', '1'),
(542, 235, 14, 'Alimentar sitio web', '28', '11', '2015', '2015-11-28', '1', '1', '2015', '0000-00-00', '5', '2015-10-23', 'Realizar la alimentaciÃ³n del sitio web', '1'),
(543, 251, 14, 'Alimentas Sitio Web', '1', '1', '2015', '2015-11-27', '1', '1', '2015', '0000-00-00', '5', '2015-10-23', 'Realizar alimentacion del sitio web', '1'),
(544, 277, 3, 'Recibo de caja', '1', '1', '2015', '2015-10-23', '1', '1', '2015', '0000-00-00', '3', '2015-10-23', 'Enviar recibo de caja', '3'),
(545, 251, 14, 'Crear Manual', '27', '11', '2015', '2015-11-27', '1', '1', '2015', '0000-00-00', '5', '2015-10-23', 'Realizar Manual de Usabilidad', '1'),
(546, 277, 3, 'Cobro', '1', '1', '2015', '2015-11-23', '1', '1', '2015', '0000-00-00', '3', '2015-10-23', 'Se enviÃ³ Cuenta de Cobro por Correo . se hablÃ³ con la Sra. Gloria Pardo Cancela el sabado en la maÃ±ana en la oficina.\n', '2'),
(547, 50, 14, 'Estrategias Conaxport', '1', '1', '2015', '2015-11-05', '1', '1', '2015', '0000-00-00', '5', '2015-10-23', 'Plantear estrategias de marketing on line para mejorar los procesos del area', '3'),
(548, 277, 3, 'Cobro', '1', '1', '2015', '2015-12-14', '1', '1', '2015', '0000-00-00', '3', '2015-10-23', 'Realizar cobro final', '1'),
(549, 50, 3, 'Pago Jhonatan', '21', '11', '2015', '2015-11-21', '1', '1', '2015', '0000-00-00', '3', '2015-10-23', 'Definir pago de Jhonatan', '1'),
(550, 259, 14, 'Estrategias Esbelt', '1', '1', '2015', '2015-11-05', '1', '1', '2015', '0000-00-00', '5', '2015-10-23', 'Plantear estrategias para el desarrollo de los procesos', '3'),
(551, 159, 3, 'Cobro', '27', '11', '2015', '2015-11-27', '1', '1', '2015', '0000-00-00', '3', '2015-10-23', 'Realizar cobro final', '1'),
(552, 159, 21, 'Manual Sitio Web', '10', '12', '2015', '2015-12-10', '1', '1', '2015', '0000-00-00', '5', '2015-10-23', 'Realizar Manual de Usabilidad', '1'),
(553, 50, 3, 'Sueldo', '3', '11', '2015', '2015-11-03', '1', '1', '2015', '0000-00-00', '3', '2015-10-23', 'Definir reajuste de sueldo de Slendy', '3'),
(556, 123, 2, 'Ampliar Espacio', '1', '1', '2015', '2015-10-26', '1', '1', '2015', '0000-00-00', '4', '2015-10-23', 'Se le dio Mas espacio- ', '3'),
(557, 3, 2, 'Seguimiento', '1', '1', '2015', '2015-10-30', '1', '1', '2015', '0000-00-00', '4', '2015-10-23', 'Realizar seguimiento Exportacion- ', '3'),
(558, 159, 2, 'Mercadeo', '1', '1', '2015', '2015-11-02', '1', '1', '2015', '0000-00-00', '4', '2015-10-23', 'Reunion de mercadeo', '3'),
(559, 50, 2, 'Solution Creativ', '29', '10', '2015', '2015-10-29', '1', '1', '2015', '0000-00-00', '4', '2015-10-23', 'Realizar llamada para hacer observaciÃ³n sobre publicidad', '3'),
(560, 254, 9, 'Alimentar sitio Web', '4', '11', '2015', '2015-11-04', '1', '1', '2015', '0000-00-00', '6', '2015-10-23', 'Realizar alimentaciÃ³n sitio web', '3'),
(561, 127, 2, 'limpiar Hosting', '1', '1', '2015', '2015-10-23', '1', '1', '2015', '0000-00-00', '4', '2015-10-23', 'limpiar hosting', '3'),
(562, 203, 2, 'Comprar hosting', '1', '1', '2015', '2015-10-28', '1', '1', '2015', '0000-00-00', '4', '2015-10-23', 'Comprar Hosting y dominio', '3'),
(563, 213, 2, 'Revista virtual', '26', '10', '2015', '2015-10-26', '1', '1', '2015', '0000-00-00', '4', '2015-10-23', 'Realizar revista virtual/ se aplaza por falta de informacion- Por AprobaciÃ³n ', '3'),
(565, 238, 2, 'Cerrar caso', '5', '11', '2015', '2015-11-05', '1', '1', '2015', '0000-00-00', '4', '2015-10-23', 'cerrar caso- cuadrar cita para Jueves tarde.\n', '3'),
(566, 159, 2, 'Entrega Proyecto', '1', '1', '2015', '2015-11-07', '1', '1', '2015', '0000-00-00', '4', '2015-10-23', 'Se pactara reunion para entrega- cambiar ', '3'),
(567, 79, 21, 'Manual Sitio Web', '14', '11', '2015', '2015-11-14', '1', '1', '2015', '0000-00-00', '5', '2015-10-23', 'Realizar Manual de Usabilidad', '3'),
(568, 277, 2, 'Cronograma viabilidad', '1', '1', '2015', '2015-10-23', '1', '1', '2015', '0000-00-00', '4', '2015-10-23', 'Realizar cronograma de estudio de viabilidad', '3'),
(569, 203, 21, 'Manual sitio web', '30', '10', '2015', '2015-10-30', '1', '1', '2015', '0000-00-00', '5', '2015-10-23', 'Realizar Manual de Usabilidad', '3'),
(570, 173, 14, 'Manual Sitio web', '19', '11', '2015', '2015-11-19', '1', '1', '2015', '0000-00-00', '5', '2015-10-23', 'Realizar Manual de Usabilidad', '3'),
(571, 144, 14, 'Alimentar sitio web', '19', '11', '2015', '2015-11-19', '1', '1', '2015', '0000-00-00', '5', '2015-10-23', 'Realizar la alimentacion del sitio web', '2'),
(572, 144, 14, 'Manual sitio web', '4', '12', '2015', '2015-12-04', '1', '1', '2015', '0000-00-00', '5', '2015-10-23', 'Realizar Manual de Usabilidad', '1'),
(573, 277, 2, 'Estudio Viabilidad', '1', '1', '2015', '2015-11-20', '1', '1', '2015', '0000-00-00', '4', '2015-10-23', 'Realizar Estudio de Viabilidad', '3'),
(574, 232, 21, 'Manual sitio web', '1', '1', '2015', '2015-10-30', '1', '1', '2015', '0000-00-00', '5', '2015-10-23', 'Realizar Manual de Usabilidad', '3'),
(575, 277, 2, 'Entrega de Estudio', '1', '1', '2015', '2015-12-14', '1', '1', '2015', '0000-00-00', '4', '2015-10-23', 'Entrega de estudio de Viabilidad', '1'),
(576, 211, 14, 'Manual de sitio web', '10', '11', '2015', '2015-11-10', '1', '1', '2015', '0000-00-00', '5', '2015-10-23', 'Realizar Manual de Usabilidad', '3'),
(577, 259, 14, 'Alimentar sitio web', '1', '1', '2015', '2015-12-05', '1', '1', '2015', '0000-00-00', '5', '2015-10-23', 'Realizar alimentaciÃ³n sitio web   ', '1'),
(578, 50, 2, 'Definir contratos', '21', '11', '2015', '2015-11-21', '1', '1', '2015', '0000-00-00', '4', '2015-10-23', 'definir contratos del personal (yessica)', '1'),
(579, 259, 21, 'Manual de sitio web', '1', '1', '2015', '2015-12-05', '1', '1', '2015', '0000-00-00', '5', '2015-10-23', 'Realizar Manual de Usabilidad', '1'),
(580, 50, 2, 'Uniformes', '1', '1', '2015', '2015-12-15', '1', '1', '2015', '0000-00-00', '4', '2015-10-23', 'Definir Uniformes para el personal', '1'),
(581, 133, 14, 'Alimentar sitio web', '1', '1', '2015', '2015-12-10', '1', '1', '2015', '0000-00-00', '5', '2015-10-23', 'Realizar alimentaciÃ³n sitio web', '1'),
(582, 168, 2, 'Pagina web', '21', '11', '2015', '2015-11-21', '1', '1', '2015', '0000-00-00', '4', '2015-10-23', 'DiseÃ±ar pagina web', '1'),
(583, 133, 14, 'Alimentar sitio web', '1', '1', '2015', '2015-12-10', '1', '1', '2015', '0000-00-00', '5', '2015-10-23', 'Realizar alimentaciÃ³n ', '1'),
(584, 133, 21, 'Manual sitio web', '1', '1', '2015', '2015-12-10', '1', '1', '2015', '0000-00-00', '5', '2015-10-23', 'Realizar Manual de Usabilidad', '1'),
(585, 244, 20, 'Entrega de Tarjetas', '1', '1', '2015', '2015-10-30', '1', '1', '2015', '0000-00-00', '5', '2015-10-23', 'Hacer la entrega de las tarjetas para culminar con el contrato', '3'),
(586, 258, 21, 'Nuevas Estrategias', '30', '11', '2015', '2015-11-30', '1', '1', '2015', '0000-00-00', '5', '2015-10-23', 'Realizar estrategias del nuevo lugar', '1'),
(587, 252, 21, 'Seguimiento', '20', '11', '2015', '2015-11-20', '1', '1', '2015', '0000-00-00', '5', '2015-10-23', 'Realizar seguimiento al plan de mercadeo ', '2'),
(588, 15, 21, 'Seguimiento', '1', '1', '2015', '2015-11-20', '1', '1', '2015', '0000-00-00', '5', '2015-10-23', 'Realizar seguimiento al plan de mercadeo', '2'),
(589, 50, 21, 'Correos electronicos', '27', '10', '2015', '2015-10-27', '1', '1', '2015', '0000-00-00', '5', '2015-10-23', 'Definir correos electronicos del personal', '3'),
(590, 50, 21, 'Manual de usabilidad', '7', '11', '2015', '2015-11-07', '1', '1', '2015', '2015-11-10', '5', '2015-10-23', 'cambiar la forma de entrega del manual de usabilidad de las paginas web (video)', '3'),
(591, 277, 21, 'Analisis demografico', '1', '1', '2015', '2015-11-10', '1', '1', '2015', '0000-00-00', '5', '2015-10-23', 'Se evaluara la zona inicial de la idea de Negocio. CÃºcuta y su area metropolitana', '3'),
(592, 277, 2, 'Analisis demografico', '1', '1', '2015', '2015-11-10', '1', '1', '2015', '0000-00-00', '4', '2015-10-23', 'Se evaluara la zona inicial de la idea de Negocio. CÃºcuta y su area metropolitana', '3'),
(593, 277, 21, 'analisis previo de la competencia', '1', '1', '2015', '2015-11-10', '1', '1', '2015', '0000-00-00', '5', '2015-10-23', 'Investigar empresas con idea similar de negocio', '3'),
(594, 277, 2, 'Analisis previo de la competencia', '1', '1', '2015', '2015-11-10', '1', '1', '2015', '0000-00-00', '4', '2015-10-23', 'Investigar empresas con idea similar de negocio', '3'),
(595, 277, 21, 'CreaciÃ³n del Producto', '1', '1', '2015', '2015-11-17', '1', '1', '2015', '0000-00-00', '5', '2015-10-23', 'Se realizaran mediciones de acuerdo al producto que se va a entregar y como se puede complementar', '3'),
(596, 277, 2, 'CreaciÃ³n del producto', '23', '11', '2015', '2015-11-23', '1', '1', '2015', '0000-00-00', '4', '2015-10-23', 'Se realizaran mediciones de acuerdo al producto que se va a entregar y como se puede complementar', '1'),
(597, 277, 21, 'AnÃ¡lisis tendencia e innovaciÃ³n del negocio', '1', '1', '2015', '2015-11-24', '1', '1', '2015', '0000-00-00', '5', '2015-10-23', 'Se analizaran toques de innovaciÃ³n del negocio y tendencias mundiales para aplicar', '1'),
(598, 277, 2, 'AnÃ¡lisis de tendencia e innovaciÃ³n del negocio', '1', '1', '2015', '2015-11-24', '1', '1', '2015', '0000-00-00', '4', '2015-10-23', 'Se analizaran toques de innovaciÃ³n del negocio y tendencias mundiales para aplicar', '1'),
(599, 277, 21, 'Mejor Precio y diseÃ±o de propuestas', '1', '1', '2015', '2015-11-30', '1', '1', '2015', '0000-00-00', '5', '2015-10-23', 'Se entregaran propuestas orientadas para la ideaciÃ³n del negocio', '1'),
(600, 277, 2, 'Mejor Precio y diseÃ±o de propuestas', '1', '1', '2015', '2015-11-30', '1', '1', '2015', '0000-00-00', '4', '2015-10-23', 'Se entregaran propuestas orientadas para la ideaciÃ³n del negocio', '1'),
(601, 277, 21, 'Ajustes finales y Propuestas visuales para lanzamiento del negocio', '1', '1', '2015', '2015-12-14', '1', '1', '2015', '0000-00-00', '5', '2015-10-23', 'Se realizaran los ajustes pertinente a la investigaciÃ³n para entrega final', '1'),
(602, 277, 2, 'Ajustes finales y Propuestas visuales para lanzamiento del negocio', '1', '1', '2015', '2015-12-14', '1', '1', '2015', '0000-00-00', '4', '2015-10-23', 'Se realizaran los ajustes pertinente a la investigaciÃ³n para entrega final', '1'),
(605, 249, 20, 'Programar Reunion', '1', '1', '2015', '2015-10-27', '1', '1', '2015', '0000-00-00', '5', '2015-10-23', 'Redactar correo informando lugar y hora, llamar a confirmar reunion', '3'),
(606, 151, 20, 'Plantar Caso Maxilin', '21', '11', '2015', '2015-11-21', '1', '1', '2015', '0000-00-00', '5', '2015-10-23', 'Plantear en el ComitÃ© Gerencial soluciÃ³n del caso/ se aplaza hasta que haya COGE', '1'),
(607, 259, 20, 'Receso Plan de Mercadeo', '1', '1', '2015', '2015-10-23', '1', '1', '2015', '0000-00-00', '5', '2015-10-23', 'Enviar correo notificando el receso del plan de mercadeo.', '3'),
(608, 238, 20, 'Reunion', '5', '11', '2015', '2015-11-05', '1', '1', '2015', '0000-00-00', '5', '2015-10-23', 'Agendar reuniÃ³n para entregar informe y terminar proceso', '3'),
(609, 50, 20, 'Mensaje de Bienvenida', '1', '1', '2015', '2015-10-23', '1', '1', '2015', '0000-00-00', '5', '2015-10-23', 'Redactar correo para enviar a los nuevos clientes de la empresa', '3'),
(610, 273, 20, 'Correo de Bienvenida', '1', '1', '2015', '2015-10-23', '1', '1', '2015', '0000-00-00', '5', '2015-10-23', 'Enviar correo de Bienvenida al equipo Conaxport.', '3'),
(611, 275, 20, 'Correo de Bienvenida', '1', '1', '2015', '2015-10-23', '1', '1', '2015', '0000-00-00', '5', '2015-10-23', 'Enviar correo de bienvenida al equipo Conaxport', '3'),
(612, 277, 20, 'Correo de Bienvenida', '1', '1', '2015', '2015-10-23', '1', '1', '2015', '0000-00-00', '5', '2015-10-23', 'Enviar correo de Bienvenida al equipo Conaxport', '3'),
(613, 168, 20, 'AprobaciÃ³n Tarjetas', '25', '11', '2015', '2015-11-25', '1', '1', '2015', '0000-00-00', '5', '2015-10-23', 'Realizar llamada y enviar correo para la aprobaciÃ³n\nNo se localiza a ninguno de los gerentes en ningÃºn medio de comunicaciÃ³n', '2'),
(614, 275, 20, 'Agendar ReuniÃ³n', '1', '1', '2015', '2015-10-29', '1', '1', '2015', '0000-00-00', '5', '2015-10-23', 'Enviar correo con fecha y hora de la reuniÃ³n, realizar llamada para confirmar correo y reunion', '3'),
(615, 273, 6, 'Logo final', '1', '1', '2015', '2015-10-29', '1', '1', '2015', '0000-00-00', '2', '2015-10-24', 'Entrega del logo final', '3'),
(616, 15, 6, 'Toma de fotografias', '1', '1', '2015', '2015-11-03', '1', '1', '2015', '0000-00-00', '2', '2015-10-26', 'Ir a la oficina de la inmobiliaria a tomar las fotografias ( 8:30 )', '3'),
(617, 79, 6, 'Fotografias de Chekos', '1', '1', '2015', '2015-11-10', '1', '1', '2015', '0000-00-00', '2', '2015-10-26', 'Hacer fotomontaje para el inicio de pagina', '3'),
(619, 211, 20, 'Seguimiento Vargas Nossa ', '1', '1', '2015', '2015-10-27', '1', '1', '2015', '0000-00-00', '5', '2015-10-27', 'En espera de informaciÃ³n para alimetar sitio web', '3'),
(620, 252, 21, 'Establecer Procedimientos', '5', '11', '2015', '2015-11-05', '1', '1', '2015', '0000-00-00', '5', '2015-10-27', 'Establecer procedimientos en los procesos', '3'),
(621, 133, 21, 'Crear comitÃ© ', '1', '1', '2015', '2015-10-31', '1', '1', '2015', '0000-00-00', '5', '2015-10-27', 'Crear comitÃ© de ventas', '3'),
(622, 136, 21, 'Estrategia Llamadas', '5', '11', '2015', '2015-11-05', '1', '1', '2015', '0000-00-00', '5', '2015-10-27', 'Crear una estrategia para las llamadas', '3'),
(623, 133, 21, 'Crear formatos', '1', '1', '2015', '2015-10-31', '1', '1', '2015', '0000-00-00', '5', '2015-10-27', 'Crear formato hoja de vida, seguimiento, ficha tÃ©cnica, cotizaciÃ³n. ', '3'),
(624, 252, 21, 'Funciones', '1', '1', '2015', '2015-10-31', '1', '1', '2015', '0000-00-00', '5', '2015-10-27', 'Crear manual de funciones', '3'),
(625, 137, 21, 'Plan de metas', '1', '1', '2015', '2015-10-31', '1', '1', '2015', '0000-00-00', '5', '2015-10-27', 'creaciÃ³n de un plan de metas mensual', '3'),
(626, 78, 20, 'Enviar Redes Sociales', '1', '1', '2015', '2015-10-27', '1', '1', '2015', '0000-00-00', '5', '2015-10-28', 'Redactar correo electronico enviando correos y contraseÃ±as de las redes sociales a solicitud de la empresa', '3'),
(627, 173, 20, 'Enviar Revista Celeus', '1', '1', '2015', '2015-10-27', '1', '1', '2015', '0000-00-00', '5', '2015-10-28', 'Redactar correo y adjuntar link de la revista para aprobaciÃ³n o correcciÃ³n solicitada por la empresa', '3'),
(628, 251, 20, 'Solicitud de Informacion', '1', '1', '2015', '2015-10-28', '1', '1', '2015', '0000-00-00', '5', '2015-10-28', 'Se redactara un correo solicitando informaciÃ³n corporativa, fotografÃ­as, productos, contactos y demÃ¡s para su pagina web.', '3'),
(629, 219, 20, 'Solicitar InformaciÃ³n', '3', '11', '2015', '2015-11-03', '1', '1', '2015', '0000-00-00', '5', '2015-10-28', 'Redactar correo con instrucciones especificas del Sr. Fabian Gerente General para solicitar informaciÃ³n. \nNO se cumplio la tarea por falta de instrucciones.', '3'),
(630, 127, 20, 'Enviar Redes Sociales', '1', '1', '2015', '2015-10-28', '1', '1', '2015', '0000-00-00', '5', '2015-10-28', 'Redactar un correo por el cual se enviaran correos y contraseÃ±as de las redes sociales al seÃ±or Rony', '3'),
(631, 50, 2, 'Intermoda (MÃ©xico)', '1', '1', '2015', '2015-11-06', '1', '1', '2015', '0000-00-00', '4', '2015-10-28', 'Preparar Feria', '3'),
(632, 251, 3, 'Envar Recibo de Caja ', '1', '1', '2015', '2015-10-29', '1', '1', '2015', '2015-10-29', '3', '2015-10-29', '', '3'),
(633, 232, 20, 'Seguimiento Tecnoaluminios MG', '13', '11', '2015', '2015-11-13', '1', '1', '2015', '0000-00-00', '5', '2015-10-29', 'Se envio correo con administrador esperando respuesta.', '3'),
(634, 69, 3, 'RenovaciÃ³n de PÃ¡gina Web ', '1', '1', '2015', '2015-11-08', '1', '1', '2015', '2015-11-05', '3', '2015-10-29', ' 29/10/2015 Se enviÃ³ Cuenta de Cobro 03/11/2015 se llamÃ³ HablÃ© con la Srita. Monica, que ya paso la cuenta de Cobro.', '3'),
(635, 159, 3, 'RenovaciÃ³n Dominio ', '21', '11', '2015', '2015-11-21', '1', '1', '2015', '2015-11-06', '3', '2015-10-29', 'Se Renovo Dominio. Falta definir la cencelaciÃ³n del Mismo . ', '2');
INSERT INTO `tareas` (`id_tarea`, `segui_id`, `admin_id`, `tare_nam`, `DI`, `MI`, `AI`, `fechain_tar`, `DF`, `MF`, `AF`, `fechafin_tar`, `area_tarea`, `fecha_ing`, `descrip_tarea`, `esta_tar`) VALUES
(636, 72, 3, 'RenovaciÃ³n Dominio ', '17', '11', '2015', '2015-11-17', '1', '1', '2015', '0000-00-00', '3', '2015-10-29', '', '1'),
(637, 93, 3, 'RenovaciÃ³ Dominio ', '1', '1', '2015', '2015-11-25', '1', '1', '2015', '0000-00-00', '3', '2015-10-29', 'Renovar Dominio de PÃ¡gina Web de C.I Manue Cabrales , y La Gram Panama . Tener en cuenta que esto ya fue cancelado ', '1'),
(638, 131, 3, 'RenovaciÃ³n Dominio ', '1', '1', '2015', '2015-12-23', '1', '1', '2015', '0000-00-00', '3', '2015-10-29', 'PÃ¡gina Web Mesa de ParticipaciÃ³n de Victimas ', '1'),
(639, 203, 15, 'Entrega de Pagina Web', '1', '1', '2015', '2015-10-30', '1', '1', '2015', '0000-00-00', '5', '2015-10-29', 'Se realizara la entrega de la Pagina en las horas de la MaÃ±ana', '3'),
(640, 123, 15, 'Entregar Pagina web', '4', '11', '2015', '2015-11-04', '1', '1', '2015', '0000-00-00', '5', '2015-10-29', 'Realizar la entrega del sitio web', '3'),
(641, 225, 20, 'RecepciÃ³n de informaciÃ³n', '1', '1', '2015', '2015-11-03', '1', '1', '2015', '0000-00-00', '5', '2015-10-30', 'Realizar llamada para recepcionar informaciÃ³n final', '3'),
(642, 225, 20, 'Enviar Fotografias', '1', '1', '2015', '2015-10-30', '1', '1', '2015', '0000-00-00', '5', '2015-10-30', 'A solicitud de la empresa redactar correo adjuntando fotografÃ­as del personal.', '3'),
(643, 235, 20, 'Solicitar InformaciÃ³n', '1', '1', '2015', '2015-10-30', '1', '1', '2015', '0000-00-00', '5', '2015-10-30', 'Enviar correo solicitando informaciÃ³n que se pacto el dÃ­a de ayer 29/10/2015', '3'),
(644, 235, 20, 'Espera de informacion', '1', '1', '2015', '2015-11-03', '1', '1', '2015', '0000-00-00', '5', '2015-10-30', 'Se enviÃ³ el correo solicitando informaciÃ³n y se esta en espera de respuesta. ', '3'),
(645, 203, 9, 'Modificar numero de contacto', '3', '11', '2015', '2015-11-03', '1', '1', '2015', '0000-00-00', '6', '2015-10-30', 'Realizar la modificaciÃ³n del numero telefÃ³nico de contacto del sitio web por el siguiente 322-202-7049\nHacer que los mensajes que envÃ­en desde el menÃº contacto de la pÃ¡gina web, se direccionen al correo de gerencia de confecciones Kyam', '3'),
(646, 50, 18, 'Reporte Semanal: Negocios ', '1', '1', '2015', '2015-11-06', '1', '1', '2015', '0000-00-00', '1', '2015-11-03', 'Enviar a correo  electrÃ³nico  ', '3'),
(647, 50, 18, 'Reporte Semanal: Negocios ', '1', '1', '2015', '2015-11-13', '1', '1', '2015', '0000-00-00', '1', '2015-11-03', '\n', '3'),
(648, 50, 18, 'Reporte Semanal: Negocios ', '1', '1', '2015', '2015-11-20', '1', '1', '2015', '0000-00-00', '1', '2015-11-03', '', '1'),
(649, 50, 18, 'Reporte Semanal: Negocios ', '1', '1', '2015', '2015-11-27', '1', '1', '2015', '0000-00-00', '1', '2015-11-03', '', '1'),
(650, 50, 2, 'Depurar Clientes para negocios ', '1', '1', '2015', '2015-11-06', '1', '1', '2015', '0000-00-00', '4', '2015-11-03', '', '3'),
(651, 275, 13, 'manual de marca', '1', '1', '2015', '2015-11-06', '1', '1', '2015', '0000-00-00', '2', '2015-11-04', 'tener listo el manual de marca, y el diseÃ±o de las tarjetas.', '3'),
(652, 275, 20, 'Correo Informativo', '1', '1', '2015', '2015-11-04', '1', '1', '2015', '0000-00-00', '5', '2015-11-04', 'Enviar correo especificando fecha de entrega de manual y desarrollo de las tarjetas', '3'),
(653, 259, 20, 'Correo de Solicitud', '1', '1', '2015', '2015-11-04', '1', '1', '2015', '0000-00-00', '5', '2015-11-04', 'Enviar correo solicitando informaciÃ³n y decisiones de la empresa.', '3'),
(654, 79, 20, 'Condiciones de Entrega', '5', '11', '2015', '2015-11-05', '1', '1', '2015', '0000-00-00', '5', '2015-11-04', 'Enviar correo solicitando informaciÃ³n y pactando los tÃ©rminos de entrega.', '3'),
(655, 235, 20, 'Crear Carpeta', '1', '1', '2015', '2015-11-04', '1', '1', '2015', '0000-00-00', '5', '2015-11-04', 'Crear nueva carpeta con toda la informaciÃ³n enviada.', '3'),
(656, 50, 21, 'Cronograma', '1', '1', '2015', '2015-11-09', '1', '1', '2015', '0000-00-00', '5', '2015-11-04', 'Realizar un modelo de cronograma para la entrada de nuevos proyectos', '3'),
(657, 96, 20, 'Solicitud de fotografias', '1', '1', '2015', '2015-11-04', '1', '1', '2015', '0000-00-00', '5', '2015-11-04', 'Enviar correo solicitando fotografÃ­as ', '3'),
(658, 254, 9, 'Cambio a plataforma ', '1', '1', '2015', '2015-11-07', '1', '1', '2015', '0000-00-00', '6', '2015-11-04', 'Pasar la pagina web a plataforma ', '3'),
(659, 254, 14, 'Crear contenido en redes', '1', '1', '2015', '2015-11-07', '1', '1', '2015', '0000-00-00', '5', '2015-11-04', 'InnaguraciÃ³n en Bolivia, propuestas. ', '3'),
(660, 254, 21, 'Realizar cronograma de actividades a la Sra. Carolina Rugeles ', '1', '1', '2015', '2015-11-05', '1', '1', '2015', '0000-00-00', '5', '2015-11-04', 'Consultar a Jhorman ', '3'),
(661, 254, 20, 'Enviar fotografias a la seÃ±ora Carolina Rugeles ', '1', '1', '2015', '2015-11-05', '1', '1', '2015', '0000-00-00', '5', '2015-11-04', 'Solicitar fotografias  a Jhohan ', '3'),
(662, 254, 9, 'Pagina web', '1', '1', '2015', '2015-11-10', '1', '1', '2015', '0000-00-00', '6', '2015-11-05', 'Tener lista la pagina web con las correcciones dadas.', '3'),
(665, 254, 14, 'Iniciar Marketing Online ', '10', '11', '2015', '2015-11-10', '1', '1', '2015', '0000-00-00', '5', '2015-11-05', '', '3'),
(666, 132, 14, 'Manual usabilidad', '1', '1', '2015', '2015-11-10', '1', '1', '2015', '0000-00-00', '5', '2015-11-05', 'Terminar el manual de usabilidad', '3'),
(667, 254, 9, 'Realizar Modificaciones ', '1', '1', '2015', '2015-11-05', '1', '1', '2015', '0000-00-00', '6', '2015-11-05', 'Agrandar logo, agregar direcciÃ³n (Calle Velazco #2-78 entre calles parÃ­ y Suarez de Figueroa-Santa Cruz de Bolivia.', '3'),
(669, 144, 20, 'Llamar Sr. Coyote', '13', '11', '2015', '2015-11-13', '1', '1', '2015', '0000-00-00', '5', '2015-11-05', 'Lllamar para verificar correo\nCelular apagado', '3'),
(670, 252, 21, 'Correo Informativo', '9', '11', '2015', '2015-11-09', '1', '1', '2015', '0000-00-00', '5', '2015-11-06', 'enviar un correo aclarando el manejo de los nuevos correos informativos', '3'),
(671, 252, 21, 'Formatos', '10', '11', '2015', '2015-11-10', '1', '1', '2015', '0000-00-00', '5', '2015-11-06', 'Hacer las correcciones a los formatos', '3'),
(672, 133, 6, 'DiseÃ±o de imagen', '9', '11', '2015', '2015-11-09', '1', '1', '2015', '0000-00-00', '2', '2015-11-06', 'hacer un diseÃ±o del nuevo producto (alkalinizante)', '3'),
(674, 254, 14, 'Crear manual de usabilidad', '11', '11', '2015', '2015-11-11', '1', '1', '2015', '0000-00-00', '5', '2015-11-06', '', '3'),
(675, 254, 14, 'Alimentar sitio web ', '18', '11', '2015', '2015-11-18', '1', '1', '2015', '0000-00-00', '5', '2015-11-06', 'Solicitar informacion a Jhorman ', '3'),
(676, 96, 14, 'Alimentar pagina web ', '25', '11', '2015', '2015-11-25', '1', '1', '2015', '0000-00-00', '5', '2015-11-06', 'Faltan fotos.\n', '1'),
(677, 96, 14, 'Manual de usabilidad de sitio web ', '1', '1', '2015', '2015-11-11', '1', '1', '2015', '0000-00-00', '5', '2015-11-06', '', '3'),
(678, 50, 13, 'Logo Conaxport', '21', '11', '2015', '2015-11-21', '1', '1', '2015', '0000-00-00', '2', '2015-11-07', 'DiseÃ±ar propuesta del logo', '1'),
(679, 283, 20, 'Enviar correo', '1', '1', '2015', '2015-11-09', '1', '1', '2015', '0000-00-00', '5', '2015-11-07', 'enviar correo con mensaje de bienvenida y adjuntar cronograma', '3'),
(680, 283, 13, 'DiseÃ±ar imagen corporativo', '20', '11', '2015', '2015-11-20', '1', '1', '2015', '0000-00-00', '2', '2015-11-07', 'tener listas las propuestas para esta fecha', '2'),
(681, 283, 13, 'Manual de marca', '1', '1', '2015', '2015-11-26', '1', '1', '2015', '0000-00-00', '2', '2015-11-07', 'diseÃ±ar manual de marca', '1'),
(682, 283, 21, 'cronograma de actividades', '1', '1', '2015', '2015-11-09', '1', '1', '2015', '0000-00-00', '5', '2015-11-07', 'realizar cronograma de actividades', '3'),
(683, 283, 15, 'Entrega imagen corporativa', '1', '1', '2015', '2015-11-27', '1', '1', '2015', '0000-00-00', '5', '2015-11-07', 'Hacer la entrega final del proyecto', '1'),
(685, 245, 3, 'Enviar Fcatura con los Servicios Detallados ', '1', '1', '2015', '2015-11-06', '1', '1', '2015', '2015-11-07', '3', '2015-11-09', '', '3'),
(686, 283, 3, 'Enviar Reibo de caja ', '1', '1', '2015', '2015-11-09', '1', '1', '2015', '2015-11-09', '3', '2015-11-09', '', '3'),
(687, 114, 2, 'Soporte TÃ©cnico ', '19', '11', '2015', '2015-11-19', '1', '1', '2015', '0000-00-00', '4', '2015-11-09', 'Se esta revisando- tarea terminada el dia martes ', '2'),
(688, 276, 14, 'Redes sociales', '1', '1', '2015', '2015-11-10', '1', '1', '2015', '0000-00-00', '5', '2015-11-09', 'Crear correo y redes sociales', '3'),
(689, 50, 15, 'Crear formato', '1', '1', '2015', '2015-11-09', '1', '1', '2015', '0000-00-00', '4', '2015-11-09', 'Crear formato para entrega de imagen corporativa.', '3'),
(690, 50, 18, 'Manual Funciones', '1', '1', '2015', '2015-11-12', '1', '1', '2015', '0000-00-00', '4', '2015-11-09', 'Crear manual  de funciones para el equipo de trabajo.', '3'),
(691, 50, 13, 'Banner promocional', '1', '1', '2015', '2015-11-09', '1', '1', '2015', '0000-00-00', '2', '2015-11-09', 'Realizar el banner promocional mes de noviembre', '3'),
(692, 250, 20, 'Solicitar informaciÃ³n para las tarjetas ', '1', '1', '2015', '2015-11-10', '1', '1', '2015', '0000-00-00', '5', '2015-11-10', 'Se enviÃ³ correo, en espera de respuesta.\nYa se recibiÃ³ la informaciÃ³n solicitada', '3'),
(693, 36, 3, 'RenovaciÃ³n PÃ¡gina  de Dominio de pÃ¡gina web', '17', '11', '2015', '2015-11-17', '1', '1', '2015', '0000-00-00', '3', '2015-11-10', 'se ha enviado cta de cobro por correo. 10/11/2015 Se hablÃ³ con la srita Yuri que pasa el 11/11/2015, enviar direcciÃ³n por whasappt', '2'),
(694, 252, 3, 'Cobro Mes Final Plan de Mercadeo', '20', '11', '2015', '2015-11-20', '1', '1', '2015', '0000-00-00', '3', '2015-11-10', 'se enviÃ³ cuenta de Cobro. 10/11/2015 Se confirmo con la Srita Johana, llamar el 13/11/2015 para confirmar pago 13/11/2015 se llamÃ³ que el Ingeniero no se encuentra llamar el martes 17/11/2015. ', '2'),
(695, 213, 3, 'Cobro del 30% Final del contrato', '1', '1', '2015', '2015-11-23', '1', '1', '2015', '0000-00-00', '3', '2015-11-10', 'Cancelaron la pÃ¡gina , queda pendiente Modulo de Contabilidad.', '3'),
(696, 277, 20, 'Enviar correo', '11', '11', '2015', '2015-11-11', '1', '1', '2015', '0000-00-00', '5', '2015-11-10', 'Informando que se esta trabajando en el plan de viabilidad (preguntar a Tatiana)', '3'),
(697, 258, 20, 'Llamar ', '11', '11', '2015', '2015-11-11', '1', '1', '2015', '0000-00-00', '5', '2015-11-10', 'Llamar al Doctor para confirmar cuando se retoma el plan de mercadeo', '3'),
(698, 91, 14, 'Manual de Usabilidad ', '1', '1', '2015', '2015-11-10', '1', '1', '2015', '0000-00-00', '5', '2015-11-10', '', '3'),
(699, 72, 14, 'Alimentar pagina Tecnoaluminios ', '17', '11', '2015', '2015-11-17', '1', '1', '2015', '0000-00-00', '5', '2015-11-11', 'Solicitar informaciÃ³n Jhorman.', '3'),
(700, 211, 2, 'Comprar dominio ', '1', '1', '2015', '2015-11-11', '1', '1', '2015', '0000-00-00', '4', '2015-11-11', 'comprado', '3'),
(701, 254, 6, 'Realizar Cambios ', '1', '1', '2015', '2015-11-12', '1', '1', '2015', '0000-00-00', '2', '2015-11-11', 'Tarjetas de presentaciÃ³n, perfil de Facebook, fotografias para pagina. ', '3'),
(702, 222, 6, 'Banner Promocional ', '1', '1', '2015', '2015-11-12', '1', '1', '2015', '0000-00-00', '2', '2015-11-12', 'Solicitar informaciÃ³n a Slendy ', '3'),
(703, 236, 9, 'Programar plataforma web ', '21', '11', '2015', '2015-11-21', '1', '1', '2015', '0000-00-00', '6', '2015-11-12', '', '2'),
(704, 261, 13, 'PresentaciÃ³n de propuesta', '1', '1', '2015', '2015-11-17', '1', '1', '2015', '0000-00-00', '2', '2015-11-13', '', '3'),
(705, 213, 3, 'Enviar Cuenta de Cobro y Recibo de Caja forma Presencial. ', '19', '11', '2015', '2015-11-19', '1', '1', '2015', '0000-00-00', '3', '2015-11-13', '', '1'),
(706, 275, 3, 'Realizar Cobro Final ', '17', '11', '2015', '2015-11-17', '1', '1', '2015', '0000-00-00', '3', '2015-11-13', 'Se envio  cuenta de Cobro por correo. A la espera de Entrega. Ella se encuentra Enferma ', '2'),
(707, 259, 13, 'PrediseÃ±o de plataforma web ', '4', '12', '2015', '2015-12-04', '1', '1', '2015', '0000-00-00', '2', '2015-11-13', '', '1'),
(708, 50, 15, 'Informe Semanal de Proyectos', '1', '1', '2015', '2015-11-20', '1', '1', '2015', '0000-00-00', '5', '2015-11-16', 'Enviar a la gerencia informe semanal de proyectos: 1. proyectos entregados de la semana y % de rendimiento  2. Meta de proyectos establecida para la prÃ³xima semana', '1'),
(709, 50, 15, 'Informe semanal de Proyectos', '1', '1', '2015', '2015-11-27', '1', '1', '2015', '0000-00-00', '5', '2015-11-16', 'Enviar a la gerencia informe semanal de proyectos: 1. proyectos entregados de la semana y % de rendimiento  2. Meta de proyectos establecida para la prÃ³xima semana', '1'),
(710, 50, 3, 'Informe semanal Financiero', '20', '11', '2015', '2015-11-20', '1', '1', '2015', '0000-00-00', '3', '2015-11-16', 'Enviar a la gerencia informe semanal Financiero: 1. Cobros realizados - cuentas pagadas- cuentas pendientes % de rendimiento de la semana  2. Meta establecida para la prÃ³xima semana ( meta para cobros y meta para pagos)', '1'),
(711, 50, 3, 'Informe Semanal ', '1', '1', '2015', '2015-11-27', '1', '1', '2015', '0000-00-00', '3', '2015-11-16', 'Enviar a la gerencia informe semanal Financiero: 1. Cobros realizados - cuentas pagadas- cuentas pendientes % de rendimiento de la semana 2. Meta establecida para la prÃ³xima semana ( meta para cobros y meta para pagos)', '1'),
(712, 261, 13, 'Presentar manual de marca ', '1', '1', '2015', '2015-11-21', '1', '1', '2015', '0000-00-00', '2', '2015-11-17', '', '1'),
(713, 15, 6, 'Arreglar fotos de INQUILINO ', '1', '1', '2015', '2015-11-18', '1', '1', '2015', '0000-00-00', '2', '2015-11-17', '', '2'),
(714, 119, 6, 'RediseÃ±o de Etiqueta', '1', '1', '2015', '2015-11-20', '1', '1', '2015', '0000-00-00', '2', '2015-11-18', 'Apoyarse en Juan David', '1'),
(715, 50, 15, 'Realizar relaciÃ³n de entrega de Proyectos ', '1', '1', '2015', '2015-11-19', '1', '1', '2015', '0000-00-00', '4', '2015-11-18', 'Mes de noviembre y Diciembre ', '3'),
(716, 33, 2, 'Dominio', '1', '1', '2015', '2015-11-19', '1', '1', '2015', '0000-00-00', '4', '2015-11-19', 'Revisar dominio ', '1'),
(717, 238, 3, 'Definir Fechas de Cobro ', '1', '1', '2015', '2015-11-19', '1', '1', '2015', '0000-00-00', '3', '2015-11-19', '19/11/2015 Se hablÃ³  Telefonicamente con el Sr. Juan , que le iba a comentar a la Administradora y regresaba la llamada.  Se enviÃ³ correo.', '2'),
(718, 251, 20, 'Seguimiento ', '1', '1', '2015', '2015-11-20', '1', '1', '2015', '0000-00-00', '5', '2015-11-19', 'Realizar nuevamente llamada para respuesta de correo', '1'),
(719, 275, 20, 'Seguimiento', '1', '1', '2015', '2015-11-20', '1', '1', '2015', '0000-00-00', '5', '2015-11-19', 'Realizar constante llamadas para entrega de tarjetas y manual de marca.', '1'),
(720, 48, 14, 'Redes sociales', '1', '1', '2015', '2015-11-20', '1', '1', '2015', '0000-00-00', '5', '2015-11-19', 'Crear redes sociales, y hacer marketing online por 1 mes,dar posicionamiento a la pagina  entrando cada dia.', '1'),
(721, 118, 15, 'PreparaciÃ³n Feria Internacional', '1', '1', '2015', '2015-11-21', '1', '1', '2015', '0000-00-00', '5', '2015-11-20', '', '1'),
(722, 285, 21, 'Designar tareas', '1', '1', '2015', '2015-11-20', '1', '1', '2015', '0000-00-00', '5', '2015-11-20', 'Despues de la reuniÃ³n con los seÃ±ores de Aceite Cristal, hacer el cronograma de actividades y establecer fechas', '1'),
(723, 277, 13, 'Manual de marca', '1', '1', '2015', '2015-11-24', '1', '1', '2015', '0000-00-00', '2', '2015-11-20', 'DiseÃ±ar manual de marca', '1'),
(724, 50, 9, 'Sitio Web', '1', '1', '2015', '2015-11-21', '1', '1', '2015', '0000-00-00', '6', '2015-11-20', 'Preguntar a Jhorman', '1'),
(725, 288, 13, 'Toma de Fotografias ', '1', '1', '2015', '2015-11-24', '1', '1', '2015', '0000-00-00', '2', '2015-11-20', 'Fotografias a las 2:30 pm, (40 Fotografias)', '1'),
(726, 288, 6, 'Editar fotos ', '1', '1', '2015', '2015-11-25', '1', '1', '2015', '0000-00-00', '2', '2015-11-20', 'MiÃ©rcoles Todo el dÃ­a (40 fotos)', '1'),
(727, 287, 14, 'Redes sociales ', '1', '1', '2015', '2015-11-25', '1', '1', '2015', '0000-00-00', '5', '2015-11-20', 'Crear redes sociales (Facebook-Instagram)', '1');

-- --------------------------------------------------------

--
-- Estructura de tabla para la tabla `terceros`
--

CREATE TABLE IF NOT EXISTS `terceros` (
  `id_tercer` int(11) NOT NULL AUTO_INCREMENT,
  `nomb_terc` varchar(255) COLLATE utf8_spanish_ci NOT NULL,
  `ced_nit_terc` varchar(255) COLLATE utf8_spanish_ci NOT NULL,
  `telf_terc` varchar(20) COLLATE utf8_spanish_ci NOT NULL,
  `dire_terc` varchar(255) COLLATE utf8_spanish_ci NOT NULL,
  `tipo_terc` varchar(10) COLLATE utf8_spanish_ci NOT NULL,
  PRIMARY KEY (`id_tercer`)
) ENGINE=InnoDB  DEFAULT CHARSET=utf8 COLLATE=utf8_spanish_ci AUTO_INCREMENT=243 ;

--
-- Volcado de datos para la tabla `terceros`
--

INSERT INTO `terceros` (`id_tercer`, `nomb_terc`, `ced_nit_terc`, `telf_terc`, `dire_terc`, `tipo_terc`) VALUES
(1, 'Yesica Andrea Fonseca PeÃ±aranda', '1090436567', '1090436567', 'cll 1 NÂº 11- 33 CaÃ±afistolo', '3'),
(2, 'Laura Elvira Quintero', '60358435', '60358435', 'Av 11 # 16-14 b. Libertad ', '5'),
(3, 'Luz Marina Quintero', '60314680', '60314680', 'calle 16 # 11-09 b. Libertad', '5'),
(4, 'Breyner Armando Fuentes CastaÃ±eda', '1090408264', '1090408264', '', '3'),
(5, 'Banco FundaciÃ³n de la Mujer', '100000000', '100000000', '', '1'),
(6, 'Anggelo FabiÃ¡n Morales Quintero', '1090434481', '1090434481', 'Calle 16 # 11-09  B. Libertad', '3'),
(7, 'Albert Steward Arias Duarte', '1090477181', '1090477181', 'Atalaya', '3'),
(8, 'Astrid Yuliana Vera Quintero', '1090494444', '1090494444', 'Av 11 # 16-14 barrio la libertad', '3'),
(9, 'Jhohan SebastiÃ¡n Duarte GutiÃ©rrez', '1090486075', '1090486075', '', '3'),
(10, 'Paola Andrea Castellanos Ballesteros', '1090449181', '1090449181', 'calle 3 # 4-45 Motilones', '3'),
(11, 'Nelly Alexandra DÃ­az RincÃ³n', '37391285', '37391285', '', '3'),
(12, 'Daviana Paola Moncada Velandia', '1090409968', '1090409968', '', '3'),
(13, 'Sasha Klio Guerrero', '111111', '111111', '', '3'),
(14, 'Bancomeva', '00000001', '00000001', '', '5'),
(15, 'Banco BogotÃ¡', '00000002', '00000002', '', '5'),
(16, 'Banco Caja Social', '00000003', '00000003', '', '5'),
(17, 'Banco Colpatria', '00000005', '00000005', '', '5'),
(18, 'Une TelefonÃ­a', '000000025', '000000025', '', '5'),
(19, 'Caja menor', '0111121', '0111121', '', '5'),
(20, 'Movistar - TelefÃ³nica', '0000000555', '0000000555', '', '5'),
(21, 'Kevin JosÃ© Castro ', '1102843748', '1102843748', 'Sincelejo', '3'),
(22, 'La ClÃ­nica Del Toner', '77.153.743 -0', '77.153.743 -0', 'Diagonal Santander NÂº 0-38 ', '1'),
(23, 'Nelson Quintero ( Domiciliario) ', '88202321', '88202321', '', '5'),
(24, 'JuliÃ¡n Romero Mantilla ( Abogado)', '1.098.647.778 ', '1.098.647.778 ', 'Bucaramanga', '5'),
(25, 'Supermercado Galcon Libertad', '60363797 - 7', '60363797 - 7', '', '5'),
(26, 'Makro S.A.S', '900059238-5', '900059238-5', '', '5'),
(27, 'Punto Ricuras La Libertad', '70.907.359 -7', '70.907.359 -7', 'Calle 18 NÂ° 12 -02 B. La Libertad ', '5'),
(28, 'Steven Reyes ', '10000000000', '10000000000', '', '3'),
(29, 'Identidad Olfativa', '900.652.275-0', '900.652.275-0', 'Carrera 43A # 19 Sur 29 INT 414', '4'),
(30, 'Grafoz Publicidad ', '13277952', '13277952', '', '4'),
(31, 'Ãštiles de PapelerÃ­a ', '2265444', '2265444', '0', '5'),
(32, 'Solution Creativa', '000000000', '000000000', 'Calle 12 N Âº 8-37 Centro', '4'),
(33, 'Jhoan PeÃ±a ', '1.090.466.110', '1.090.466.110', '', '5'),
(34, 'Traperos El Mejor', '890.503.844 -8', '890.503.844 -8', 'Av.8 11 - 45 Centro', '5'),
(35, 'Deprisa', '100000020', '100000020', '1', '5'),
(36, 'Chocotik', '60458692', '60458692', 'Niza', '5'),
(37, 'Slendy Dayana Vera Hoyos', '98011659993', '98011659993', 'libertad', '3'),
(38, 'RetenciÃ³n en la fuente - CorporaciÃ³n Innovar', '900133071-9', '900133071-9', '', '2'),
(39, 'Rocio Ardila', '60309901', '60309901', 'Calle 16 # 11-22 b. Libertad', '4'),
(40, 'Inquilino Inmobiliaria', '1090408264-9', '', 'Av 11 # 16-14 B. Libertad ', '2'),
(41, 'Induarte', '23780038-9', '', ' AV 8 NÂº 11-12 CENTROÂ ', '2'),
(42, 'Aleisa Jeans', '88263619-7', '', 'Av 7 NÂº 12-31 Local H 22', '2'),
(43, 'Toscana y Sorrento Gourmet', '900303031-4', '', '', '2'),
(44, 'Cicol ', '', '', '', '2'),
(45, 'Hotel Center Plaza Plus', '900.137.729 -4 ', '', 'Cenabastos ', '2'),
(46, 'Surtiflores JG', '', '', '', '2'),
(47, 'Churros Latinos', '60.337.644-9', '', 'Cll 9 # 1- 45 B. Latino ', '2'),
(48, 'Workin Uniformes Empresariales', '', '', '', '2'),
(49, 'La flor del Lirio', '11379325-6', '', 'av. 0 #3-92 Esquina barrio Lleras', '2'),
(50, 'Calzado Rudins', '', '', '', '2'),
(51, 'Calzado Jhones', '', '', '', '2'),
(52, 'Agencia de Festejos Crisyen', '60.422.049- 1', '', 'Av. 1 NÂº 10-73 Centro ', '2'),
(53, 'Ladrillera Merkagres', '807.007.414-5', '', 'Km 2 El Zulia VÃ­a OcaÃ±a ', '2'),
(54, 'Best of USA boutique', '88.270.227', '', '', '2'),
(55, 'Constructora Futumatrix', '900654017-6', '', 'Centro Comercial River Plaza Oficina 322 ', '2'),
(56, 'Dnusa Cueros', '60.312.759 - 9', '', 'calle 11 NÂº 11c - 13 San JosÃ© de Torcoroma ', '2'),
(57, 'Opita Shoes', '79476084-9', '', '', '2'),
(58, 'Inversiones Kyse', '', '', '', '2'),
(59, 'Comercaribe', '', '', '', '2'),
(60, 'Joyeria Melissa', '', '', '', '2'),
(61, 'Imex HyS', '', '', '', '2'),
(62, 'Laboratorio Prosalud', '', '', '', '2'),
(63, 'Calzado Ifigenia', '', '', '', '2'),
(64, 'Verzad ', '88.193.601 - 4', '', '', '2'),
(65, 'Inmobiliaria Provase', '890.501.388-1', '', '', '2'),
(66, 'Rolling Food Truck', '900.728.586-4', '', 'kM 1 - EstaciÃ³n Pinar del RÃ­o', '2'),
(67, 'Hotel B`quin Plaza', '900.331.936-3', '', 'Calle 10 # OE - 142 Centro', '2'),
(68, 'Servicolombia EspaÃ±a', '', '', '', '2'),
(69, 'Calzado Britney', '', '', '', '2'),
(70, 'Industrias El Nogal', '900642400-2', '', 'Cl 13 4-72 Brr. AeropuertoÂ ', '2'),
(71, 'Tecnoaluminios MG', '900730517-2', '', 'calle 28 NÂº 22B- 104 Av Luis Carlos Galan ', '2'),
(72, 'Curramba Express', '', '', '', '2'),
(73, 'Corpoces', '80700358-9', '', '', '2'),
(74, 'ChekoÂ´s Jeans', '', '', 'Mz 15 Lote 13 Barrio Claret ', '2'),
(75, 'Cobros Johan', '', '', '', '2'),
(76, 'CafÃ© Galavis', '900.469.953-2', '', 'Av. 6 NÂº 6N - 31 Zona Industrial ', '2'),
(77, 'Punto Rojo', '', '', 'Calle 20 NÂº 19- 45 ', '2'),
(78, 'Decoflores', '88200248-8', '', 'Av.0 # 1-28 B. lleras ', '2'),
(79, 'Buxxy Jeans ', '', '', '', '2'),
(80, 'Produti', '', '', '', '2'),
(81, 'Lady Cerasi ', '37.392.146-2', '', 'Calle 9 # 12 - 57 B. El Llano ', '2'),
(82, 'Conaxport Asesorias Empresariales', '1090434481-0', '', 'Av 11 # 16-14 B. Libertad', '2'),
(83, 'Walther Arrubla', '', '', 'Cll 25 18- 113 centro ', '2'),
(84, 'C.I Manucabrales & Cia SAS', '900.090.452 -1 ', '', 'Calle 11 # 4-39 Centro Internacional LECS OF. 306 ', '2'),
(85, ' La Tertulia ', '', '', 'Av0 13-20 Centro', '2'),
(86, 'Clinica Tu Salud', '', '', '', '2'),
(87, 'PsicologÃ­a Positiva ', '1.090.427.974', '', 'Cll 11 # 3-44 Centro Comercial Venecia Ofic. 218', '2'),
(88, 'Cake - Arte ', '60.390.148', '', 'Av 6 NÂº 29-28 Torre Bember Apto 602 Urb. Bella Vista Pinar del RÃ­o', '2'),
(89, 'Kids Estilo Fashion', '9186829-1', '', 'Oficina Ventura Plaza', '2'),
(90, 'Olarte Decoraciones y Festejos', '43546201 - 4', '', 'Av. 0E # 3 -55 Barrio Lleras ', '2'),
(91, 'Laboratorio Clinico Especializado  Yamina Cumplido Romero', '900178355-9 ', '', 'Cra. 21 NÂº 18 â€“ 75 Barrio La Ford, ', '2'),
(92, 'Hotel Baos', '1111111111', '', 'Cra. 23a N.22B-261 av luis carlos galan', '2'),
(93, 'Boutique ropa', 'NO registra', '', 'local al lado de walter arrugla', '2'),
(94, 'saul vega abogados asociados S.A.S.', '11111111111111111', '', 'cll 23 19-47 ofc. 301 edf. concasa', '2'),
(95, 'Galeria Picassso', '', '', 'Calle 25 # 28-96', '2'),
(96, 'Full Gloss', '37278267-8', '', '', '2'),
(97, 'Los Ãngeles Inc', '43164016-8', '', 'Av 11 2E-10 Centro Comercial Quinta VÃ©lez Bodytech L 204-205', '2'),
(98, 'La Cava de los Quesos', '13.495.435', '', 'Calle 6 # 0e-10 Ceiba ', '2'),
(99, 'A todo destino', '88227514-1', '5717454 - ', 'Calle 12 NÂº4 4-47 Ofc. 6 CC internacional', '2'),
(100, 'Cases Covers', '900.798.473 - 1', '', 'Unicentro ', '2'),
(101, 'CorporaciÃ³n Innovar', '900.133.071-9', '', 'Av. 7E NÂº 0-42 Quinta Bosh', '2'),
(102, 'Quimiandes Colombia', '00000000', '5870761', 'av7 # 19n-50 Parque Industrial Del Oriente Bod. 14 ', '2'),
(103, 'Taxi jorge', '000000002', 'd', 'd', '2'),
(104, 'PG 100 ', '', '', '', '4'),
(105, 'Pg:300 ', '', '', '', '4'),
(106, 'Pg:500 ', '', '', '', '4'),
(107, 'Pg:1GB', '', '', '', '4'),
(108, 'Pg:2GB', '', '', '', '4'),
(109, 'Pg:4GB', '', '', '', '4'),
(110, 'Pg:5GB', '', '', '', '4'),
(111, 'Pg:10GB', '', '', '', '4'),
(112, 'Pg:Ilimitado', '', '', '', '4'),
(113, 'Pg:15gb', '', '', '', '4'),
(114, 'Solution: Tarj Brill ', '', '', '', '4'),
(115, 'Solution: Tarj Mate', '', '', '', '4'),
(116, 'Solution: Tarj Brillos uv -Mate', '', '', '', '4'),
(117, 'Solution: Tarj Holograma', '', '', '', '4'),
(118, 'Solution: Tarj Platinium', '', '', '', '4'),
(119, 'Conaxport', '', '', '', '4'),
(120, 'Memorias Basicas - Alejandria', '', '', '', '4'),
(121, 'Factureros 3  Copias 1 Tinta ', '', '', '', '4'),
(122, 'Hojas Membretes', '', '', '', '4'),
(123, 'Factureros 3 copias 1 tinta tam: 1/2  carta', '', '', '', '4'),
(124, 'Letrero Publicitario en Lona Panaflex ( Adriana)', '', '', '', '4'),
(125, 'Dominio Adicional ', '', '', '', '4'),
(126, 'Adhesivo Publicitario Para carro ', '', '', '', '4'),
(127, 'SelecciÃ³n de Personal ', '', '', '', '4'),
(128, 'SelecciÃ³n de Personal ', '', '', '', '4'),
(129, ' Video - Diapositiva', '', '', '', '4'),
(130, 'Identidad Olfativa S.A.S', '', '', '', '4'),
(131, 'Modista de Uniformes', '', '', '', '4'),
(132, 'Grafoz:  2.000 -Tarjetas de PresentaciÃ³n Troqueladas', '', '', '', '4'),
(133, 'Grafoz Publicidad - Sticker ', '', '', '', '4'),
(134, ' Carpetas Tipo Carpeta - TipografÃ­a Cesar', '', '', '', '4'),
(135, '30 Portafolio De Servicios ', '', '', '', '4'),
(136, 'Solution - Tarjetas brillantes 30000', '', '', '', '4'),
(137, 'Coyote Store', '0000', '', 'cll 32a #34-501 av  sincelejito', '2'),
(138, 'Textiles De EnsueÃ±o SAS', '900.457.490-2', '5761984', 'Cll 20 # 11- 15 Barrio la Esperanza ( Villa del Rosario)', '2'),
(139, 'Panamericana Libreria y Papeleria S.A.S', '830037946-2', '830037946-2', 'Centro comercial Ventura L-247', '4'),
(140, 'Distribuciones Nacionales Distrinal', '79.453.500 -2', '5714020', 'Calle 6 NÂª 2-57 Barrio Latino', '2'),
(141, '20 Factureros, Media Carta, 1 Tinta, 1 Copia (2015)', '', '', '', '4'),
(142, ' 1 Selllo Grafoz ', '', '', '', '4'),
(143, 'Exito S.A', '99I9IQ9I9', '99I9IQ9I9', '', '5'),
(144, 'Bancolombia', 'Cta Ahorros ', 'Cta Ahorros ', '', '5'),
(145, 'Luis Solano', '88.224.508', '88.224.508', 'La Libertad', '5'),
(146, '5 Factureros Media Carta, 1 copia , 1 tinta/ Grafoz Publicidad', '', '', '', '4'),
(147, '5 Factureros Media Carta, 1 copia , 1 tinta/ Grafoz Publicidad', '', '', '', '4'),
(148, '200 Folletos, 200 Tarjetas-  Tipografia Nacional', '', '', '', '4'),
(149, '1000 Brochure FÃ­sico Doble Carta , Plastificado,  Full Color ', '', '', '', '4'),
(150, '1000 Tarjetas PresentaciÃ³n Plast Mate- Uv - RincÃ³n Publicidad', '', '', '', '4'),
(151, '2  Sellos - Publicidad RincÃ³n ', '', '', '', '4'),
(152, 'Mileidy Paola Gomez Torres', '1090431731', '1090431731', '', '3'),
(153, 'Jhorman Alexis Diaz Perez', '1093772292', '1093772292', '3125205192', '3'),
(154, 'Unidad de Diagnostico Ginecologico y Prenatal Ser Mujer S.A.S ', '900.172.745 -0', '2820053', 'Carrera 21 NÂª 14 -45 Barrio FORD', '2'),
(155, 'Juan David Vargas GarcÃ­a ', '1.090.414.153', '', '', '3'),
(156, 'Frontera Textil', '900.438.360-2', '900.438.360-2', 'Calle 11 # 7-59 Centro', '5'),
(157, 'Publicidad RincÃ³n', '13.502.903-8', '13.502.903-8', 'calle 12 NÂª 9-01', '4'),
(158, 'Jessica Vila', '1.090.429.116', '', 'Av. 7 # 12-05 Local 4 Barrio panamericano ', '2'),
(159, 'CÃ¡mara de Comercio de CÃºcuta', '890.500.513-1', '5829527 ', 'Calle 10 No 4-38  Centro ', '5'),
(160, 'M&A Soluciones Constructivas', '900.819.399 - 4', ' ', 'Av. 7 # 12 -05 Local 3', '2'),
(161, '1 Sello', '', '', '', '4'),
(162, 'Constructora Viviendas y Proyectos S.A.S', '900.103.879 -4 ', '5717032', 'Av. 1ra N. 14 - 16 Of. 202 Edificio San Vicente II', '2'),
(163, 'Imagen Corporativa 3D ', '', '', '', '4'),
(164, 'Insumos El Bufalo', '88.237.585 -5 ', '5725616', 'Av. 9 10 - 22 El Llano', '2'),
(165, 'Pasabocas Chic', '88.240.640 -3', '', '', '2'),
(166, 'Rocio Uniformes ( Pasabocas Chic)', '', '', '', '4'),
(167, 'Jhonatan Alexander Moreno Rincon			', '1.090.478.611', '1.090.478.611', '', '3'),
(168, 'Arley Alfredo Duarte ', '1.090.402.593', '1.090.402.593', 'Calle 3 # 2-43 Motilones', '3'),
(169, 'Quesos Cifuentes', '5.526.003 - 9', '', 'Diagonal 11 0E NÂª 15N - 24 Zulima', '2'),
(170, 'Maira', 'Uniformes ', 'Uniformes ', 'Cll 8N # 8E - 106 Guaimaral', '4'),
(171, 'Edgar Molina Perez ', '13448262', '13448262', 'La Libertad ', '5'),
(172, 'Xiomara ', '4545454445', '4545454445', '', '3'),
(173, 'Homecenter', '800242106-2', '800242106-2', '', '5'),
(174, 'Superintendencia de notariado y registro', '899999007-0', '899999007-0', '', '5'),
(175, 'Impapeles Del Norte', '60.385.058-7', '60.385.058-7', 'Av. 8 NÂº 11 - 04 Centro', '4'),
(176, 'Heylin Yanirth Mantilla AcuÃ±a', '1.093.760.933', '1.093.760.933', 'calle 5 # 5-55 Barrio Motilones', '3'),
(177, 'D`blii', '22222222222222', '', '', '2'),
(178, 'Confecciones KYAM', '37.443.444 -2', '3215227223', 'Av. 9 # 3N- 26 San MartÃ­n', '2'),
(179, 'Papeleria Su Oficina', '27.575.338 -1', '27.575.338 -1', 'Calle 12 NÂª 3 -60 ', '4'),
(180, 'Jennifer DÃ­az ( Domicilio)', '1.090.379.690', '1.090.379.690', '', '5'),
(181, 'Mi Pecado', '1090407070', '', 'Conjunto Cerrado Prados Del Este Casa 6 -21', '2'),
(182, 'Reparamos.com', '5715955', '5715955', 'Av 1 NÂª 11-42 Centro', '5'),
(183, 'PlÃ¡tanos Mapache', '900.496.087 -3', '', 'Av. 11 # 9AN -62 Chapinero Las AmÃ©ricas ', '2'),
(184, ' COOPERATIVA NAFD ( Salud, Riesgos, Pensiones)', '900.500.001 -8', '900.500.001 -8', 'Av 2E NÂª 15 A -17 Barrio Caobos ', '5'),
(185, 'Bodega La Paz ( PapelerÃ­a)', '13.222.672', '13.222.672', 'Avenida 8 NÂª 11 - 80/82', '5'),
(186, 'RenovaciÃ³n Dominio Aleisa - Winkhosting', '', '', '', '4'),
(187, 'Winkhosting', '01 800 700 1941', '01 800 700 1941', '', '4'),
(188, 'Suministros Capa', '3125082623', '3125082623', 'Av 12 NÂª 16 -48 La Libertad ', '5'),
(189, 'Hotel San Nicolas Campestre', '1.018.422.598', '', 'calle 17a # 2E -06 Local 1 - Calle 9 # 5-79 Chinacota ', '2'),
(190, 'Veterinaria El RebaÃ±o', '13507836', '5776767', 'AV. Gran Colombia 9E - 41 Barrio La Riviera', '2'),
(191, 'Josue David Uribe ', '1.093.770.009 ', '1.093.770.009 ', 'Cll. 0 # 5 â€“ 70 Urb. Villas del Escobal', '3'),
(192, 'J.J Tours', '13.462.400 -2', '3107974990', 'cll 9 # 8 - 87 Centro', '2'),
(193, 'Sintraservisalud ', '900.759.952 -1', '', 'Cll 0 # 2e - 27', '2'),
(194, 'Letrero AcrÃ­lico Publicidad RincÃ³n', '', '', '', '4'),
(195, '1000 Etiquetas- Publicidad RincÃ³n 2015', '', '', '', '4'),
(196, 'Credi Cars', '900.900.392.075-8', '', 'Cll 10 # 16 -71 Cundinamarca', '2'),
(197, 'Fanny Carrillo Cardenas ( Contador PÃºblico) ', '60343517', '60343517', 'CLL 19 AN #BE - 60 Niza', '5'),
(198, 'Inquilino', '1.090.408.264 -9', '1.090.408.264 -9', '', '5'),
(199, 'MarÃ­a Marcela GarcÃ­a Herreros Ramirez', '60.277.560', '3153822671', 'Av. 6E Edif. Cenit 10-03 La Riviera ', '2'),
(200, 'Luis Arturo DÃ­az Melendez', '', '', 'Cra 34 # 5- 29 Barrio Villas de Sevilla ( Villa del Rosario)', '2'),
(201, 'Exito y Fama S.A.S', '900.817.684 -1', '5887908', 'Av 11E 3N - 34 Barrio Govika', '2'),
(202, 'Internet Bogota', '300 2083587', '300 2083587', 'Calle 127C # 45a - 55, BogotÃ¡ - Colombia. ', '4'),
(203, 'Vargas Nossa & Asociados', '88.194.598', '', 'Av. 2 # 10 -37 Edif. La Segunda 3 Piso ', '2'),
(204, 'Manufacturas Stoncon S.A.S', '900.633.802 -1', '', 'Calle 16N # 5-136 Corral de Piedra Frente a la Sijin', '2'),
(205, 'E & N Creacciones', '887.262.288', '', 'Cll  6 # 13 - 106', '2'),
(206, 'Acicuv- CÃºcuta Verde', '900.716.819 -3 ', '', 'Av. 6 # 10-20 Ofic. 10- 03 Ed. DACACH', '2'),
(207, 'Francisco Rodriguez Lopez', '88234850', '', 'cll 25 NÂº 11 -04 Bellavista - La Libertad', '2'),
(208, 'Hotel Villa Antigua', '60.296.332 -9', '', 'Villa del Rosario- Norte de Santander', '2'),
(209, 'Suramericana', '890.903.407 -9', '890.903.407 -9', 'Cll 10 # 3 -42 Of 701 ', '5'),
(210, 'Ifinorte', '890.501.971 -6', '5836464 / 5836264', 'Av. 0 NÂº 9 -80 Edificio El Rosetal ', '2'),
(211, 'AlcaldÃ­a Municipal de San JosÃ© de CÃºcuta', '890501434-2', '890501434-2', ' Calle 11 No. 5-49 Palacio Municipal', '5'),
(212, 'FuxiÃ³n Centro de Belleza ', '', '', 'Cra 38 # 24b -116 Avenida Principal Las Margaritas', '2'),
(213, 'Servientrega S.A', '860.512.330-3', '860.512.330-3', 'Av. Call1 6 NÂº 34A-11 Bogota D.C', '5'),
(214, 'Chucho Express', '', '', '', '2'),
(215, 'Alianza  Tour CÃºcuta Ltda. ', '88198729', '', 'Av 0 N 11- 99 Local 105 CÃºcuta', '2'),
(216, 'Juol Julissa Campos Gonzales', '317 7716217', '317 7716217', '', '3'),
(217, 'Gambeta Pizza Club', '13.279.728 -9', '', 'Av. #  16 - 19 La Playa', '2'),
(218, 'Esbelta', '', '', '', '2'),
(219, 'Aportes En Linea', '900147238-2', '900147238-2', '', '5'),
(220, 'Italino Moda y Estilo', '', '5922663', 'Av. 4 NÂº 4an - 30 COLPET', '2'),
(221, 'Proyectos Educativos De CÃºcuta S.A.S ', '807007731 -5', '5896161', '', '2'),
(222, 'Cafetol', '807009711 -7', '', 'Calle 15 NÂº 4-73  Santa Lucia , Toledo', '2'),
(223, 'Decorakasa', '60411856-1', '3204366662 /5779875', 'AV. 9 EN 6 -50 Local 1 La Riviera ', '2'),
(224, 'Arrocera el ParaÃ­so ', '', '', '', '2'),
(225, 'Carolina Rugeles', '60397374', '', '', '2'),
(226, 'Esbelt Medical SPA S.A.S', '900474079-1', '5893209', 'CLL 7 # 9E-22 Local 1', '2'),
(227, 'Brandon Alexis Lindarte Sanchez', '1090478855', '1090478855', '', '3'),
(228, 'Hilia Jalaf', '', '', '', '2'),
(229, 'Lisbeth Jimena Camacho Cuellar', '1090459004', '1090459004', '', '3'),
(230, 'Eimer PiÃ±eros', '1093747827', '1093747827', '', '5'),
(231, 'Milla Patricia Romero Soto', '', '', 'Calle 15 # 2E - 50 Caobos', '2'),
(232, 'Hielos CÃºcuta Ltda', '800.158.137-1', '800.158.137-1', 'Av. 11E # 2N - 10 Barrio Govika ', '5'),
(233, 'Go Daddy ', 'az85260', 'az85260', '', '4'),
(234, 'VidrerÃ­a CÃºcuta', '13.171.261 -6', '13.171.261 -6', 'Callae 7 # 8 -39 ', '5'),
(235, 'Margeris Tatiana Barreto BuenaÃ±o', '1090.466.931', '1090.466.931', '', '3'),
(236, 'Celujapon Accesorios', '320 7181740', '320 7181740', 'C.C Alejandria  Local 138', '5'),
(237, 'Distribuidora Y & T', '88268272', '', 'Av. 6 NÂª 9-50 Local 49 C.C San JosÃ©', '2'),
(238, 'Olga Quintero', '1232389544', '577 3558', 'Av. 9E # 2-84 Quinta Oriental', '2'),
(239, 'Enlaces - GloriaPardo', '52094996', '', 'cll 10A # 4E-15 Casa 9 Conjunto el     - La Riviera', '2'),
(240, 'Aguas Kapital', '900.080.956 - 2', '900.080.956 - 2', '', '5'),
(241, 'Aceite Cristal', '88241353-9', '5813816', 'Av. 5 NÂº 15-45 Barrio el Salado ', '2'),
(242, 'Olga Parra Mujeres y arte', '51587804', '', '', '2');

--
-- Restricciones para tablas volcadas
--

--
-- Filtros para la tabla `abonob`
--
ALTER TABLE `abonob`
  ADD CONSTRAINT `abonob_ibfk_1` FOREIGN KEY (`id_plan_sg`) REFERENCES `seguimiento` (`id_seguimineto`) ON DELETE CASCADE ON UPDATE CASCADE,
  ADD CONSTRAINT `abonob_ibfk_2` FOREIGN KEY (`clien_abono`) REFERENCES `empresas` (`id_empresa`) ON DELETE CASCADE ON UPDATE CASCADE;

--
-- Filtros para la tabla `comentario_evento`
--
ALTER TABLE `comentario_evento`
  ADD CONSTRAINT `comentario_evento_ibfk_1` FOREIGN KEY (`evet_id`) REFERENCES `evento` (`event_id`) ON DELETE CASCADE ON UPDATE CASCADE,
  ADD CONSTRAINT `comentario_evento_ibfk_2` FOREIGN KEY (`aut_id`) REFERENCES `administrador` (`id_admin`) ON DELETE CASCADE ON UPDATE CASCADE;

--
-- Filtros para la tabla `corr_corp`
--
ALTER TABLE `corr_corp`
  ADD CONSTRAINT `corr_corp_ibfk_1` FOREIGN KEY (`empre_id`) REFERENCES `empresas` (`id_empresa`) ON DELETE CASCADE ON UPDATE CASCADE;

--
-- Filtros para la tabla `costos`
--
ALTER TABLE `costos`
  ADD CONSTRAINT `costos_ibfk_1` FOREIGN KEY (`terc_prov_id`) REFERENCES `proveedores` (`id_proveedor`) ON DELETE CASCADE ON UPDATE CASCADE,
  ADD CONSTRAINT `costos_ibfk_2` FOREIGN KEY (`idadP_cost`) REFERENCES `administrador` (`id_admin`) ON DELETE CASCADE ON UPDATE CASCADE;

--
-- Filtros para la tabla `depart_ciudad`
--
ALTER TABLE `depart_ciudad`
  ADD CONSTRAINT `depart_ciudad_ibfk_1` FOREIGN KEY (`Dpart_id`) REFERENCES `departamento` (`id_depart`) ON DELETE CASCADE ON UPDATE CASCADE,
  ADD CONSTRAINT `depart_ciudad_ibfk_2` FOREIGN KEY (`ciudad_id`) REFERENCES `ciudad` (`id_ciudad`) ON DELETE CASCADE ON UPDATE CASCADE;

--
-- Filtros para la tabla `empresas`
--
ALTER TABLE `empresas`
  ADD CONSTRAINT `empresas_ibfk_1` FOREIGN KEY (`usuario_id`) REFERENCES `clientes` (`id_usuario`) ON DELETE CASCADE ON UPDATE CASCADE,
  ADD CONSTRAINT `empresas_ibfk_2` FOREIGN KEY (`pais_emp`) REFERENCES `pais` (`id_pais`) ON DELETE CASCADE ON UPDATE CASCADE,
  ADD CONSTRAINT `empresas_ibfk_3` FOREIGN KEY (`depart_emp`) REFERENCES `departamento` (`id_depart`) ON DELETE CASCADE ON UPDATE CASCADE,
  ADD CONSTRAINT `empresas_ibfk_4` FOREIGN KEY (`ciudad_emp`) REFERENCES `ciudad` (`id_ciudad`) ON DELETE CASCADE ON UPDATE CASCADE;

--
-- Filtros para la tabla `imagenes_event`
--
ALTER TABLE `imagenes_event`
  ADD CONSTRAINT `imagenes_event_ibfk_1` FOREIGN KEY (`evet_id`) REFERENCES `evento` (`event_id`) ON DELETE CASCADE ON UPDATE CASCADE;

--
-- Filtros para la tabla `indicador`
--
ALTER TABLE `indicador`
  ADD CONSTRAINT `indicador_ibfk_1` FOREIGN KEY (`admin_id`) REFERENCES `administrador` (`id_admin`) ON DELETE CASCADE ON UPDATE CASCADE;

--
-- Filtros para la tabla `metab`
--
ALTER TABLE `metab`
  ADD CONSTRAINT `metab_ibfk_1` FOREIGN KEY (`direc_id`) REFERENCES `direcionador` (`id_direcion`) ON DELETE CASCADE ON UPDATE CASCADE;

--
-- Filtros para la tabla `metas`
--
ALTER TABLE `metas`
  ADD CONSTRAINT `metas_ibfk_1` FOREIGN KEY (`depart_metas`) REFERENCES `departamento` (`id_depart`) ON DELETE CASCADE ON UPDATE CASCADE;

--
-- Filtros para la tabla `pagos`
--
ALTER TABLE `pagos`
  ADD CONSTRAINT `pagos_ibfk_1` FOREIGN KEY (`terceros_id`) REFERENCES `terceros` (`id_tercer`) ON DELETE CASCADE ON UPDATE CASCADE,
  ADD CONSTRAINT `pagos_ibfk_2` FOREIGN KEY (`idadP`) REFERENCES `administrador` (`id_admin`) ON DELETE CASCADE ON UPDATE CASCADE;

--
-- Filtros para la tabla `pais_depart`
--
ALTER TABLE `pais_depart`
  ADD CONSTRAINT `pais_depart_ibfk_1` FOREIGN KEY (`pais_id`) REFERENCES `pais` (`id_pais`) ON DELETE CASCADE ON UPDATE CASCADE,
  ADD CONSTRAINT `pais_depart_ibfk_2` FOREIGN KEY (`depart_id`) REFERENCES `departamento` (`id_depart`) ON DELETE CASCADE ON UPDATE CASCADE;

--
-- Filtros para la tabla `planes`
--
ALTER TABLE `planes`
  ADD CONSTRAINT `planes_ibfk_1` FOREIGN KEY (`proveedor_idpl`) REFERENCES `proveedores` (`id_proveedor`) ON DELETE CASCADE ON UPDATE CASCADE;

--
-- Filtros para la tabla `recibo`
--
ALTER TABLE `recibo`
  ADD CONSTRAINT `recibo_ibfk_1` FOREIGN KEY (`empre_id`) REFERENCES `empresas` (`id_empresa`) ON DELETE CASCADE ON UPDATE CASCADE;

--
-- Filtros para la tabla `seguimiento`
--
ALTER TABLE `seguimiento`
  ADD CONSTRAINT `seguimiento_ibfk_1` FOREIGN KEY (`empre_id_seg`) REFERENCES `empresas` (`id_empresa`) ON DELETE CASCADE ON UPDATE CASCADE,
  ADD CONSTRAINT `seguimiento_ibfk_5` FOREIGN KEY (`plan_id_seg`) REFERENCES `planes` (`id_plan`) ON DELETE CASCADE ON UPDATE CASCADE,
  ADD CONSTRAINT `seguimiento_ibfk_6` FOREIGN KEY (`redirec_id`) REFERENCES `direcionador` (`id_direcion`) ON DELETE CASCADE ON UPDATE CASCADE,
  ADD CONSTRAINT `seguimiento_ibfk_7` FOREIGN KEY (`id_provee`) REFERENCES `proveedores` (`id_proveedor`) ON DELETE CASCADE ON UPDATE CASCADE;

--
-- Filtros para la tabla `tareas`
--
ALTER TABLE `tareas`
  ADD CONSTRAINT `tareas_ibfk_1` FOREIGN KEY (`admin_id`) REFERENCES `administrador` (`id_admin`) ON DELETE CASCADE ON UPDATE CASCADE,
  ADD CONSTRAINT `tareas_ibfk_2` FOREIGN KEY (`segui_id`) REFERENCES `seguimiento` (`id_seguimineto`) ON DELETE CASCADE ON UPDATE CASCADE;

/*!40101 SET CHARACTER_SET_CLIENT=@OLD_CHARACTER_SET_CLIENT */;
/*!40101 SET CHARACTER_SET_RESULTS=@OLD_CHARACTER_SET_RESULTS */;
/*!40101 SET COLLATION_CONNECTION=@OLD_COLLATION_CONNECTION */;
